###############################################################
#  Generated by:      Cadence Innovus 25.10-p002_1
#  OS:                Linux x86_64(Host ID lnx60)
#  Generated on:      Sun Jun 28 10:06:23 2026
#  Design:            gaussian_filter
#  Command:           report_timing \
#    -late  \
#    -max_paths 200 \
#    -path_type full_clock \
#    > /home/niorr/FPT_Bulbasaurs/physical_design/results/gaussian/reports/hold_paths.rpt
###############################################################
Path 1: MET Late External Delay Assertion 
Endpoint:   o_vsync (v) checked with  leading edge of 'clk'
Beginpoint: i_vsync (v) triggered by  leading edge of 'clk'
Path Groups: {clk}
Analysis View: all
Other End Arrival Time          0.000
- External Delay                1.000
+ Phase Shift                   4.000
= Required Time                 3.000
- Arrival Time                  1.036
= Slack Time                    1.964
     Clock Rise Edge                      0.000
     + Input Delay                        1.000
     = Beginpoint Arrival Time            1.000
     +----------------------------------------------------------+ 
     | Instance |    Arc    | Cell | Delay | Arrival | Required | 
     |          |           |      |       |  Time   |   Time   | 
     |----------+-----------+------+-------+---------+----------| 
     |          | i_vsync v |      |       |   1.000 |    2.964 | 
     |          | o_vsync v |      | 0.036 |   1.036 |    3.000 | 
     +----------------------------------------------------------+ 
Path 2: MET Setup Check with Pin line_buff_1_reg[204][4]/CK 
Endpoint:   line_buff_1_reg[204][4]/SE (v) checked with  leading edge of 'clk'
Beginpoint: i_href                     (^) triggered by  leading edge of 'clk'
Path Groups: {clk}
Analysis View: all
Other End Arrival Time          0.123
- Setup                         0.278
+ Phase Shift                   4.000
= Required Time                 3.845
- Arrival Time                  1.712
= Slack Time                    2.133
     Clock Rise Edge                      0.000
     + Input Delay                        1.000
     = Beginpoint Arrival Time            1.000
     Timing Path:
     +-------------------------------------------------------------------------------+ 
     |        Instance         |     Arc     |   Cell   | Delay | Arrival | Required | 
     |                         |             |          |       |  Time   |   Time   | 
     |-------------------------+-------------+----------+-------+---------+----------| 
     |                         | i_href ^    |          |       |   1.000 |    3.133 | 
     | g79753                  | A ^ -> Y v  | INVX1    | 0.045 |   1.045 |    3.179 | 
     | g79726                  | B v -> Y ^  | NOR2X1   | 0.033 |   1.078 |    3.211 | 
     | g79692                  | B ^ -> Y v  | NAND2X1  | 0.026 |   1.104 |    3.237 | 
     | g79814                  | AN v -> Y v | NAND2BX1 | 0.025 |   1.129 |    3.262 | 
     | FE_OFC885_n_4           | A v -> Y ^  | INVX1    | 0.063 |   1.192 |    3.325 | 
     | FE_OFC1204_n_4          | A ^ -> Y v  | INVX1    | 0.128 |   1.319 |    3.453 | 
     | g79569                  | B v -> Y ^  | NOR2X1   | 0.128 |   1.447 |    3.580 | 
     | FE_OFC690_n_149         | A ^ -> Y ^  | BUFX2    | 0.116 |   1.563 |    3.697 | 
     | g79209                  | B ^ -> Y v  | NAND2X1  | 0.148 |   1.712 |    3.845 | 
     | line_buff_1_reg[204][4] | SE v        | SDFFQX1  | 0.000 |   1.712 |    3.845 | 
     +-------------------------------------------------------------------------------+ 
     Clock Rise Edge                      0.000
     + Source Insertion Delay            -0.257
     = Beginpoint Arrival Time           -0.257
     Other End Path:
     +-------------------------------------------------------------------------------+ 
     |        Instance         |    Arc     |   Cell    | Delay | Arrival | Required | 
     |                         |            |           |       |  Time   |   Time   | 
     |-------------------------+------------+-----------+-------+---------+----------| 
     |                         | clk ^      |           |       |  -0.257 |   -2.391 | 
     | CTS_ccl_a_buf_00160     | A ^ -> Y ^ | CLKBUFX20 | 0.180 |  -0.077 |   -2.211 | 
     | CTS_ccl_a_buf_00114     | A ^ -> Y ^ | CLKBUFX6  | 0.199 |   0.122 |   -2.012 | 
     | line_buff_1_reg[204][4] | CK ^       | SDFFQX1   | 0.002 |   0.123 |   -2.010 | 
     +-------------------------------------------------------------------------------+ 
Path 3: MET Setup Check with Pin line_buff_1_reg[204][1]/CK 
Endpoint:   line_buff_1_reg[204][1]/SE (v) checked with  leading edge of 'clk'
Beginpoint: i_href                     (^) triggered by  leading edge of 'clk'
Path Groups: {clk}
Analysis View: all
Other End Arrival Time          0.123
- Setup                         0.278
+ Phase Shift                   4.000
= Required Time                 3.845
- Arrival Time                  1.712
= Slack Time                    2.133
     Clock Rise Edge                      0.000
     + Input Delay                        1.000
     = Beginpoint Arrival Time            1.000
     Timing Path:
     +-------------------------------------------------------------------------------+ 
     |        Instance         |     Arc     |   Cell   | Delay | Arrival | Required | 
     |                         |             |          |       |  Time   |   Time   | 
     |-------------------------+-------------+----------+-------+---------+----------| 
     |                         | i_href ^    |          |       |   1.000 |    3.133 | 
     | g79753                  | A ^ -> Y v  | INVX1    | 0.045 |   1.045 |    3.179 | 
     | g79726                  | B v -> Y ^  | NOR2X1   | 0.033 |   1.078 |    3.211 | 
     | g79692                  | B ^ -> Y v  | NAND2X1  | 0.026 |   1.104 |    3.237 | 
     | g79814                  | AN v -> Y v | NAND2BX1 | 0.025 |   1.129 |    3.262 | 
     | FE_OFC885_n_4           | A v -> Y ^  | INVX1    | 0.063 |   1.192 |    3.325 | 
     | FE_OFC1204_n_4          | A ^ -> Y v  | INVX1    | 0.128 |   1.319 |    3.453 | 
     | g79569                  | B v -> Y ^  | NOR2X1   | 0.128 |   1.447 |    3.580 | 
     | FE_OFC690_n_149         | A ^ -> Y ^  | BUFX2    | 0.116 |   1.563 |    3.697 | 
     | g79209                  | B ^ -> Y v  | NAND2X1  | 0.148 |   1.712 |    3.845 | 
     | line_buff_1_reg[204][1] | SE v        | SDFFQX1  | 0.000 |   1.712 |    3.845 | 
     +-------------------------------------------------------------------------------+ 
     Clock Rise Edge                      0.000
     + Source Insertion Delay            -0.257
     = Beginpoint Arrival Time           -0.257
     Other End Path:
     +-------------------------------------------------------------------------------+ 
     |        Instance         |    Arc     |   Cell    | Delay | Arrival | Required | 
     |                         |            |           |       |  Time   |   Time   | 
     |-------------------------+------------+-----------+-------+---------+----------| 
     |                         | clk ^      |           |       |  -0.257 |   -2.391 | 
     | CTS_ccl_a_buf_00160     | A ^ -> Y ^ | CLKBUFX20 | 0.180 |  -0.077 |   -2.211 | 
     | CTS_ccl_a_buf_00114     | A ^ -> Y ^ | CLKBUFX6  | 0.199 |   0.122 |   -2.012 | 
     | line_buff_1_reg[204][1] | CK ^       | SDFFQX1   | 0.002 |   0.123 |   -2.010 | 
     +-------------------------------------------------------------------------------+ 
Path 4: MET Setup Check with Pin line_buff_0_reg[204][1]/CK 
Endpoint:   line_buff_0_reg[204][1]/SE (v) checked with  leading edge of 'clk'
Beginpoint: i_href                     (^) triggered by  leading edge of 'clk'
Path Groups: {clk}
Analysis View: all
Other End Arrival Time          0.127
- Setup                         0.277
+ Phase Shift                   4.000
= Required Time                 3.849
- Arrival Time                  1.712
= Slack Time                    2.137
     Clock Rise Edge                      0.000
     + Input Delay                        1.000
     = Beginpoint Arrival Time            1.000
     Timing Path:
     +-------------------------------------------------------------------------------+ 
     |        Instance         |     Arc     |   Cell   | Delay | Arrival | Required | 
     |                         |             |          |       |  Time   |   Time   | 
     |-------------------------+-------------+----------+-------+---------+----------| 
     |                         | i_href ^    |          |       |   1.000 |    3.137 | 
     | g79753                  | A ^ -> Y v  | INVX1    | 0.045 |   1.045 |    3.183 | 
     | g79726                  | B v -> Y ^  | NOR2X1   | 0.033 |   1.078 |    3.215 | 
     | g79692                  | B ^ -> Y v  | NAND2X1  | 0.026 |   1.104 |    3.241 | 
     | g79814                  | AN v -> Y v | NAND2BX1 | 0.025 |   1.129 |    3.266 | 
     | FE_OFC885_n_4           | A v -> Y ^  | INVX1    | 0.063 |   1.192 |    3.329 | 
     | FE_OFC1204_n_4          | A ^ -> Y v  | INVX1    | 0.128 |   1.319 |    3.456 | 
     | g79569                  | B v -> Y ^  | NOR2X1   | 0.128 |   1.447 |    3.584 | 
     | FE_OFC690_n_149         | A ^ -> Y ^  | BUFX2    | 0.116 |   1.563 |    3.700 | 
     | g79209                  | B ^ -> Y v  | NAND2X1  | 0.148 |   1.712 |    3.849 | 
     | line_buff_0_reg[204][1] | SE v        | SDFFQX1  | 0.000 |   1.712 |    3.849 | 
     +-------------------------------------------------------------------------------+ 
     Clock Rise Edge                      0.000
     + Source Insertion Delay            -0.257
     = Beginpoint Arrival Time           -0.257
     Other End Path:
     +-------------------------------------------------------------------------------+ 
     |        Instance         |    Arc     |   Cell    | Delay | Arrival | Required | 
     |                         |            |           |       |  Time   |   Time   | 
     |-------------------------+------------+-----------+-------+---------+----------| 
     |                         | clk ^      |           |       |  -0.257 |   -2.395 | 
     | CTS_ccl_a_buf_00160     | A ^ -> Y ^ | CLKBUFX20 | 0.180 |  -0.077 |   -2.214 | 
     | CTS_ccl_a_buf_00109     | A ^ -> Y ^ | CLKBUFX6  | 0.201 |   0.124 |   -2.013 | 
     | line_buff_0_reg[204][1] | CK ^       | SDFFQX1   | 0.002 |   0.127 |   -2.010 | 
     +-------------------------------------------------------------------------------+ 
Path 5: MET Setup Check with Pin line_buff_1_reg[204][5]/CK 
Endpoint:   line_buff_1_reg[204][5]/SE (v) checked with  leading edge of 'clk'
Beginpoint: i_href                     (^) triggered by  leading edge of 'clk'
Path Groups: {clk}
Analysis View: all
Other End Arrival Time          0.127
- Setup                         0.277
+ Phase Shift                   4.000
= Required Time                 3.849
- Arrival Time                  1.712
= Slack Time                    2.137
     Clock Rise Edge                      0.000
     + Input Delay                        1.000
     = Beginpoint Arrival Time            1.000
     Timing Path:
     +-------------------------------------------------------------------------------+ 
     |        Instance         |     Arc     |   Cell   | Delay | Arrival | Required | 
     |                         |             |          |       |  Time   |   Time   | 
     |-------------------------+-------------+----------+-------+---------+----------| 
     |                         | i_href ^    |          |       |   1.000 |    3.137 | 
     | g79753                  | A ^ -> Y v  | INVX1    | 0.045 |   1.045 |    3.183 | 
     | g79726                  | B v -> Y ^  | NOR2X1   | 0.033 |   1.078 |    3.215 | 
     | g79692                  | B ^ -> Y v  | NAND2X1  | 0.026 |   1.104 |    3.241 | 
     | g79814                  | AN v -> Y v | NAND2BX1 | 0.025 |   1.129 |    3.266 | 
     | FE_OFC885_n_4           | A v -> Y ^  | INVX1    | 0.063 |   1.192 |    3.329 | 
     | FE_OFC1204_n_4          | A ^ -> Y v  | INVX1    | 0.128 |   1.319 |    3.457 | 
     | g79569                  | B v -> Y ^  | NOR2X1   | 0.128 |   1.447 |    3.584 | 
     | FE_OFC690_n_149         | A ^ -> Y ^  | BUFX2    | 0.116 |   1.563 |    3.701 | 
     | g79209                  | B ^ -> Y v  | NAND2X1  | 0.148 |   1.712 |    3.849 | 
     | line_buff_1_reg[204][5] | SE v        | SDFFQX1  | 0.000 |   1.712 |    3.849 | 
     +-------------------------------------------------------------------------------+ 
     Clock Rise Edge                      0.000
     + Source Insertion Delay            -0.257
     = Beginpoint Arrival Time           -0.257
     Other End Path:
     +-------------------------------------------------------------------------------+ 
     |        Instance         |    Arc     |   Cell    | Delay | Arrival | Required | 
     |                         |            |           |       |  Time   |   Time   | 
     |-------------------------+------------+-----------+-------+---------+----------| 
     |                         | clk ^      |           |       |  -0.257 |   -2.395 | 
     | CTS_ccl_a_buf_00160     | A ^ -> Y ^ | CLKBUFX20 | 0.180 |  -0.077 |   -2.214 | 
     | CTS_ccl_a_buf_00109     | A ^ -> Y ^ | CLKBUFX6  | 0.201 |   0.124 |   -2.013 | 
     | line_buff_1_reg[204][5] | CK ^       | SDFFQX1   | 0.002 |   0.127 |   -2.010 | 
     +-------------------------------------------------------------------------------+ 
Path 6: MET Setup Check with Pin line_buff_1_reg[204][2]/CK 
Endpoint:   line_buff_1_reg[204][2]/SE (v) checked with  leading edge of 'clk'
Beginpoint: i_href                     (^) triggered by  leading edge of 'clk'
Path Groups: {clk}
Analysis View: all
Other End Arrival Time          0.127
- Setup                         0.277
+ Phase Shift                   4.000
= Required Time                 3.849
- Arrival Time                  1.712
= Slack Time                    2.137
     Clock Rise Edge                      0.000
     + Input Delay                        1.000
     = Beginpoint Arrival Time            1.000
     Timing Path:
     +-------------------------------------------------------------------------------+ 
     |        Instance         |     Arc     |   Cell   | Delay | Arrival | Required | 
     |                         |             |          |       |  Time   |   Time   | 
     |-------------------------+-------------+----------+-------+---------+----------| 
     |                         | i_href ^    |          |       |   1.000 |    3.137 | 
     | g79753                  | A ^ -> Y v  | INVX1    | 0.045 |   1.045 |    3.183 | 
     | g79726                  | B v -> Y ^  | NOR2X1   | 0.033 |   1.078 |    3.215 | 
     | g79692                  | B ^ -> Y v  | NAND2X1  | 0.026 |   1.104 |    3.241 | 
     | g79814                  | AN v -> Y v | NAND2BX1 | 0.025 |   1.129 |    3.266 | 
     | FE_OFC885_n_4           | A v -> Y ^  | INVX1    | 0.063 |   1.192 |    3.329 | 
     | FE_OFC1204_n_4          | A ^ -> Y v  | INVX1    | 0.128 |   1.319 |    3.457 | 
     | g79569                  | B v -> Y ^  | NOR2X1   | 0.128 |   1.447 |    3.584 | 
     | FE_OFC690_n_149         | A ^ -> Y ^  | BUFX2    | 0.116 |   1.563 |    3.701 | 
     | g79209                  | B ^ -> Y v  | NAND2X1  | 0.148 |   1.712 |    3.849 | 
     | line_buff_1_reg[204][2] | SE v        | SDFFQX1  | 0.000 |   1.712 |    3.849 | 
     +-------------------------------------------------------------------------------+ 
     Clock Rise Edge                      0.000
     + Source Insertion Delay            -0.257
     = Beginpoint Arrival Time           -0.257
     Other End Path:
     +-------------------------------------------------------------------------------+ 
     |        Instance         |    Arc     |   Cell    | Delay | Arrival | Required | 
     |                         |            |           |       |  Time   |   Time   | 
     |-------------------------+------------+-----------+-------+---------+----------| 
     |                         | clk ^      |           |       |  -0.257 |   -2.395 | 
     | CTS_ccl_a_buf_00160     | A ^ -> Y ^ | CLKBUFX20 | 0.180 |  -0.077 |   -2.214 | 
     | CTS_ccl_a_buf_00109     | A ^ -> Y ^ | CLKBUFX6  | 0.201 |   0.124 |   -2.013 | 
     | line_buff_1_reg[204][2] | CK ^       | SDFFQX1   | 0.002 |   0.127 |   -2.010 | 
     +-------------------------------------------------------------------------------+ 
Path 7: MET Setup Check with Pin line_buff_0_reg[204][4]/CK 
Endpoint:   line_buff_0_reg[204][4]/SE (v) checked with  leading edge of 'clk'
Beginpoint: i_href                     (^) triggered by  leading edge of 'clk'
Path Groups: {clk}
Analysis View: all
Other End Arrival Time          0.127
- Setup                         0.277
+ Phase Shift                   4.000
= Required Time                 3.849
- Arrival Time                  1.712
= Slack Time                    2.137
     Clock Rise Edge                      0.000
     + Input Delay                        1.000
     = Beginpoint Arrival Time            1.000
     Timing Path:
     +-------------------------------------------------------------------------------+ 
     |        Instance         |     Arc     |   Cell   | Delay | Arrival | Required | 
     |                         |             |          |       |  Time   |   Time   | 
     |-------------------------+-------------+----------+-------+---------+----------| 
     |                         | i_href ^    |          |       |   1.000 |    3.137 | 
     | g79753                  | A ^ -> Y v  | INVX1    | 0.045 |   1.045 |    3.183 | 
     | g79726                  | B v -> Y ^  | NOR2X1   | 0.033 |   1.078 |    3.215 | 
     | g79692                  | B ^ -> Y v  | NAND2X1  | 0.026 |   1.104 |    3.241 | 
     | g79814                  | AN v -> Y v | NAND2BX1 | 0.025 |   1.129 |    3.266 | 
     | FE_OFC885_n_4           | A v -> Y ^  | INVX1    | 0.063 |   1.192 |    3.329 | 
     | FE_OFC1204_n_4          | A ^ -> Y v  | INVX1    | 0.128 |   1.319 |    3.457 | 
     | g79569                  | B v -> Y ^  | NOR2X1   | 0.128 |   1.447 |    3.584 | 
     | FE_OFC690_n_149         | A ^ -> Y ^  | BUFX2    | 0.116 |   1.563 |    3.701 | 
     | g79209                  | B ^ -> Y v  | NAND2X1  | 0.148 |   1.712 |    3.849 | 
     | line_buff_0_reg[204][4] | SE v        | SDFFQX1  | 0.000 |   1.712 |    3.849 | 
     +-------------------------------------------------------------------------------+ 
     Clock Rise Edge                      0.000
     + Source Insertion Delay            -0.257
     = Beginpoint Arrival Time           -0.257
     Other End Path:
     +-------------------------------------------------------------------------------+ 
     |        Instance         |    Arc     |   Cell    | Delay | Arrival | Required | 
     |                         |            |           |       |  Time   |   Time   | 
     |-------------------------+------------+-----------+-------+---------+----------| 
     |                         | clk ^      |           |       |  -0.257 |   -2.395 | 
     | CTS_ccl_a_buf_00160     | A ^ -> Y ^ | CLKBUFX20 | 0.180 |  -0.077 |   -2.214 | 
     | CTS_ccl_a_buf_00109     | A ^ -> Y ^ | CLKBUFX6  | 0.201 |   0.124 |   -2.013 | 
     | line_buff_0_reg[204][4] | CK ^       | SDFFQX1   | 0.002 |   0.127 |   -2.010 | 
     +-------------------------------------------------------------------------------+ 
Path 8: MET Setup Check with Pin line_buff_0_reg[204][2]/CK 
Endpoint:   line_buff_0_reg[204][2]/SE (v) checked with  leading edge of 'clk'
Beginpoint: i_href                     (^) triggered by  leading edge of 'clk'
Path Groups: {clk}
Analysis View: all
Other End Arrival Time          0.127
- Setup                         0.277
+ Phase Shift                   4.000
= Required Time                 3.849
- Arrival Time                  1.712
= Slack Time                    2.137
     Clock Rise Edge                      0.000
     + Input Delay                        1.000
     = Beginpoint Arrival Time            1.000
     Timing Path:
     +-------------------------------------------------------------------------------+ 
     |        Instance         |     Arc     |   Cell   | Delay | Arrival | Required | 
     |                         |             |          |       |  Time   |   Time   | 
     |-------------------------+-------------+----------+-------+---------+----------| 
     |                         | i_href ^    |          |       |   1.000 |    3.137 | 
     | g79753                  | A ^ -> Y v  | INVX1    | 0.045 |   1.045 |    3.183 | 
     | g79726                  | B v -> Y ^  | NOR2X1   | 0.033 |   1.078 |    3.215 | 
     | g79692                  | B ^ -> Y v  | NAND2X1  | 0.026 |   1.104 |    3.241 | 
     | g79814                  | AN v -> Y v | NAND2BX1 | 0.025 |   1.129 |    3.266 | 
     | FE_OFC885_n_4           | A v -> Y ^  | INVX1    | 0.063 |   1.192 |    3.329 | 
     | FE_OFC1204_n_4          | A ^ -> Y v  | INVX1    | 0.128 |   1.319 |    3.457 | 
     | g79569                  | B v -> Y ^  | NOR2X1   | 0.128 |   1.447 |    3.584 | 
     | FE_OFC690_n_149         | A ^ -> Y ^  | BUFX2    | 0.116 |   1.563 |    3.701 | 
     | g79209                  | B ^ -> Y v  | NAND2X1  | 0.148 |   1.712 |    3.849 | 
     | line_buff_0_reg[204][2] | SE v        | SDFFQX1  | 0.000 |   1.712 |    3.849 | 
     +-------------------------------------------------------------------------------+ 
     Clock Rise Edge                      0.000
     + Source Insertion Delay            -0.257
     = Beginpoint Arrival Time           -0.257
     Other End Path:
     +-------------------------------------------------------------------------------+ 
     |        Instance         |    Arc     |   Cell    | Delay | Arrival | Required | 
     |                         |            |           |       |  Time   |   Time   | 
     |-------------------------+------------+-----------+-------+---------+----------| 
     |                         | clk ^      |           |       |  -0.257 |   -2.395 | 
     | CTS_ccl_a_buf_00160     | A ^ -> Y ^ | CLKBUFX20 | 0.180 |  -0.077 |   -2.214 | 
     | CTS_ccl_a_buf_00109     | A ^ -> Y ^ | CLKBUFX6  | 0.201 |   0.124 |   -2.013 | 
     | line_buff_0_reg[204][2] | CK ^       | SDFFQX1   | 0.002 |   0.127 |   -2.010 | 
     +-------------------------------------------------------------------------------+ 
Path 9: MET Setup Check with Pin line_buff_0_reg[204][3]/CK 
Endpoint:   line_buff_0_reg[204][3]/SE (v) checked with  leading edge of 'clk'
Beginpoint: i_href                     (^) triggered by  leading edge of 'clk'
Path Groups: {clk}
Analysis View: all
Other End Arrival Time          0.127
- Setup                         0.277
+ Phase Shift                   4.000
= Required Time                 3.849
- Arrival Time                  1.712
= Slack Time                    2.137
     Clock Rise Edge                      0.000
     + Input Delay                        1.000
     = Beginpoint Arrival Time            1.000
     Timing Path:
     +-------------------------------------------------------------------------------+ 
     |        Instance         |     Arc     |   Cell   | Delay | Arrival | Required | 
     |                         |             |          |       |  Time   |   Time   | 
     |-------------------------+-------------+----------+-------+---------+----------| 
     |                         | i_href ^    |          |       |   1.000 |    3.137 | 
     | g79753                  | A ^ -> Y v  | INVX1    | 0.045 |   1.045 |    3.183 | 
     | g79726                  | B v -> Y ^  | NOR2X1   | 0.033 |   1.078 |    3.215 | 
     | g79692                  | B ^ -> Y v  | NAND2X1  | 0.026 |   1.104 |    3.241 | 
     | g79814                  | AN v -> Y v | NAND2BX1 | 0.025 |   1.129 |    3.266 | 
     | FE_OFC885_n_4           | A v -> Y ^  | INVX1    | 0.063 |   1.192 |    3.329 | 
     | FE_OFC1204_n_4          | A ^ -> Y v  | INVX1    | 0.128 |   1.319 |    3.457 | 
     | g79569                  | B v -> Y ^  | NOR2X1   | 0.128 |   1.447 |    3.584 | 
     | FE_OFC690_n_149         | A ^ -> Y ^  | BUFX2    | 0.116 |   1.563 |    3.701 | 
     | g79209                  | B ^ -> Y v  | NAND2X1  | 0.148 |   1.712 |    3.849 | 
     | line_buff_0_reg[204][3] | SE v        | SDFFQX1  | 0.000 |   1.712 |    3.849 | 
     +-------------------------------------------------------------------------------+ 
     Clock Rise Edge                      0.000
     + Source Insertion Delay            -0.257
     = Beginpoint Arrival Time           -0.257
     Other End Path:
     +-------------------------------------------------------------------------------+ 
     |        Instance         |    Arc     |   Cell    | Delay | Arrival | Required | 
     |                         |            |           |       |  Time   |   Time   | 
     |-------------------------+------------+-----------+-------+---------+----------| 
     |                         | clk ^      |           |       |  -0.257 |   -2.395 | 
     | CTS_ccl_a_buf_00160     | A ^ -> Y ^ | CLKBUFX20 | 0.180 |  -0.077 |   -2.215 | 
     | CTS_ccl_a_buf_00109     | A ^ -> Y ^ | CLKBUFX6  | 0.201 |   0.124 |   -2.013 | 
     | line_buff_0_reg[204][3] | CK ^       | SDFFQX1   | 0.002 |   0.127 |   -2.011 | 
     +-------------------------------------------------------------------------------+ 
Path 10: MET Setup Check with Pin line_buff_0_reg[428][0]/CK 
Endpoint:   line_buff_0_reg[428][0]/SE (^) checked with  leading edge of 'clk'
Beginpoint: i_href                     (^) triggered by  leading edge of 'clk'
Path Groups: {clk}
Analysis View: all
Other End Arrival Time          0.123
- Setup                         0.275
+ Phase Shift                   4.000
= Required Time                 3.848
- Arrival Time                  1.709
= Slack Time                    2.139
     Clock Rise Edge                      0.000
     + Input Delay                        1.000
     = Beginpoint Arrival Time            1.000
     Timing Path:
     +-------------------------------------------------------------------------------+ 
     |        Instance         |     Arc     |   Cell   | Delay | Arrival | Required | 
     |                         |             |          |       |  Time   |   Time   | 
     |-------------------------+-------------+----------+-------+---------+----------| 
     |                         | i_href ^    |          |       |   1.000 |    3.139 | 
     | g79753                  | A ^ -> Y v  | INVX1    | 0.045 |   1.045 |    3.184 | 
     | g79726                  | B v -> Y ^  | NOR2X1   | 0.033 |   1.078 |    3.217 | 
     | g79692                  | B ^ -> Y v  | NAND2X1  | 0.026 |   1.104 |    3.242 | 
     | g79814                  | AN v -> Y v | NAND2BX1 | 0.025 |   1.129 |    3.268 | 
     | FE_OFC885_n_4           | A v -> Y ^  | INVX1    | 0.063 |   1.192 |    3.330 | 
     | g79571                  | B ^ -> Y v  | NAND2X1  | 0.142 |   1.334 |    3.472 | 
     | FE_OFC1168_n_146        | A v -> Y ^  | INVX1    | 0.139 |   1.472 |    3.611 | 
     | FE_OFC1169_n_146        | A ^ -> Y v  | INVX1    | 0.099 |   1.571 |    3.710 | 
     | g79502                  | B v -> Y ^  | NOR2X1   | 0.138 |   1.709 |    3.848 | 
     | line_buff_0_reg[428][0] | SE ^        | SDFFQX1  | 0.000 |   1.709 |    3.848 | 
     +-------------------------------------------------------------------------------+ 
     Clock Rise Edge                      0.000
     + Source Insertion Delay            -0.257
     = Beginpoint Arrival Time           -0.257
     Other End Path:
     +-------------------------------------------------------------------------------+ 
     |        Instance         |    Arc     |   Cell    | Delay | Arrival | Required | 
     |                         |            |           |       |  Time   |   Time   | 
     |-------------------------+------------+-----------+-------+---------+----------| 
     |                         | clk ^      |           |       |  -0.257 |   -2.396 | 
     | CTS_ccl_a_buf_00160     | A ^ -> Y ^ | CLKBUFX20 | 0.180 |  -0.077 |   -2.216 | 
     | CTS_ccl_a_buf_00036     | A ^ -> Y ^ | CLKBUFX6  | 0.199 |   0.122 |   -2.017 | 
     | line_buff_0_reg[428][0] | CK ^       | SDFFQX1   | 0.001 |   0.123 |   -2.016 | 
     +-------------------------------------------------------------------------------+ 
Path 11: MET Setup Check with Pin line_buff_1_reg[172][3]/CK 
Endpoint:   line_buff_1_reg[172][3]/SE (v) checked with  leading edge of 'clk'
Beginpoint: i_href                     (^) triggered by  leading edge of 'clk'
Path Groups: {clk}
Analysis View: all
Other End Arrival Time          0.127
- Setup                         0.276
+ Phase Shift                   4.000
= Required Time                 3.851
- Arrival Time                  1.711
= Slack Time                    2.139
     Clock Rise Edge                      0.000
     + Input Delay                        1.000
     = Beginpoint Arrival Time            1.000
     Timing Path:
     +-------------------------------------------------------------------------------+ 
     |        Instance         |     Arc     |   Cell   | Delay | Arrival | Required | 
     |                         |             |          |       |  Time   |   Time   | 
     |-------------------------+-------------+----------+-------+---------+----------| 
     |                         | i_href ^    |          |       |   1.000 |    3.139 | 
     | g79753                  | A ^ -> Y v  | INVX1    | 0.045 |   1.045 |    3.185 | 
     | g79726                  | B v -> Y ^  | NOR2X1   | 0.033 |   1.078 |    3.217 | 
     | g79692                  | B ^ -> Y v  | NAND2X1  | 0.026 |   1.104 |    3.243 | 
     | g79814                  | AN v -> Y v | NAND2BX1 | 0.025 |   1.129 |    3.268 | 
     | FE_OFC885_n_4           | A v -> Y ^  | INVX1    | 0.063 |   1.192 |    3.331 | 
     | FE_OFC1204_n_4          | A ^ -> Y v  | INVX1    | 0.128 |   1.319 |    3.459 | 
     | g79569                  | B v -> Y ^  | NOR2X1   | 0.128 |   1.447 |    3.586 | 
     | FE_OFC690_n_149         | A ^ -> Y ^  | BUFX2    | 0.116 |   1.563 |    3.703 | 
     | g79201                  | B ^ -> Y v  | NAND2X1  | 0.148 |   1.711 |    3.850 | 
     | line_buff_1_reg[172][3] | SE v        | SDFFQX1  | 0.000 |   1.711 |    3.851 | 
     +-------------------------------------------------------------------------------+ 
     Clock Rise Edge                      0.000
     + Source Insertion Delay            -0.257
     = Beginpoint Arrival Time           -0.257
     Other End Path:
     +-------------------------------------------------------------------------------+ 
     |        Instance         |    Arc     |   Cell    | Delay | Arrival | Required | 
     |                         |            |           |       |  Time   |   Time   | 
     |-------------------------+------------+-----------+-------+---------+----------| 
     |                         | clk ^      |           |       |  -0.257 |   -2.397 | 
     | CTS_ccl_a_buf_00160     | A ^ -> Y ^ | CLKBUFX20 | 0.180 |  -0.077 |   -2.216 | 
     | CTS_ccl_a_buf_00143     | A ^ -> Y ^ | CLKBUFX6  | 0.203 |   0.125 |   -2.014 | 
     | line_buff_1_reg[172][3] | CK ^       | SDFFQX1   | 0.002 |   0.127 |   -2.012 | 
     +-------------------------------------------------------------------------------+ 
Path 12: MET Setup Check with Pin line_buff_1_reg[428][4]/CK 
Endpoint:   line_buff_1_reg[428][4]/SE (^) checked with  leading edge of 'clk'
Beginpoint: i_href                     (^) triggered by  leading edge of 'clk'
Path Groups: {clk}
Analysis View: all
Other End Arrival Time          0.124
- Setup                         0.275
+ Phase Shift                   4.000
= Required Time                 3.848
- Arrival Time                  1.709
= Slack Time                    2.139
     Clock Rise Edge                      0.000
     + Input Delay                        1.000
     = Beginpoint Arrival Time            1.000
     Timing Path:
     +-------------------------------------------------------------------------------+ 
     |        Instance         |     Arc     |   Cell   | Delay | Arrival | Required | 
     |                         |             |          |       |  Time   |   Time   | 
     |-------------------------+-------------+----------+-------+---------+----------| 
     |                         | i_href ^    |          |       |   1.000 |    3.139 | 
     | g79753                  | A ^ -> Y v  | INVX1    | 0.045 |   1.045 |    3.185 | 
     | g79726                  | B v -> Y ^  | NOR2X1   | 0.033 |   1.078 |    3.217 | 
     | g79692                  | B ^ -> Y v  | NAND2X1  | 0.026 |   1.104 |    3.243 | 
     | g79814                  | AN v -> Y v | NAND2BX1 | 0.025 |   1.129 |    3.268 | 
     | FE_OFC885_n_4           | A v -> Y ^  | INVX1    | 0.063 |   1.192 |    3.331 | 
     | g79571                  | B ^ -> Y v  | NAND2X1  | 0.142 |   1.333 |    3.473 | 
     | FE_OFC1168_n_146        | A v -> Y ^  | INVX1    | 0.139 |   1.472 |    3.612 | 
     | FE_OFC1169_n_146        | A ^ -> Y v  | INVX1    | 0.099 |   1.571 |    3.711 | 
     | g79502                  | B v -> Y ^  | NOR2X1   | 0.138 |   1.709 |    3.848 | 
     | line_buff_1_reg[428][4] | SE ^        | SDFFQX1  | 0.000 |   1.709 |    3.848 | 
     +-------------------------------------------------------------------------------+ 
     Clock Rise Edge                      0.000
     + Source Insertion Delay            -0.257
     = Beginpoint Arrival Time           -0.257
     Other End Path:
     +-------------------------------------------------------------------------------+ 
     |        Instance         |    Arc     |   Cell    | Delay | Arrival | Required | 
     |                         |            |           |       |  Time   |   Time   | 
     |-------------------------+------------+-----------+-------+---------+----------| 
     |                         | clk ^      |           |       |  -0.257 |   -2.397 | 
     | CTS_ccl_a_buf_00160     | A ^ -> Y ^ | CLKBUFX20 | 0.180 |  -0.077 |   -2.216 | 
     | CTS_ccl_a_buf_00036     | A ^ -> Y ^ | CLKBUFX6  | 0.199 |   0.122 |   -2.017 | 
     | line_buff_1_reg[428][4] | CK ^       | SDFFQX1   | 0.002 |   0.124 |   -2.016 | 
     +-------------------------------------------------------------------------------+ 
Path 13: MET Setup Check with Pin line_buff_0_reg[428][4]/CK 
Endpoint:   line_buff_0_reg[428][4]/SE (^) checked with  leading edge of 'clk'
Beginpoint: i_href                     (^) triggered by  leading edge of 'clk'
Path Groups: {clk}
Analysis View: all
Other End Arrival Time          0.124
- Setup                         0.275
+ Phase Shift                   4.000
= Required Time                 3.848
- Arrival Time                  1.709
= Slack Time                    2.139
     Clock Rise Edge                      0.000
     + Input Delay                        1.000
     = Beginpoint Arrival Time            1.000
     Timing Path:
     +-------------------------------------------------------------------------------+ 
     |        Instance         |     Arc     |   Cell   | Delay | Arrival | Required | 
     |                         |             |          |       |  Time   |   Time   | 
     |-------------------------+-------------+----------+-------+---------+----------| 
     |                         | i_href ^    |          |       |   1.000 |    3.139 | 
     | g79753                  | A ^ -> Y v  | INVX1    | 0.045 |   1.045 |    3.185 | 
     | g79726                  | B v -> Y ^  | NOR2X1   | 0.033 |   1.078 |    3.217 | 
     | g79692                  | B ^ -> Y v  | NAND2X1  | 0.026 |   1.104 |    3.243 | 
     | g79814                  | AN v -> Y v | NAND2BX1 | 0.025 |   1.129 |    3.268 | 
     | FE_OFC885_n_4           | A v -> Y ^  | INVX1    | 0.063 |   1.192 |    3.331 | 
     | g79571                  | B ^ -> Y v  | NAND2X1  | 0.142 |   1.333 |    3.473 | 
     | FE_OFC1168_n_146        | A v -> Y ^  | INVX1    | 0.139 |   1.472 |    3.612 | 
     | FE_OFC1169_n_146        | A ^ -> Y v  | INVX1    | 0.099 |   1.571 |    3.711 | 
     | g79502                  | B v -> Y ^  | NOR2X1   | 0.138 |   1.709 |    3.848 | 
     | line_buff_0_reg[428][4] | SE ^        | SDFFQX1  | 0.000 |   1.709 |    3.848 | 
     +-------------------------------------------------------------------------------+ 
     Clock Rise Edge                      0.000
     + Source Insertion Delay            -0.257
     = Beginpoint Arrival Time           -0.257
     Other End Path:
     +-------------------------------------------------------------------------------+ 
     |        Instance         |    Arc     |   Cell    | Delay | Arrival | Required | 
     |                         |            |           |       |  Time   |   Time   | 
     |-------------------------+------------+-----------+-------+---------+----------| 
     |                         | clk ^      |           |       |  -0.257 |   -2.397 | 
     | CTS_ccl_a_buf_00160     | A ^ -> Y ^ | CLKBUFX20 | 0.180 |  -0.077 |   -2.216 | 
     | CTS_ccl_a_buf_00036     | A ^ -> Y ^ | CLKBUFX6  | 0.199 |   0.122 |   -2.017 | 
     | line_buff_0_reg[428][4] | CK ^       | SDFFQX1   | 0.002 |   0.124 |   -2.016 | 
     +-------------------------------------------------------------------------------+ 
Path 14: MET Setup Check with Pin line_buff_1_reg[172][5]/CK 
Endpoint:   line_buff_1_reg[172][5]/SE (v) checked with  leading edge of 'clk'
Beginpoint: i_href                     (^) triggered by  leading edge of 'clk'
Path Groups: {clk}
Analysis View: all
Other End Arrival Time          0.127
- Setup                         0.276
+ Phase Shift                   4.000
= Required Time                 3.851
- Arrival Time                  1.711
= Slack Time                    2.139
     Clock Rise Edge                      0.000
     + Input Delay                        1.000
     = Beginpoint Arrival Time            1.000
     Timing Path:
     +-------------------------------------------------------------------------------+ 
     |        Instance         |     Arc     |   Cell   | Delay | Arrival | Required | 
     |                         |             |          |       |  Time   |   Time   | 
     |-------------------------+-------------+----------+-------+---------+----------| 
     |                         | i_href ^    |          |       |   1.000 |    3.139 | 
     | g79753                  | A ^ -> Y v  | INVX1    | 0.045 |   1.045 |    3.185 | 
     | g79726                  | B v -> Y ^  | NOR2X1   | 0.033 |   1.078 |    3.217 | 
     | g79692                  | B ^ -> Y v  | NAND2X1  | 0.026 |   1.104 |    3.243 | 
     | g79814                  | AN v -> Y v | NAND2BX1 | 0.025 |   1.129 |    3.268 | 
     | FE_OFC885_n_4           | A v -> Y ^  | INVX1    | 0.063 |   1.192 |    3.331 | 
     | FE_OFC1204_n_4          | A ^ -> Y v  | INVX1    | 0.128 |   1.319 |    3.459 | 
     | g79569                  | B v -> Y ^  | NOR2X1   | 0.128 |   1.447 |    3.586 | 
     | FE_OFC690_n_149         | A ^ -> Y ^  | BUFX2    | 0.116 |   1.563 |    3.703 | 
     | g79201                  | B ^ -> Y v  | NAND2X1  | 0.148 |   1.711 |    3.850 | 
     | line_buff_1_reg[172][5] | SE v        | SDFFQX1  | 0.000 |   1.711 |    3.851 | 
     +-------------------------------------------------------------------------------+ 
     Clock Rise Edge                      0.000
     + Source Insertion Delay            -0.257
     = Beginpoint Arrival Time           -0.257
     Other End Path:
     +-------------------------------------------------------------------------------+ 
     |        Instance         |    Arc     |   Cell    | Delay | Arrival | Required | 
     |                         |            |           |       |  Time   |   Time   | 
     |-------------------------+------------+-----------+-------+---------+----------| 
     |                         | clk ^      |           |       |  -0.257 |   -2.397 | 
     | CTS_ccl_a_buf_00160     | A ^ -> Y ^ | CLKBUFX20 | 0.180 |  -0.077 |   -2.216 | 
     | CTS_ccl_a_buf_00143     | A ^ -> Y ^ | CLKBUFX6  | 0.203 |   0.125 |   -2.014 | 
     | line_buff_1_reg[172][5] | CK ^       | SDFFQX1   | 0.001 |   0.127 |   -2.012 | 
     +-------------------------------------------------------------------------------+ 
Path 15: MET Setup Check with Pin line_buff_1_reg[172][1]/CK 
Endpoint:   line_buff_1_reg[172][1]/SE (v) checked with  leading edge of 'clk'
Beginpoint: i_href                     (^) triggered by  leading edge of 'clk'
Path Groups: {clk}
Analysis View: all
Other End Arrival Time          0.127
- Setup                         0.276
+ Phase Shift                   4.000
= Required Time                 3.851
- Arrival Time                  1.711
= Slack Time                    2.139
     Clock Rise Edge                      0.000
     + Input Delay                        1.000
     = Beginpoint Arrival Time            1.000
     Timing Path:
     +-------------------------------------------------------------------------------+ 
     |        Instance         |     Arc     |   Cell   | Delay | Arrival | Required | 
     |                         |             |          |       |  Time   |   Time   | 
     |-------------------------+-------------+----------+-------+---------+----------| 
     |                         | i_href ^    |          |       |   1.000 |    3.139 | 
     | g79753                  | A ^ -> Y v  | INVX1    | 0.045 |   1.045 |    3.185 | 
     | g79726                  | B v -> Y ^  | NOR2X1   | 0.033 |   1.078 |    3.217 | 
     | g79692                  | B ^ -> Y v  | NAND2X1  | 0.026 |   1.104 |    3.243 | 
     | g79814                  | AN v -> Y v | NAND2BX1 | 0.025 |   1.129 |    3.268 | 
     | FE_OFC885_n_4           | A v -> Y ^  | INVX1    | 0.063 |   1.192 |    3.331 | 
     | FE_OFC1204_n_4          | A ^ -> Y v  | INVX1    | 0.128 |   1.319 |    3.459 | 
     | g79569                  | B v -> Y ^  | NOR2X1   | 0.128 |   1.447 |    3.586 | 
     | FE_OFC690_n_149         | A ^ -> Y ^  | BUFX2    | 0.116 |   1.563 |    3.703 | 
     | g79201                  | B ^ -> Y v  | NAND2X1  | 0.148 |   1.711 |    3.850 | 
     | line_buff_1_reg[172][1] | SE v        | SDFFQX1  | 0.000 |   1.711 |    3.851 | 
     +-------------------------------------------------------------------------------+ 
     Clock Rise Edge                      0.000
     + Source Insertion Delay            -0.257
     = Beginpoint Arrival Time           -0.257
     Other End Path:
     +-------------------------------------------------------------------------------+ 
     |        Instance         |    Arc     |   Cell    | Delay | Arrival | Required | 
     |                         |            |           |       |  Time   |   Time   | 
     |-------------------------+------------+-----------+-------+---------+----------| 
     |                         | clk ^      |           |       |  -0.257 |   -2.397 | 
     | CTS_ccl_a_buf_00160     | A ^ -> Y ^ | CLKBUFX20 | 0.180 |  -0.077 |   -2.216 | 
     | CTS_ccl_a_buf_00143     | A ^ -> Y ^ | CLKBUFX6  | 0.203 |   0.125 |   -2.014 | 
     | line_buff_1_reg[172][1] | CK ^       | SDFFQX1   | 0.001 |   0.127 |   -2.012 | 
     +-------------------------------------------------------------------------------+ 
Path 16: MET Setup Check with Pin line_buff_1_reg[172][4]/CK 
Endpoint:   line_buff_1_reg[172][4]/SE (v) checked with  leading edge of 'clk'
Beginpoint: i_href                     (^) triggered by  leading edge of 'clk'
Path Groups: {clk}
Analysis View: all
Other End Arrival Time          0.127
- Setup                         0.276
+ Phase Shift                   4.000
= Required Time                 3.851
- Arrival Time                  1.711
= Slack Time                    2.139
     Clock Rise Edge                      0.000
     + Input Delay                        1.000
     = Beginpoint Arrival Time            1.000
     Timing Path:
     +-------------------------------------------------------------------------------+ 
     |        Instance         |     Arc     |   Cell   | Delay | Arrival | Required | 
     |                         |             |          |       |  Time   |   Time   | 
     |-------------------------+-------------+----------+-------+---------+----------| 
     |                         | i_href ^    |          |       |   1.000 |    3.139 | 
     | g79753                  | A ^ -> Y v  | INVX1    | 0.045 |   1.045 |    3.185 | 
     | g79726                  | B v -> Y ^  | NOR2X1   | 0.033 |   1.078 |    3.217 | 
     | g79692                  | B ^ -> Y v  | NAND2X1  | 0.026 |   1.104 |    3.243 | 
     | g79814                  | AN v -> Y v | NAND2BX1 | 0.025 |   1.129 |    3.268 | 
     | FE_OFC885_n_4           | A v -> Y ^  | INVX1    | 0.063 |   1.192 |    3.331 | 
     | FE_OFC1204_n_4          | A ^ -> Y v  | INVX1    | 0.128 |   1.319 |    3.459 | 
     | g79569                  | B v -> Y ^  | NOR2X1   | 0.128 |   1.447 |    3.586 | 
     | FE_OFC690_n_149         | A ^ -> Y ^  | BUFX2    | 0.116 |   1.563 |    3.703 | 
     | g79201                  | B ^ -> Y v  | NAND2X1  | 0.148 |   1.711 |    3.850 | 
     | line_buff_1_reg[172][4] | SE v        | SDFFQX1  | 0.000 |   1.711 |    3.851 | 
     +-------------------------------------------------------------------------------+ 
     Clock Rise Edge                      0.000
     + Source Insertion Delay            -0.257
     = Beginpoint Arrival Time           -0.257
     Other End Path:
     +-------------------------------------------------------------------------------+ 
     |        Instance         |    Arc     |   Cell    | Delay | Arrival | Required | 
     |                         |            |           |       |  Time   |   Time   | 
     |-------------------------+------------+-----------+-------+---------+----------| 
     |                         | clk ^      |           |       |  -0.257 |   -2.397 | 
     | CTS_ccl_a_buf_00160     | A ^ -> Y ^ | CLKBUFX20 | 0.180 |  -0.077 |   -2.216 | 
     | CTS_ccl_a_buf_00143     | A ^ -> Y ^ | CLKBUFX6  | 0.203 |   0.125 |   -2.014 | 
     | line_buff_1_reg[172][4] | CK ^       | SDFFQX1   | 0.002 |   0.127 |   -2.012 | 
     +-------------------------------------------------------------------------------+ 
Path 17: MET Setup Check with Pin line_buff_0_reg[172][5]/CK 
Endpoint:   line_buff_0_reg[172][5]/SE (v) checked with  leading edge of 'clk'
Beginpoint: i_href                     (^) triggered by  leading edge of 'clk'
Path Groups: {clk}
Analysis View: all
Other End Arrival Time          0.127
- Setup                         0.276
+ Phase Shift                   4.000
= Required Time                 3.851
- Arrival Time                  1.712
= Slack Time                    2.140
     Clock Rise Edge                      0.000
     + Input Delay                        1.000
     = Beginpoint Arrival Time            1.000
     Timing Path:
     +-------------------------------------------------------------------------------+ 
     |        Instance         |     Arc     |   Cell   | Delay | Arrival | Required | 
     |                         |             |          |       |  Time   |   Time   | 
     |-------------------------+-------------+----------+-------+---------+----------| 
     |                         | i_href ^    |          |       |   1.000 |    3.140 | 
     | g79753                  | A ^ -> Y v  | INVX1    | 0.045 |   1.045 |    3.185 | 
     | g79726                  | B v -> Y ^  | NOR2X1   | 0.033 |   1.078 |    3.218 | 
     | g79692                  | B ^ -> Y v  | NAND2X1  | 0.026 |   1.104 |    3.243 | 
     | g79814                  | AN v -> Y v | NAND2BX1 | 0.025 |   1.129 |    3.269 | 
     | FE_OFC885_n_4           | A v -> Y ^  | INVX1    | 0.063 |   1.192 |    3.331 | 
     | FE_OFC1204_n_4          | A ^ -> Y v  | INVX1    | 0.128 |   1.319 |    3.459 | 
     | g79569                  | B v -> Y ^  | NOR2X1   | 0.128 |   1.447 |    3.587 | 
     | FE_OFC690_n_149         | A ^ -> Y ^  | BUFX2    | 0.116 |   1.563 |    3.703 | 
     | g79201                  | B ^ -> Y v  | NAND2X1  | 0.148 |   1.711 |    3.851 | 
     | line_buff_0_reg[172][5] | SE v        | SDFFQX1  | 0.000 |   1.712 |    3.851 | 
     +-------------------------------------------------------------------------------+ 
     Clock Rise Edge                      0.000
     + Source Insertion Delay            -0.257
     = Beginpoint Arrival Time           -0.257
     Other End Path:
     +-------------------------------------------------------------------------------+ 
     |        Instance         |    Arc     |   Cell    | Delay | Arrival | Required | 
     |                         |            |           |       |  Time   |   Time   | 
     |-------------------------+------------+-----------+-------+---------+----------| 
     |                         | clk ^      |           |       |  -0.257 |   -2.397 | 
     | CTS_ccl_a_buf_00160     | A ^ -> Y ^ | CLKBUFX20 | 0.180 |  -0.077 |   -2.217 | 
     | CTS_ccl_a_buf_00143     | A ^ -> Y ^ | CLKBUFX6  | 0.203 |   0.125 |   -2.014 | 
     | line_buff_0_reg[172][5] | CK ^       | SDFFQX1   | 0.002 |   0.127 |   -2.012 | 
     +-------------------------------------------------------------------------------+ 
Path 18: MET Setup Check with Pin line_buff_0_reg[172][1]/CK 
Endpoint:   line_buff_0_reg[172][1]/SE (v) checked with  leading edge of 'clk'
Beginpoint: i_href                     (^) triggered by  leading edge of 'clk'
Path Groups: {clk}
Analysis View: all
Other End Arrival Time          0.127
- Setup                         0.276
+ Phase Shift                   4.000
= Required Time                 3.851
- Arrival Time                  1.711
= Slack Time                    2.140
     Clock Rise Edge                      0.000
     + Input Delay                        1.000
     = Beginpoint Arrival Time            1.000
     Timing Path:
     +-------------------------------------------------------------------------------+ 
     |        Instance         |     Arc     |   Cell   | Delay | Arrival | Required | 
     |                         |             |          |       |  Time   |   Time   | 
     |-------------------------+-------------+----------+-------+---------+----------| 
     |                         | i_href ^    |          |       |   1.000 |    3.140 | 
     | g79753                  | A ^ -> Y v  | INVX1    | 0.045 |   1.045 |    3.185 | 
     | g79726                  | B v -> Y ^  | NOR2X1   | 0.033 |   1.078 |    3.218 | 
     | g79692                  | B ^ -> Y v  | NAND2X1  | 0.026 |   1.104 |    3.243 | 
     | g79814                  | AN v -> Y v | NAND2BX1 | 0.025 |   1.129 |    3.269 | 
     | FE_OFC885_n_4           | A v -> Y ^  | INVX1    | 0.063 |   1.192 |    3.331 | 
     | FE_OFC1204_n_4          | A ^ -> Y v  | INVX1    | 0.128 |   1.319 |    3.459 | 
     | g79569                  | B v -> Y ^  | NOR2X1   | 0.128 |   1.447 |    3.587 | 
     | FE_OFC690_n_149         | A ^ -> Y ^  | BUFX2    | 0.116 |   1.563 |    3.703 | 
     | g79201                  | B ^ -> Y v  | NAND2X1  | 0.148 |   1.711 |    3.851 | 
     | line_buff_0_reg[172][1] | SE v        | SDFFQX1  | 0.000 |   1.711 |    3.851 | 
     +-------------------------------------------------------------------------------+ 
     Clock Rise Edge                      0.000
     + Source Insertion Delay            -0.257
     = Beginpoint Arrival Time           -0.257
     Other End Path:
     +-------------------------------------------------------------------------------+ 
     |        Instance         |    Arc     |   Cell    | Delay | Arrival | Required | 
     |                         |            |           |       |  Time   |   Time   | 
     |-------------------------+------------+-----------+-------+---------+----------| 
     |                         | clk ^      |           |       |  -0.257 |   -2.397 | 
     | CTS_ccl_a_buf_00160     | A ^ -> Y ^ | CLKBUFX20 | 0.180 |  -0.077 |   -2.217 | 
     | CTS_ccl_a_buf_00143     | A ^ -> Y ^ | CLKBUFX6  | 0.203 |   0.125 |   -2.014 | 
     | line_buff_0_reg[172][1] | CK ^       | SDFFQX1   | 0.002 |   0.127 |   -2.012 | 
     +-------------------------------------------------------------------------------+ 
Path 19: MET Setup Check with Pin line_buff_0_reg[204][0]/CK 
Endpoint:   line_buff_0_reg[204][0]/SE (v) checked with  leading edge of 'clk'
Beginpoint: i_href                     (^) triggered by  leading edge of 'clk'
Path Groups: {clk}
Analysis View: all
Other End Arrival Time          0.130
- Setup                         0.277
+ Phase Shift                   4.000
= Required Time                 3.853
- Arrival Time                  1.712
= Slack Time                    2.141
     Clock Rise Edge                      0.000
     + Input Delay                        1.000
     = Beginpoint Arrival Time            1.000
     Timing Path:
     +-------------------------------------------------------------------------------+ 
     |        Instance         |     Arc     |   Cell   | Delay | Arrival | Required | 
     |                         |             |          |       |  Time   |   Time   | 
     |-------------------------+-------------+----------+-------+---------+----------| 
     |                         | i_href ^    |          |       |   1.000 |    3.141 | 
     | g79753                  | A ^ -> Y v  | INVX1    | 0.045 |   1.045 |    3.186 | 
     | g79726                  | B v -> Y ^  | NOR2X1   | 0.033 |   1.078 |    3.219 | 
     | g79692                  | B ^ -> Y v  | NAND2X1  | 0.026 |   1.104 |    3.244 | 
     | g79814                  | AN v -> Y v | NAND2BX1 | 0.025 |   1.129 |    3.270 | 
     | FE_OFC885_n_4           | A v -> Y ^  | INVX1    | 0.063 |   1.192 |    3.333 | 
     | FE_OFC1204_n_4          | A ^ -> Y v  | INVX1    | 0.128 |   1.319 |    3.460 | 
     | g79569                  | B v -> Y ^  | NOR2X1   | 0.128 |   1.447 |    3.588 | 
     | FE_OFC690_n_149         | A ^ -> Y ^  | BUFX2    | 0.116 |   1.563 |    3.704 | 
     | g79209                  | B ^ -> Y v  | NAND2X1  | 0.148 |   1.712 |    3.852 | 
     | line_buff_0_reg[204][0] | SE v        | SDFFQX1  | 0.000 |   1.712 |    3.853 | 
     +-------------------------------------------------------------------------------+ 
     Clock Rise Edge                      0.000
     + Source Insertion Delay            -0.257
     = Beginpoint Arrival Time           -0.257
     Other End Path:
     +-------------------------------------------------------------------------------+ 
     |        Instance         |    Arc     |   Cell    | Delay | Arrival | Required | 
     |                         |            |           |       |  Time   |   Time   | 
     |-------------------------+------------+-----------+-------+---------+----------| 
     |                         | clk ^      |           |       |  -0.257 |   -2.398 | 
     | CTS_ccl_a_buf_00160     | A ^ -> Y ^ | CLKBUFX20 | 0.180 |  -0.077 |   -2.218 | 
     | CTS_ccl_a_buf_00137     | A ^ -> Y ^ | CLKBUFX6  | 0.205 |   0.128 |   -2.012 | 
     | line_buff_0_reg[204][0] | CK ^       | SDFFQX1   | 0.002 |   0.130 |   -2.011 | 
     +-------------------------------------------------------------------------------+ 
Path 20: MET Setup Check with Pin line_buff_1_reg[172][2]/CK 
Endpoint:   line_buff_1_reg[172][2]/SE (v) checked with  leading edge of 'clk'
Beginpoint: i_href                     (^) triggered by  leading edge of 'clk'
Path Groups: {clk}
Analysis View: all
Other End Arrival Time          0.128
- Setup                         0.276
+ Phase Shift                   4.000
= Required Time                 3.852
- Arrival Time                  1.712
= Slack Time                    2.141
     Clock Rise Edge                      0.000
     + Input Delay                        1.000
     = Beginpoint Arrival Time            1.000
     Timing Path:
     +-------------------------------------------------------------------------------+ 
     |        Instance         |     Arc     |   Cell   | Delay | Arrival | Required | 
     |                         |             |          |       |  Time   |   Time   | 
     |-------------------------+-------------+----------+-------+---------+----------| 
     |                         | i_href ^    |          |       |   1.000 |    3.141 | 
     | g79753                  | A ^ -> Y v  | INVX1    | 0.045 |   1.045 |    3.186 | 
     | g79726                  | B v -> Y ^  | NOR2X1   | 0.033 |   1.078 |    3.219 | 
     | g79692                  | B ^ -> Y v  | NAND2X1  | 0.026 |   1.104 |    3.245 | 
     | g79814                  | AN v -> Y v | NAND2BX1 | 0.025 |   1.129 |    3.270 | 
     | FE_OFC885_n_4           | A v -> Y ^  | INVX1    | 0.063 |   1.192 |    3.333 | 
     | FE_OFC1204_n_4          | A ^ -> Y v  | INVX1    | 0.128 |   1.319 |    3.460 | 
     | g79569                  | B v -> Y ^  | NOR2X1   | 0.128 |   1.447 |    3.588 | 
     | FE_OFC690_n_149         | A ^ -> Y ^  | BUFX2    | 0.116 |   1.563 |    3.704 | 
     | g79201                  | B ^ -> Y v  | NAND2X1  | 0.148 |   1.711 |    3.852 | 
     | line_buff_1_reg[172][2] | SE v        | SDFFQX1  | 0.000 |   1.712 |    3.852 | 
     +-------------------------------------------------------------------------------+ 
     Clock Rise Edge                      0.000
     + Source Insertion Delay            -0.257
     = Beginpoint Arrival Time           -0.257
     Other End Path:
     +-------------------------------------------------------------------------------+ 
     |        Instance         |    Arc     |   Cell    | Delay | Arrival | Required | 
     |                         |            |           |       |  Time   |   Time   | 
     |-------------------------+------------+-----------+-------+---------+----------| 
     |                         | clk ^      |           |       |  -0.257 |   -2.398 | 
     | CTS_ccl_a_buf_00160     | A ^ -> Y ^ | CLKBUFX20 | 0.180 |  -0.077 |   -2.218 | 
     | CTS_ccl_a_buf_00144     | A ^ -> Y ^ | CLKBUFX6  | 0.204 |   0.127 |   -2.014 | 
     | line_buff_1_reg[172][2] | CK ^       | SDFFQX1   | 0.002 |   0.128 |   -2.013 | 
     +-------------------------------------------------------------------------------+ 
Path 21: MET Setup Check with Pin line_buff_1_reg[204][3]/CK 
Endpoint:   line_buff_1_reg[204][3]/SE (v) checked with  leading edge of 'clk'
Beginpoint: i_href                     (^) triggered by  leading edge of 'clk'
Path Groups: {clk}
Analysis View: all
Other End Arrival Time          0.130
- Setup                         0.277
+ Phase Shift                   4.000
= Required Time                 3.853
- Arrival Time                  1.712
= Slack Time                    2.141
     Clock Rise Edge                      0.000
     + Input Delay                        1.000
     = Beginpoint Arrival Time            1.000
     Timing Path:
     +-------------------------------------------------------------------------------+ 
     |        Instance         |     Arc     |   Cell   | Delay | Arrival | Required | 
     |                         |             |          |       |  Time   |   Time   | 
     |-------------------------+-------------+----------+-------+---------+----------| 
     |                         | i_href ^    |          |       |   1.000 |    3.141 | 
     | g79753                  | A ^ -> Y v  | INVX1    | 0.045 |   1.045 |    3.186 | 
     | g79726                  | B v -> Y ^  | NOR2X1   | 0.033 |   1.078 |    3.219 | 
     | g79692                  | B ^ -> Y v  | NAND2X1  | 0.026 |   1.104 |    3.245 | 
     | g79814                  | AN v -> Y v | NAND2BX1 | 0.025 |   1.129 |    3.270 | 
     | FE_OFC885_n_4           | A v -> Y ^  | INVX1    | 0.063 |   1.192 |    3.333 | 
     | FE_OFC1204_n_4          | A ^ -> Y v  | INVX1    | 0.128 |   1.319 |    3.460 | 
     | g79569                  | B v -> Y ^  | NOR2X1   | 0.128 |   1.447 |    3.588 | 
     | FE_OFC690_n_149         | A ^ -> Y ^  | BUFX2    | 0.116 |   1.563 |    3.704 | 
     | g79209                  | B ^ -> Y v  | NAND2X1  | 0.148 |   1.712 |    3.853 | 
     | line_buff_1_reg[204][3] | SE v        | SDFFQX1  | 0.000 |   1.712 |    3.853 | 
     +-------------------------------------------------------------------------------+ 
     Clock Rise Edge                      0.000
     + Source Insertion Delay            -0.257
     = Beginpoint Arrival Time           -0.257
     Other End Path:
     +-------------------------------------------------------------------------------+ 
     |        Instance         |    Arc     |   Cell    | Delay | Arrival | Required | 
     |                         |            |           |       |  Time   |   Time   | 
     |-------------------------+------------+-----------+-------+---------+----------| 
     |                         | clk ^      |           |       |  -0.257 |   -2.398 | 
     | CTS_ccl_a_buf_00160     | A ^ -> Y ^ | CLKBUFX20 | 0.180 |  -0.077 |   -2.218 | 
     | CTS_ccl_a_buf_00137     | A ^ -> Y ^ | CLKBUFX6  | 0.205 |   0.128 |   -2.013 | 
     | line_buff_1_reg[204][3] | CK ^       | SDFFQX1   | 0.002 |   0.130 |   -2.011 | 
     +-------------------------------------------------------------------------------+ 
Path 22: MET Setup Check with Pin line_buff_0_reg[172][0]/CK 
Endpoint:   line_buff_0_reg[172][0]/SE (v) checked with  leading edge of 'clk'
Beginpoint: i_href                     (^) triggered by  leading edge of 'clk'
Path Groups: {clk}
Analysis View: all
Other End Arrival Time          0.128
- Setup                         0.276
+ Phase Shift                   4.000
= Required Time                 3.852
- Arrival Time                  1.711
= Slack Time                    2.141
     Clock Rise Edge                      0.000
     + Input Delay                        1.000
     = Beginpoint Arrival Time            1.000
     Timing Path:
     +-------------------------------------------------------------------------------+ 
     |        Instance         |     Arc     |   Cell   | Delay | Arrival | Required | 
     |                         |             |          |       |  Time   |   Time   | 
     |-------------------------+-------------+----------+-------+---------+----------| 
     |                         | i_href ^    |          |       |   1.000 |    3.141 | 
     | g79753                  | A ^ -> Y v  | INVX1    | 0.045 |   1.045 |    3.186 | 
     | g79726                  | B v -> Y ^  | NOR2X1   | 0.033 |   1.078 |    3.219 | 
     | g79692                  | B ^ -> Y v  | NAND2X1  | 0.026 |   1.104 |    3.245 | 
     | g79814                  | AN v -> Y v | NAND2BX1 | 0.025 |   1.129 |    3.270 | 
     | FE_OFC885_n_4           | A v -> Y ^  | INVX1    | 0.063 |   1.192 |    3.333 | 
     | FE_OFC1204_n_4          | A ^ -> Y v  | INVX1    | 0.128 |   1.319 |    3.460 | 
     | g79569                  | B v -> Y ^  | NOR2X1   | 0.128 |   1.447 |    3.588 | 
     | FE_OFC690_n_149         | A ^ -> Y ^  | BUFX2    | 0.116 |   1.563 |    3.704 | 
     | g79201                  | B ^ -> Y v  | NAND2X1  | 0.148 |   1.711 |    3.852 | 
     | line_buff_0_reg[172][0] | SE v        | SDFFQX1  | 0.000 |   1.711 |    3.852 | 
     +-------------------------------------------------------------------------------+ 
     Clock Rise Edge                      0.000
     + Source Insertion Delay            -0.257
     = Beginpoint Arrival Time           -0.257
     Other End Path:
     +-------------------------------------------------------------------------------+ 
     |        Instance         |    Arc     |   Cell    | Delay | Arrival | Required | 
     |                         |            |           |       |  Time   |   Time   | 
     |-------------------------+------------+-----------+-------+---------+----------| 
     |                         | clk ^      |           |       |  -0.257 |   -2.398 | 
     | CTS_ccl_a_buf_00160     | A ^ -> Y ^ | CLKBUFX20 | 0.180 |  -0.077 |   -2.218 | 
     | CTS_ccl_a_buf_00144     | A ^ -> Y ^ | CLKBUFX6  | 0.204 |   0.127 |   -2.014 | 
     | line_buff_0_reg[172][0] | CK ^       | SDFFQX1   | 0.002 |   0.128 |   -2.013 | 
     +-------------------------------------------------------------------------------+ 
Path 23: MET Setup Check with Pin line_buff_1_reg[172][0]/CK 
Endpoint:   line_buff_1_reg[172][0]/SE (v) checked with  leading edge of 'clk'
Beginpoint: i_href                     (^) triggered by  leading edge of 'clk'
Path Groups: {clk}
Analysis View: all
Other End Arrival Time          0.129
- Setup                         0.276
+ Phase Shift                   4.000
= Required Time                 3.853
- Arrival Time                  1.712
= Slack Time                    2.142
     Clock Rise Edge                      0.000
     + Input Delay                        1.000
     = Beginpoint Arrival Time            1.000
     Timing Path:
     +-------------------------------------------------------------------------------+ 
     |        Instance         |     Arc     |   Cell   | Delay | Arrival | Required | 
     |                         |             |          |       |  Time   |   Time   | 
     |-------------------------+-------------+----------+-------+---------+----------| 
     |                         | i_href ^    |          |       |   1.000 |    3.142 | 
     | g79753                  | A ^ -> Y v  | INVX1    | 0.045 |   1.045 |    3.187 | 
     | g79726                  | B v -> Y ^  | NOR2X1   | 0.033 |   1.078 |    3.220 | 
     | g79692                  | B ^ -> Y v  | NAND2X1  | 0.026 |   1.104 |    3.245 | 
     | g79814                  | AN v -> Y v | NAND2BX1 | 0.025 |   1.129 |    3.271 | 
     | FE_OFC885_n_4           | A v -> Y ^  | INVX1    | 0.063 |   1.192 |    3.333 | 
     | FE_OFC1204_n_4          | A ^ -> Y v  | INVX1    | 0.128 |   1.319 |    3.461 | 
     | g79569                  | B v -> Y ^  | NOR2X1   | 0.128 |   1.447 |    3.589 | 
     | FE_OFC690_n_149         | A ^ -> Y ^  | BUFX2    | 0.116 |   1.563 |    3.705 | 
     | g79201                  | B ^ -> Y v  | NAND2X1  | 0.148 |   1.711 |    3.853 | 
     | line_buff_1_reg[172][0] | SE v        | SDFFQX1  | 0.000 |   1.712 |    3.853 | 
     +-------------------------------------------------------------------------------+ 
     Clock Rise Edge                      0.000
     + Source Insertion Delay            -0.257
     = Beginpoint Arrival Time           -0.257
     Other End Path:
     +-------------------------------------------------------------------------------+ 
     |        Instance         |    Arc     |   Cell    | Delay | Arrival | Required | 
     |                         |            |           |       |  Time   |   Time   | 
     |-------------------------+------------+-----------+-------+---------+----------| 
     |                         | clk ^      |           |       |  -0.257 |   -2.399 | 
     | CTS_ccl_a_buf_00160     | A ^ -> Y ^ | CLKBUFX20 | 0.180 |  -0.077 |   -2.219 | 
     | CTS_ccl_a_buf_00144     | A ^ -> Y ^ | CLKBUFX6  | 0.204 |   0.127 |   -2.015 | 
     | line_buff_1_reg[172][0] | CK ^       | SDFFQX1   | 0.002 |   0.129 |   -2.013 | 
     +-------------------------------------------------------------------------------+ 
Path 24: MET Setup Check with Pin line_buff_0_reg[172][4]/CK 
Endpoint:   line_buff_0_reg[172][4]/SE (v) checked with  leading edge of 'clk'
Beginpoint: i_href                     (^) triggered by  leading edge of 'clk'
Path Groups: {clk}
Analysis View: all
Other End Arrival Time          0.129
- Setup                         0.276
+ Phase Shift                   4.000
= Required Time                 3.853
- Arrival Time                  1.712
= Slack Time                    2.142
     Clock Rise Edge                      0.000
     + Input Delay                        1.000
     = Beginpoint Arrival Time            1.000
     Timing Path:
     +-------------------------------------------------------------------------------+ 
     |        Instance         |     Arc     |   Cell   | Delay | Arrival | Required | 
     |                         |             |          |       |  Time   |   Time   | 
     |-------------------------+-------------+----------+-------+---------+----------| 
     |                         | i_href ^    |          |       |   1.000 |    3.142 | 
     | g79753                  | A ^ -> Y v  | INVX1    | 0.045 |   1.045 |    3.187 | 
     | g79726                  | B v -> Y ^  | NOR2X1   | 0.033 |   1.078 |    3.220 | 
     | g79692                  | B ^ -> Y v  | NAND2X1  | 0.026 |   1.104 |    3.245 | 
     | g79814                  | AN v -> Y v | NAND2BX1 | 0.025 |   1.129 |    3.271 | 
     | FE_OFC885_n_4           | A v -> Y ^  | INVX1    | 0.063 |   1.192 |    3.333 | 
     | FE_OFC1204_n_4          | A ^ -> Y v  | INVX1    | 0.128 |   1.319 |    3.461 | 
     | g79569                  | B v -> Y ^  | NOR2X1   | 0.128 |   1.447 |    3.589 | 
     | FE_OFC690_n_149         | A ^ -> Y ^  | BUFX2    | 0.116 |   1.563 |    3.705 | 
     | g79201                  | B ^ -> Y v  | NAND2X1  | 0.148 |   1.711 |    3.853 | 
     | line_buff_0_reg[172][4] | SE v        | SDFFQX1  | 0.000 |   1.712 |    3.853 | 
     +-------------------------------------------------------------------------------+ 
     Clock Rise Edge                      0.000
     + Source Insertion Delay            -0.257
     = Beginpoint Arrival Time           -0.257
     Other End Path:
     +-------------------------------------------------------------------------------+ 
     |        Instance         |    Arc     |   Cell    | Delay | Arrival | Required | 
     |                         |            |           |       |  Time   |   Time   | 
     |-------------------------+------------+-----------+-------+---------+----------| 
     |                         | clk ^      |           |       |  -0.257 |   -2.399 | 
     | CTS_ccl_a_buf_00160     | A ^ -> Y ^ | CLKBUFX20 | 0.180 |  -0.077 |   -2.219 | 
     | CTS_ccl_a_buf_00144     | A ^ -> Y ^ | CLKBUFX6  | 0.204 |   0.127 |   -2.015 | 
     | line_buff_0_reg[172][4] | CK ^       | SDFFQX1   | 0.002 |   0.129 |   -2.013 | 
     +-------------------------------------------------------------------------------+ 
Path 25: MET Setup Check with Pin line_buff_0_reg[172][3]/CK 
Endpoint:   line_buff_0_reg[172][3]/SE (v) checked with  leading edge of 'clk'
Beginpoint: i_href                     (^) triggered by  leading edge of 'clk'
Path Groups: {clk}
Analysis View: all
Other End Arrival Time          0.129
- Setup                         0.276
+ Phase Shift                   4.000
= Required Time                 3.853
- Arrival Time                  1.712
= Slack Time                    2.142
     Clock Rise Edge                      0.000
     + Input Delay                        1.000
     = Beginpoint Arrival Time            1.000
     Timing Path:
     +-------------------------------------------------------------------------------+ 
     |        Instance         |     Arc     |   Cell   | Delay | Arrival | Required | 
     |                         |             |          |       |  Time   |   Time   | 
     |-------------------------+-------------+----------+-------+---------+----------| 
     |                         | i_href ^    |          |       |   1.000 |    3.142 | 
     | g79753                  | A ^ -> Y v  | INVX1    | 0.045 |   1.045 |    3.187 | 
     | g79726                  | B v -> Y ^  | NOR2X1   | 0.033 |   1.078 |    3.220 | 
     | g79692                  | B ^ -> Y v  | NAND2X1  | 0.026 |   1.104 |    3.245 | 
     | g79814                  | AN v -> Y v | NAND2BX1 | 0.025 |   1.129 |    3.271 | 
     | FE_OFC885_n_4           | A v -> Y ^  | INVX1    | 0.063 |   1.192 |    3.333 | 
     | FE_OFC1204_n_4          | A ^ -> Y v  | INVX1    | 0.128 |   1.319 |    3.461 | 
     | g79569                  | B v -> Y ^  | NOR2X1   | 0.128 |   1.447 |    3.589 | 
     | FE_OFC690_n_149         | A ^ -> Y ^  | BUFX2    | 0.116 |   1.563 |    3.705 | 
     | g79201                  | B ^ -> Y v  | NAND2X1  | 0.148 |   1.711 |    3.853 | 
     | line_buff_0_reg[172][3] | SE v        | SDFFQX1  | 0.000 |   1.712 |    3.853 | 
     +-------------------------------------------------------------------------------+ 
     Clock Rise Edge                      0.000
     + Source Insertion Delay            -0.257
     = Beginpoint Arrival Time           -0.257
     Other End Path:
     +-------------------------------------------------------------------------------+ 
     |        Instance         |    Arc     |   Cell    | Delay | Arrival | Required | 
     |                         |            |           |       |  Time   |   Time   | 
     |-------------------------+------------+-----------+-------+---------+----------| 
     |                         | clk ^      |           |       |  -0.257 |   -2.399 | 
     | CTS_ccl_a_buf_00160     | A ^ -> Y ^ | CLKBUFX20 | 0.180 |  -0.077 |   -2.219 | 
     | CTS_ccl_a_buf_00144     | A ^ -> Y ^ | CLKBUFX6  | 0.204 |   0.127 |   -2.015 | 
     | line_buff_0_reg[172][3] | CK ^       | SDFFQX1   | 0.002 |   0.129 |   -2.013 | 
     +-------------------------------------------------------------------------------+ 
Path 26: MET Setup Check with Pin line_buff_0_reg[172][2]/CK 
Endpoint:   line_buff_0_reg[172][2]/SE (v) checked with  leading edge of 'clk'
Beginpoint: i_href                     (^) triggered by  leading edge of 'clk'
Path Groups: {clk}
Analysis View: all
Other End Arrival Time          0.129
- Setup                         0.276
+ Phase Shift                   4.000
= Required Time                 3.853
- Arrival Time                  1.712
= Slack Time                    2.142
     Clock Rise Edge                      0.000
     + Input Delay                        1.000
     = Beginpoint Arrival Time            1.000
     Timing Path:
     +-------------------------------------------------------------------------------+ 
     |        Instance         |     Arc     |   Cell   | Delay | Arrival | Required | 
     |                         |             |          |       |  Time   |   Time   | 
     |-------------------------+-------------+----------+-------+---------+----------| 
     |                         | i_href ^    |          |       |   1.000 |    3.142 | 
     | g79753                  | A ^ -> Y v  | INVX1    | 0.045 |   1.045 |    3.187 | 
     | g79726                  | B v -> Y ^  | NOR2X1   | 0.033 |   1.078 |    3.220 | 
     | g79692                  | B ^ -> Y v  | NAND2X1  | 0.026 |   1.104 |    3.245 | 
     | g79814                  | AN v -> Y v | NAND2BX1 | 0.025 |   1.129 |    3.271 | 
     | FE_OFC885_n_4           | A v -> Y ^  | INVX1    | 0.063 |   1.192 |    3.333 | 
     | FE_OFC1204_n_4          | A ^ -> Y v  | INVX1    | 0.128 |   1.319 |    3.461 | 
     | g79569                  | B v -> Y ^  | NOR2X1   | 0.128 |   1.447 |    3.589 | 
     | FE_OFC690_n_149         | A ^ -> Y ^  | BUFX2    | 0.116 |   1.563 |    3.705 | 
     | g79201                  | B ^ -> Y v  | NAND2X1  | 0.148 |   1.711 |    3.853 | 
     | line_buff_0_reg[172][2] | SE v        | SDFFQX1  | 0.000 |   1.712 |    3.853 | 
     +-------------------------------------------------------------------------------+ 
     Clock Rise Edge                      0.000
     + Source Insertion Delay            -0.257
     = Beginpoint Arrival Time           -0.257
     Other End Path:
     +-------------------------------------------------------------------------------+ 
     |        Instance         |    Arc     |   Cell    | Delay | Arrival | Required | 
     |                         |            |           |       |  Time   |   Time   | 
     |-------------------------+------------+-----------+-------+---------+----------| 
     |                         | clk ^      |           |       |  -0.257 |   -2.399 | 
     | CTS_ccl_a_buf_00160     | A ^ -> Y ^ | CLKBUFX20 | 0.180 |  -0.077 |   -2.219 | 
     | CTS_ccl_a_buf_00144     | A ^ -> Y ^ | CLKBUFX6  | 0.204 |   0.127 |   -2.015 | 
     | line_buff_0_reg[172][2] | CK ^       | SDFFQX1   | 0.002 |   0.129 |   -2.013 | 
     +-------------------------------------------------------------------------------+ 
Path 27: MET Setup Check with Pin line_buff_1_reg[452][5]/CK 
Endpoint:   line_buff_1_reg[452][5]/SE (^) checked with  leading edge of 'clk'
Beginpoint: i_href                     (^) triggered by  leading edge of 'clk'
Path Groups: {clk}
Analysis View: all
Other End Arrival Time          0.125
- Setup                         0.274
+ Phase Shift                   4.000
= Required Time                 3.851
- Arrival Time                  1.710
= Slack Time                    2.142
     Clock Rise Edge                      0.000
     + Input Delay                        1.000
     = Beginpoint Arrival Time            1.000
     Timing Path:
     +-------------------------------------------------------------------------------+ 
     |        Instance         |     Arc     |   Cell   | Delay | Arrival | Required | 
     |                         |             |          |       |  Time   |   Time   | 
     |-------------------------+-------------+----------+-------+---------+----------| 
     |                         | i_href ^    |          |       |   1.000 |    3.142 | 
     | g79753                  | A ^ -> Y v  | INVX1    | 0.045 |   1.045 |    3.187 | 
     | g79726                  | B v -> Y ^  | NOR2X1   | 0.033 |   1.078 |    3.220 | 
     | g79692                  | B ^ -> Y v  | NAND2X1  | 0.026 |   1.104 |    3.245 | 
     | g79814                  | AN v -> Y v | NAND2BX1 | 0.025 |   1.129 |    3.271 | 
     | FE_OFC885_n_4           | A v -> Y ^  | INVX1    | 0.063 |   1.192 |    3.333 | 
     | g79571                  | B ^ -> Y v  | NAND2X1  | 0.142 |   1.334 |    3.475 | 
     | FE_OFC1168_n_146        | A v -> Y ^  | INVX1    | 0.139 |   1.472 |    3.614 | 
     | FE_OFC1169_n_146        | A ^ -> Y v  | INVX1    | 0.099 |   1.571 |    3.713 | 
     | g79309                  | B v -> Y ^  | NOR2X1   | 0.138 |   1.709 |    3.851 | 
     | line_buff_1_reg[452][5] | SE ^        | SDFFQX1  | 0.001 |   1.710 |    3.851 | 
     +-------------------------------------------------------------------------------+ 
     Clock Rise Edge                      0.000
     + Source Insertion Delay            -0.257
     = Beginpoint Arrival Time           -0.257
     Other End Path:
     +-------------------------------------------------------------------------------+ 
     |        Instance         |    Arc     |   Cell    | Delay | Arrival | Required | 
     |                         |            |           |       |  Time   |   Time   | 
     |-------------------------+------------+-----------+-------+---------+----------| 
     |                         | clk ^      |           |       |  -0.257 |   -2.399 | 
     | CTS_ccl_a_buf_00160     | A ^ -> Y ^ | CLKBUFX20 | 0.180 |  -0.077 |   -2.219 | 
     | CTS_ccl_a_buf_00110     | A ^ -> Y ^ | CLKBUFX6  | 0.201 |   0.124 |   -2.018 | 
     | line_buff_1_reg[452][5] | CK ^       | SDFFQX1   | 0.001 |   0.125 |   -2.016 | 
     +-------------------------------------------------------------------------------+ 
Path 28: MET Setup Check with Pin line_buff_1_reg[900][0]/CK 
Endpoint:   line_buff_1_reg[900][0]/SE (^) checked with  leading edge of 'clk'
Beginpoint: i_href                     (^) triggered by  leading edge of 'clk'
Path Groups: {clk}
Analysis View: all
Other End Arrival Time          0.147
- Setup                         0.295
+ Phase Shift                   4.000
= Required Time                 3.852
- Arrival Time                  1.710
= Slack Time                    2.142
     Clock Rise Edge                      0.000
     + Input Delay                        1.000
     = Beginpoint Arrival Time            1.000
     Timing Path:
     +-------------------------------------------------------------------------------+ 
     |        Instance         |     Arc     |   Cell   | Delay | Arrival | Required | 
     |                         |             |          |       |  Time   |   Time   | 
     |-------------------------+-------------+----------+-------+---------+----------| 
     |                         | i_href ^    |          |       |   1.000 |    3.142 | 
     | g79753                  | A ^ -> Y v  | INVX1    | 0.045 |   1.045 |    3.187 | 
     | g79726                  | B v -> Y ^  | NOR2X1   | 0.033 |   1.078 |    3.220 | 
     | g79692                  | B ^ -> Y v  | NAND2X1  | 0.026 |   1.104 |    3.246 | 
     | g79814                  | AN v -> Y v | NAND2BX1 | 0.025 |   1.129 |    3.271 | 
     | FE_OFC885_n_4           | A v -> Y ^  | INVX1    | 0.063 |   1.192 |    3.334 | 
     | FE_OFC1204_n_4          | A ^ -> Y v  | INVX1    | 0.128 |   1.319 |    3.461 | 
     | g79572                  | B v -> Y ^  | NOR2X2   | 0.130 |   1.450 |    3.592 | 
     | g79548                  | A ^ -> Y v  | INVX1    | 0.097 |   1.547 |    3.689 | 
     | g79264                  | B v -> Y ^  | NOR2X1   | 0.163 |   1.709 |    3.851 | 
     | line_buff_1_reg[900][0] | SE ^        | SDFFQX1  | 0.001 |   1.710 |    3.852 | 
     +-------------------------------------------------------------------------------+ 
     Clock Rise Edge                      0.000
     + Source Insertion Delay            -0.257
     = Beginpoint Arrival Time           -0.257
     Other End Path:
     +-------------------------------------------------------------------------------+ 
     |        Instance         |    Arc     |   Cell    | Delay | Arrival | Required | 
     |                         |            |           |       |  Time   |   Time   | 
     |-------------------------+------------+-----------+-------+---------+----------| 
     |                         | clk ^      |           |       |  -0.257 |   -2.399 | 
     | CTS_ccl_a_buf_00158     | A ^ -> Y ^ | CLKBUFX20 | 0.185 |  -0.072 |   -2.214 | 
     | CTS_ccl_a_buf_00061     | A ^ -> Y ^ | CLKBUFX6  | 0.217 |   0.145 |   -1.997 | 
     | line_buff_1_reg[900][0] | CK ^       | SDFFQX1   | 0.002 |   0.147 |   -1.995 | 
     +-------------------------------------------------------------------------------+ 
Path 29: MET Setup Check with Pin line_buff_1_reg[900][2]/CK 
Endpoint:   line_buff_1_reg[900][2]/SE (^) checked with  leading edge of 'clk'
Beginpoint: i_href                     (^) triggered by  leading edge of 'clk'
Path Groups: {clk}
Analysis View: all
Other End Arrival Time          0.147
- Setup                         0.295
+ Phase Shift                   4.000
= Required Time                 3.852
- Arrival Time                  1.710
= Slack Time                    2.142
     Clock Rise Edge                      0.000
     + Input Delay                        1.000
     = Beginpoint Arrival Time            1.000
     Timing Path:
     +-------------------------------------------------------------------------------+ 
     |        Instance         |     Arc     |   Cell   | Delay | Arrival | Required | 
     |                         |             |          |       |  Time   |   Time   | 
     |-------------------------+-------------+----------+-------+---------+----------| 
     |                         | i_href ^    |          |       |   1.000 |    3.142 | 
     | g79753                  | A ^ -> Y v  | INVX1    | 0.045 |   1.045 |    3.188 | 
     | g79726                  | B v -> Y ^  | NOR2X1   | 0.033 |   1.078 |    3.220 | 
     | g79692                  | B ^ -> Y v  | NAND2X1  | 0.026 |   1.104 |    3.246 | 
     | g79814                  | AN v -> Y v | NAND2BX1 | 0.025 |   1.129 |    3.271 | 
     | FE_OFC885_n_4           | A v -> Y ^  | INVX1    | 0.063 |   1.192 |    3.334 | 
     | FE_OFC1204_n_4          | A ^ -> Y v  | INVX1    | 0.128 |   1.319 |    3.461 | 
     | g79572                  | B v -> Y ^  | NOR2X2   | 0.130 |   1.450 |    3.592 | 
     | g79548                  | A ^ -> Y v  | INVX1    | 0.097 |   1.547 |    3.689 | 
     | g79264                  | B v -> Y ^  | NOR2X1   | 0.163 |   1.709 |    3.851 | 
     | line_buff_1_reg[900][2] | SE ^        | SDFFQX1  | 0.001 |   1.710 |    3.852 | 
     +-------------------------------------------------------------------------------+ 
     Clock Rise Edge                      0.000
     + Source Insertion Delay            -0.257
     = Beginpoint Arrival Time           -0.257
     Other End Path:
     +-------------------------------------------------------------------------------+ 
     |        Instance         |    Arc     |   Cell    | Delay | Arrival | Required | 
     |                         |            |           |       |  Time   |   Time   | 
     |-------------------------+------------+-----------+-------+---------+----------| 
     |                         | clk ^      |           |       |  -0.257 |   -2.400 | 
     | CTS_ccl_a_buf_00158     | A ^ -> Y ^ | CLKBUFX20 | 0.185 |  -0.072 |   -2.214 | 
     | CTS_ccl_a_buf_00061     | A ^ -> Y ^ | CLKBUFX6  | 0.217 |   0.145 |   -1.997 | 
     | line_buff_1_reg[900][2] | CK ^       | SDFFQX1   | 0.002 |   0.147 |   -1.995 | 
     +-------------------------------------------------------------------------------+ 
Path 30: MET Setup Check with Pin line_buff_0_reg[900][0]/CK 
Endpoint:   line_buff_0_reg[900][0]/SE (^) checked with  leading edge of 'clk'
Beginpoint: i_href                     (^) triggered by  leading edge of 'clk'
Path Groups: {clk}
Analysis View: all
Other End Arrival Time          0.147
- Setup                         0.295
+ Phase Shift                   4.000
= Required Time                 3.852
- Arrival Time                  1.710
= Slack Time                    2.142
     Clock Rise Edge                      0.000
     + Input Delay                        1.000
     = Beginpoint Arrival Time            1.000
     Timing Path:
     +-------------------------------------------------------------------------------+ 
     |        Instance         |     Arc     |   Cell   | Delay | Arrival | Required | 
     |                         |             |          |       |  Time   |   Time   | 
     |-------------------------+-------------+----------+-------+---------+----------| 
     |                         | i_href ^    |          |       |   1.000 |    3.142 | 
     | g79753                  | A ^ -> Y v  | INVX1    | 0.045 |   1.045 |    3.188 | 
     | g79726                  | B v -> Y ^  | NOR2X1   | 0.033 |   1.078 |    3.220 | 
     | g79692                  | B ^ -> Y v  | NAND2X1  | 0.026 |   1.104 |    3.246 | 
     | g79814                  | AN v -> Y v | NAND2BX1 | 0.025 |   1.129 |    3.271 | 
     | FE_OFC885_n_4           | A v -> Y ^  | INVX1    | 0.063 |   1.192 |    3.334 | 
     | FE_OFC1204_n_4          | A ^ -> Y v  | INVX1    | 0.128 |   1.319 |    3.461 | 
     | g79572                  | B v -> Y ^  | NOR2X2   | 0.130 |   1.450 |    3.592 | 
     | g79548                  | A ^ -> Y v  | INVX1    | 0.097 |   1.547 |    3.689 | 
     | g79264                  | B v -> Y ^  | NOR2X1   | 0.163 |   1.709 |    3.851 | 
     | line_buff_0_reg[900][0] | SE ^        | SDFFQX1  | 0.001 |   1.710 |    3.852 | 
     +-------------------------------------------------------------------------------+ 
     Clock Rise Edge                      0.000
     + Source Insertion Delay            -0.257
     = Beginpoint Arrival Time           -0.257
     Other End Path:
     +-------------------------------------------------------------------------------+ 
     |        Instance         |    Arc     |   Cell    | Delay | Arrival | Required | 
     |                         |            |           |       |  Time   |   Time   | 
     |-------------------------+------------+-----------+-------+---------+----------| 
     |                         | clk ^      |           |       |  -0.257 |   -2.400 | 
     | CTS_ccl_a_buf_00158     | A ^ -> Y ^ | CLKBUFX20 | 0.185 |  -0.072 |   -2.214 | 
     | CTS_ccl_a_buf_00061     | A ^ -> Y ^ | CLKBUFX6  | 0.217 |   0.145 |   -1.997 | 
     | line_buff_0_reg[900][0] | CK ^       | SDFFQX1   | 0.003 |   0.147 |   -1.995 | 
     +-------------------------------------------------------------------------------+ 
Path 31: MET Setup Check with Pin line_buff_1_reg[900][3]/CK 
Endpoint:   line_buff_1_reg[900][3]/SE (^) checked with  leading edge of 'clk'
Beginpoint: i_href                     (^) triggered by  leading edge of 'clk'
Path Groups: {clk}
Analysis View: all
Other End Arrival Time          0.148
- Setup                         0.295
+ Phase Shift                   4.000
= Required Time                 3.853
- Arrival Time                  1.710
= Slack Time                    2.142
     Clock Rise Edge                      0.000
     + Input Delay                        1.000
     = Beginpoint Arrival Time            1.000
     Timing Path:
     +-------------------------------------------------------------------------------+ 
     |        Instance         |     Arc     |   Cell   | Delay | Arrival | Required | 
     |                         |             |          |       |  Time   |   Time   | 
     |-------------------------+-------------+----------+-------+---------+----------| 
     |                         | i_href ^    |          |       |   1.000 |    3.142 | 
     | g79753                  | A ^ -> Y v  | INVX1    | 0.045 |   1.045 |    3.188 | 
     | g79726                  | B v -> Y ^  | NOR2X1   | 0.033 |   1.078 |    3.220 | 
     | g79692                  | B ^ -> Y v  | NAND2X1  | 0.026 |   1.104 |    3.246 | 
     | g79814                  | AN v -> Y v | NAND2BX1 | 0.025 |   1.129 |    3.271 | 
     | FE_OFC885_n_4           | A v -> Y ^  | INVX1    | 0.063 |   1.192 |    3.334 | 
     | FE_OFC1204_n_4          | A ^ -> Y v  | INVX1    | 0.128 |   1.319 |    3.462 | 
     | g79572                  | B v -> Y ^  | NOR2X2   | 0.130 |   1.450 |    3.592 | 
     | g79548                  | A ^ -> Y v  | INVX1    | 0.097 |   1.547 |    3.689 | 
     | g79264                  | B v -> Y ^  | NOR2X1   | 0.163 |   1.709 |    3.852 | 
     | line_buff_1_reg[900][3] | SE ^        | SDFFQX1  | 0.001 |   1.710 |    3.853 | 
     +-------------------------------------------------------------------------------+ 
     Clock Rise Edge                      0.000
     + Source Insertion Delay            -0.257
     = Beginpoint Arrival Time           -0.257
     Other End Path:
     +-------------------------------------------------------------------------------+ 
     |        Instance         |    Arc     |   Cell    | Delay | Arrival | Required | 
     |                         |            |           |       |  Time   |   Time   | 
     |-------------------------+------------+-----------+-------+---------+----------| 
     |                         | clk ^      |           |       |  -0.257 |   -2.400 | 
     | CTS_ccl_a_buf_00158     | A ^ -> Y ^ | CLKBUFX20 | 0.185 |  -0.072 |   -2.214 | 
     | CTS_ccl_a_buf_00061     | A ^ -> Y ^ | CLKBUFX6  | 0.217 |   0.145 |   -1.997 | 
     | line_buff_1_reg[900][3] | CK ^       | SDFFQX1   | 0.003 |   0.148 |   -1.995 | 
     +-------------------------------------------------------------------------------+ 
Path 32: MET Setup Check with Pin line_buff_0_reg[452][4]/CK 
Endpoint:   line_buff_0_reg[452][4]/SE (^) checked with  leading edge of 'clk'
Beginpoint: i_href                     (^) triggered by  leading edge of 'clk'
Path Groups: {clk}
Analysis View: all
Other End Arrival Time          0.126
- Setup                         0.274
+ Phase Shift                   4.000
= Required Time                 3.852
- Arrival Time                  1.710
= Slack Time                    2.142
     Clock Rise Edge                      0.000
     + Input Delay                        1.000
     = Beginpoint Arrival Time            1.000
     Timing Path:
     +-------------------------------------------------------------------------------+ 
     |        Instance         |     Arc     |   Cell   | Delay | Arrival | Required | 
     |                         |             |          |       |  Time   |   Time   | 
     |-------------------------+-------------+----------+-------+---------+----------| 
     |                         | i_href ^    |          |       |   1.000 |    3.142 | 
     | g79753                  | A ^ -> Y v  | INVX1    | 0.045 |   1.045 |    3.188 | 
     | g79726                  | B v -> Y ^  | NOR2X1   | 0.033 |   1.078 |    3.220 | 
     | g79692                  | B ^ -> Y v  | NAND2X1  | 0.026 |   1.104 |    3.246 | 
     | g79814                  | AN v -> Y v | NAND2BX1 | 0.025 |   1.129 |    3.271 | 
     | FE_OFC885_n_4           | A v -> Y ^  | INVX1    | 0.063 |   1.192 |    3.334 | 
     | g79571                  | B ^ -> Y v  | NAND2X1  | 0.142 |   1.334 |    3.476 | 
     | FE_OFC1168_n_146        | A v -> Y ^  | INVX1    | 0.139 |   1.472 |    3.615 | 
     | FE_OFC1169_n_146        | A ^ -> Y v  | INVX1    | 0.099 |   1.571 |    3.714 | 
     | g79309                  | B v -> Y ^  | NOR2X1   | 0.138 |   1.709 |    3.851 | 
     | line_buff_0_reg[452][4] | SE ^        | SDFFQX1  | 0.001 |   1.710 |    3.852 | 
     +-------------------------------------------------------------------------------+ 
     Clock Rise Edge                      0.000
     + Source Insertion Delay            -0.257
     = Beginpoint Arrival Time           -0.257
     Other End Path:
     +-------------------------------------------------------------------------------+ 
     |        Instance         |    Arc     |   Cell    | Delay | Arrival | Required | 
     |                         |            |           |       |  Time   |   Time   | 
     |-------------------------+------------+-----------+-------+---------+----------| 
     |                         | clk ^      |           |       |  -0.257 |   -2.400 | 
     | CTS_ccl_a_buf_00160     | A ^ -> Y ^ | CLKBUFX20 | 0.180 |  -0.077 |   -2.219 | 
     | CTS_ccl_a_buf_00110     | A ^ -> Y ^ | CLKBUFX6  | 0.201 |   0.124 |   -2.018 | 
     | line_buff_0_reg[452][4] | CK ^       | SDFFQX1   | 0.002 |   0.126 |   -2.016 | 
     +-------------------------------------------------------------------------------+ 
Path 33: MET Setup Check with Pin line_buff_0_reg[452][3]/CK 
Endpoint:   line_buff_0_reg[452][3]/SE (^) checked with  leading edge of 'clk'
Beginpoint: i_href                     (^) triggered by  leading edge of 'clk'
Path Groups: {clk}
Analysis View: all
Other End Arrival Time          0.126
- Setup                         0.274
+ Phase Shift                   4.000
= Required Time                 3.852
- Arrival Time                  1.709
= Slack Time                    2.142
     Clock Rise Edge                      0.000
     + Input Delay                        1.000
     = Beginpoint Arrival Time            1.000
     Timing Path:
     +-------------------------------------------------------------------------------+ 
     |        Instance         |     Arc     |   Cell   | Delay | Arrival | Required | 
     |                         |             |          |       |  Time   |   Time   | 
     |-------------------------+-------------+----------+-------+---------+----------| 
     |                         | i_href ^    |          |       |   1.000 |    3.142 | 
     | g79753                  | A ^ -> Y v  | INVX1    | 0.045 |   1.045 |    3.188 | 
     | g79726                  | B v -> Y ^  | NOR2X1   | 0.033 |   1.078 |    3.220 | 
     | g79692                  | B ^ -> Y v  | NAND2X1  | 0.026 |   1.104 |    3.246 | 
     | g79814                  | AN v -> Y v | NAND2BX1 | 0.025 |   1.129 |    3.271 | 
     | FE_OFC885_n_4           | A v -> Y ^  | INVX1    | 0.063 |   1.192 |    3.334 | 
     | g79571                  | B ^ -> Y v  | NAND2X1  | 0.142 |   1.333 |    3.476 | 
     | FE_OFC1168_n_146        | A v -> Y ^  | INVX1    | 0.139 |   1.472 |    3.615 | 
     | FE_OFC1169_n_146        | A ^ -> Y v  | INVX1    | 0.099 |   1.571 |    3.714 | 
     | g79309                  | B v -> Y ^  | NOR2X1   | 0.138 |   1.709 |    3.851 | 
     | line_buff_0_reg[452][3] | SE ^        | SDFFQX1  | 0.000 |   1.709 |    3.852 | 
     +-------------------------------------------------------------------------------+ 
     Clock Rise Edge                      0.000
     + Source Insertion Delay            -0.257
     = Beginpoint Arrival Time           -0.257
     Other End Path:
     +-------------------------------------------------------------------------------+ 
     |        Instance         |    Arc     |   Cell    | Delay | Arrival | Required | 
     |                         |            |           |       |  Time   |   Time   | 
     |-------------------------+------------+-----------+-------+---------+----------| 
     |                         | clk ^      |           |       |  -0.257 |   -2.400 | 
     | CTS_ccl_a_buf_00160     | A ^ -> Y ^ | CLKBUFX20 | 0.180 |  -0.077 |   -2.219 | 
     | CTS_ccl_a_buf_00110     | A ^ -> Y ^ | CLKBUFX6  | 0.201 |   0.124 |   -2.018 | 
     | line_buff_0_reg[452][3] | CK ^       | SDFFQX1   | 0.002 |   0.126 |   -2.017 | 
     +-------------------------------------------------------------------------------+ 
Path 34: MET Setup Check with Pin line_buff_0_reg[452][5]/CK 
Endpoint:   line_buff_0_reg[452][5]/SE (^) checked with  leading edge of 'clk'
Beginpoint: i_href                     (^) triggered by  leading edge of 'clk'
Path Groups: {clk}
Analysis View: all
Other End Arrival Time          0.126
- Setup                         0.274
+ Phase Shift                   4.000
= Required Time                 3.852
- Arrival Time                  1.709
= Slack Time                    2.142
     Clock Rise Edge                      0.000
     + Input Delay                        1.000
     = Beginpoint Arrival Time            1.000
     Timing Path:
     +-------------------------------------------------------------------------------+ 
     |        Instance         |     Arc     |   Cell   | Delay | Arrival | Required | 
     |                         |             |          |       |  Time   |   Time   | 
     |-------------------------+-------------+----------+-------+---------+----------| 
     |                         | i_href ^    |          |       |   1.000 |    3.142 | 
     | g79753                  | A ^ -> Y v  | INVX1    | 0.045 |   1.045 |    3.188 | 
     | g79726                  | B v -> Y ^  | NOR2X1   | 0.033 |   1.078 |    3.220 | 
     | g79692                  | B ^ -> Y v  | NAND2X1  | 0.026 |   1.104 |    3.246 | 
     | g79814                  | AN v -> Y v | NAND2BX1 | 0.025 |   1.129 |    3.271 | 
     | FE_OFC885_n_4           | A v -> Y ^  | INVX1    | 0.063 |   1.192 |    3.334 | 
     | g79571                  | B ^ -> Y v  | NAND2X1  | 0.142 |   1.333 |    3.476 | 
     | FE_OFC1168_n_146        | A v -> Y ^  | INVX1    | 0.139 |   1.472 |    3.615 | 
     | FE_OFC1169_n_146        | A ^ -> Y v  | INVX1    | 0.099 |   1.571 |    3.714 | 
     | g79309                  | B v -> Y ^  | NOR2X1   | 0.138 |   1.709 |    3.851 | 
     | line_buff_0_reg[452][5] | SE ^        | SDFFQX1  | 0.000 |   1.709 |    3.852 | 
     +-------------------------------------------------------------------------------+ 
     Clock Rise Edge                      0.000
     + Source Insertion Delay            -0.257
     = Beginpoint Arrival Time           -0.257
     Other End Path:
     +-------------------------------------------------------------------------------+ 
     |        Instance         |    Arc     |   Cell    | Delay | Arrival | Required | 
     |                         |            |           |       |  Time   |   Time   | 
     |-------------------------+------------+-----------+-------+---------+----------| 
     |                         | clk ^      |           |       |  -0.257 |   -2.400 | 
     | CTS_ccl_a_buf_00160     | A ^ -> Y ^ | CLKBUFX20 | 0.180 |  -0.077 |   -2.220 | 
     | CTS_ccl_a_buf_00110     | A ^ -> Y ^ | CLKBUFX6  | 0.201 |   0.124 |   -2.018 | 
     | line_buff_0_reg[452][5] | CK ^       | SDFFQX1   | 0.002 |   0.126 |   -2.017 | 
     +-------------------------------------------------------------------------------+ 
Path 35: MET Setup Check with Pin line_buff_0_reg[452][1]/CK 
Endpoint:   line_buff_0_reg[452][1]/SE (^) checked with  leading edge of 'clk'
Beginpoint: i_href                     (^) triggered by  leading edge of 'clk'
Path Groups: {clk}
Analysis View: all
Other End Arrival Time          0.126
- Setup                         0.274
+ Phase Shift                   4.000
= Required Time                 3.852
- Arrival Time                  1.709
= Slack Time                    2.143
     Clock Rise Edge                      0.000
     + Input Delay                        1.000
     = Beginpoint Arrival Time            1.000
     Timing Path:
     +-------------------------------------------------------------------------------+ 
     |        Instance         |     Arc     |   Cell   | Delay | Arrival | Required | 
     |                         |             |          |       |  Time   |   Time   | 
     |-------------------------+-------------+----------+-------+---------+----------| 
     |                         | i_href ^    |          |       |   1.000 |    3.143 | 
     | g79753                  | A ^ -> Y v  | INVX1    | 0.045 |   1.045 |    3.188 | 
     | g79726                  | B v -> Y ^  | NOR2X1   | 0.033 |   1.078 |    3.220 | 
     | g79692                  | B ^ -> Y v  | NAND2X1  | 0.026 |   1.104 |    3.246 | 
     | g79814                  | AN v -> Y v | NAND2BX1 | 0.025 |   1.129 |    3.271 | 
     | FE_OFC885_n_4           | A v -> Y ^  | INVX1    | 0.063 |   1.192 |    3.334 | 
     | g79571                  | B ^ -> Y v  | NAND2X1  | 0.142 |   1.333 |    3.476 | 
     | FE_OFC1168_n_146        | A v -> Y ^  | INVX1    | 0.139 |   1.472 |    3.615 | 
     | FE_OFC1169_n_146        | A ^ -> Y v  | INVX1    | 0.099 |   1.571 |    3.714 | 
     | g79309                  | B v -> Y ^  | NOR2X1   | 0.138 |   1.709 |    3.851 | 
     | line_buff_0_reg[452][1] | SE ^        | SDFFQX1  | 0.000 |   1.709 |    3.852 | 
     +-------------------------------------------------------------------------------+ 
     Clock Rise Edge                      0.000
     + Source Insertion Delay            -0.257
     = Beginpoint Arrival Time           -0.257
     Other End Path:
     +-------------------------------------------------------------------------------+ 
     |        Instance         |    Arc     |   Cell    | Delay | Arrival | Required | 
     |                         |            |           |       |  Time   |   Time   | 
     |-------------------------+------------+-----------+-------+---------+----------| 
     |                         | clk ^      |           |       |  -0.257 |   -2.400 | 
     | CTS_ccl_a_buf_00160     | A ^ -> Y ^ | CLKBUFX20 | 0.180 |  -0.077 |   -2.220 | 
     | CTS_ccl_a_buf_00110     | A ^ -> Y ^ | CLKBUFX6  | 0.201 |   0.124 |   -2.019 | 
     | line_buff_0_reg[452][1] | CK ^       | SDFFQX1   | 0.002 |   0.126 |   -2.017 | 
     +-------------------------------------------------------------------------------+ 
Path 36: MET Setup Check with Pin line_buff_0_reg[452][0]/CK 
Endpoint:   line_buff_0_reg[452][0]/SE (^) checked with  leading edge of 'clk'
Beginpoint: i_href                     (^) triggered by  leading edge of 'clk'
Path Groups: {clk}
Analysis View: all
Other End Arrival Time          0.126
- Setup                         0.274
+ Phase Shift                   4.000
= Required Time                 3.852
- Arrival Time                  1.709
= Slack Time                    2.143
     Clock Rise Edge                      0.000
     + Input Delay                        1.000
     = Beginpoint Arrival Time            1.000
     Timing Path:
     +-------------------------------------------------------------------------------+ 
     |        Instance         |     Arc     |   Cell   | Delay | Arrival | Required | 
     |                         |             |          |       |  Time   |   Time   | 
     |-------------------------+-------------+----------+-------+---------+----------| 
     |                         | i_href ^    |          |       |   1.000 |    3.143 | 
     | g79753                  | A ^ -> Y v  | INVX1    | 0.045 |   1.045 |    3.188 | 
     | g79726                  | B v -> Y ^  | NOR2X1   | 0.033 |   1.078 |    3.220 | 
     | g79692                  | B ^ -> Y v  | NAND2X1  | 0.026 |   1.104 |    3.246 | 
     | g79814                  | AN v -> Y v | NAND2BX1 | 0.025 |   1.129 |    3.271 | 
     | FE_OFC885_n_4           | A v -> Y ^  | INVX1    | 0.063 |   1.192 |    3.334 | 
     | g79571                  | B ^ -> Y v  | NAND2X1  | 0.142 |   1.333 |    3.476 | 
     | FE_OFC1168_n_146        | A v -> Y ^  | INVX1    | 0.139 |   1.472 |    3.615 | 
     | FE_OFC1169_n_146        | A ^ -> Y v  | INVX1    | 0.099 |   1.571 |    3.714 | 
     | g79309                  | B v -> Y ^  | NOR2X1   | 0.138 |   1.709 |    3.851 | 
     | line_buff_0_reg[452][0] | SE ^        | SDFFQX1  | 0.000 |   1.709 |    3.852 | 
     +-------------------------------------------------------------------------------+ 
     Clock Rise Edge                      0.000
     + Source Insertion Delay            -0.257
     = Beginpoint Arrival Time           -0.257
     Other End Path:
     +-------------------------------------------------------------------------------+ 
     |        Instance         |    Arc     |   Cell    | Delay | Arrival | Required | 
     |                         |            |           |       |  Time   |   Time   | 
     |-------------------------+------------+-----------+-------+---------+----------| 
     |                         | clk ^      |           |       |  -0.257 |   -2.400 | 
     | CTS_ccl_a_buf_00160     | A ^ -> Y ^ | CLKBUFX20 | 0.180 |  -0.077 |   -2.220 | 
     | CTS_ccl_a_buf_00110     | A ^ -> Y ^ | CLKBUFX6  | 0.201 |   0.124 |   -2.019 | 
     | line_buff_0_reg[452][0] | CK ^       | SDFFQX1   | 0.002 |   0.126 |   -2.017 | 
     +-------------------------------------------------------------------------------+ 
Path 37: MET Setup Check with Pin line_buff_0_reg[900][2]/CK 
Endpoint:   line_buff_0_reg[900][2]/SE (^) checked with  leading edge of 'clk'
Beginpoint: i_href                     (^) triggered by  leading edge of 'clk'
Path Groups: {clk}
Analysis View: all
Other End Arrival Time          0.147
- Setup                         0.294
+ Phase Shift                   4.000
= Required Time                 3.853
- Arrival Time                  1.711
= Slack Time                    2.143
     Clock Rise Edge                      0.000
     + Input Delay                        1.000
     = Beginpoint Arrival Time            1.000
     Timing Path:
     +-------------------------------------------------------------------------------+ 
     |        Instance         |     Arc     |   Cell   | Delay | Arrival | Required | 
     |                         |             |          |       |  Time   |   Time   | 
     |-------------------------+-------------+----------+-------+---------+----------| 
     |                         | i_href ^    |          |       |   1.000 |    3.143 | 
     | g79753                  | A ^ -> Y v  | INVX1    | 0.045 |   1.045 |    3.188 | 
     | g79726                  | B v -> Y ^  | NOR2X1   | 0.033 |   1.078 |    3.221 | 
     | g79692                  | B ^ -> Y v  | NAND2X1  | 0.026 |   1.104 |    3.246 | 
     | g79814                  | AN v -> Y v | NAND2BX1 | 0.025 |   1.129 |    3.272 | 
     | FE_OFC885_n_4           | A v -> Y ^  | INVX1    | 0.063 |   1.192 |    3.334 | 
     | FE_OFC1204_n_4          | A ^ -> Y v  | INVX1    | 0.128 |   1.319 |    3.462 | 
     | g79572                  | B v -> Y ^  | NOR2X2   | 0.130 |   1.450 |    3.593 | 
     | g79548                  | A ^ -> Y v  | INVX1    | 0.097 |   1.547 |    3.689 | 
     | g79264                  | B v -> Y ^  | NOR2X1   | 0.163 |   1.709 |    3.852 | 
     | line_buff_0_reg[900][2] | SE ^        | SDFFQX1  | 0.001 |   1.711 |    3.853 | 
     +-------------------------------------------------------------------------------+ 
     Clock Rise Edge                      0.000
     + Source Insertion Delay            -0.257
     = Beginpoint Arrival Time           -0.257
     Other End Path:
     +-------------------------------------------------------------------------------+ 
     |        Instance         |    Arc     |   Cell    | Delay | Arrival | Required | 
     |                         |            |           |       |  Time   |   Time   | 
     |-------------------------+------------+-----------+-------+---------+----------| 
     |                         | clk ^      |           |       |  -0.257 |   -2.400 | 
     | CTS_ccl_a_buf_00158     | A ^ -> Y ^ | CLKBUFX20 | 0.185 |  -0.072 |   -2.215 | 
     | CTS_ccl_a_buf_00060     | A ^ -> Y ^ | CLKBUFX6  | 0.217 |   0.145 |   -1.998 | 
     | line_buff_0_reg[900][2] | CK ^       | SDFFQX1   | 0.002 |   0.147 |   -1.995 | 
     +-------------------------------------------------------------------------------+ 
Path 38: MET Setup Check with Pin line_buff_0_reg[900][1]/CK 
Endpoint:   line_buff_0_reg[900][1]/SE (^) checked with  leading edge of 'clk'
Beginpoint: i_href                     (^) triggered by  leading edge of 'clk'
Path Groups: {clk}
Analysis View: all
Other End Arrival Time          0.147
- Setup                         0.294
+ Phase Shift                   4.000
= Required Time                 3.853
- Arrival Time                  1.711
= Slack Time                    2.143
     Clock Rise Edge                      0.000
     + Input Delay                        1.000
     = Beginpoint Arrival Time            1.000
     Timing Path:
     +-------------------------------------------------------------------------------+ 
     |        Instance         |     Arc     |   Cell   | Delay | Arrival | Required | 
     |                         |             |          |       |  Time   |   Time   | 
     |-------------------------+-------------+----------+-------+---------+----------| 
     |                         | i_href ^    |          |       |   1.000 |    3.143 | 
     | g79753                  | A ^ -> Y v  | INVX1    | 0.045 |   1.045 |    3.188 | 
     | g79726                  | B v -> Y ^  | NOR2X1   | 0.033 |   1.078 |    3.221 | 
     | g79692                  | B ^ -> Y v  | NAND2X1  | 0.026 |   1.104 |    3.246 | 
     | g79814                  | AN v -> Y v | NAND2BX1 | 0.025 |   1.129 |    3.272 | 
     | FE_OFC885_n_4           | A v -> Y ^  | INVX1    | 0.063 |   1.192 |    3.334 | 
     | FE_OFC1204_n_4          | A ^ -> Y v  | INVX1    | 0.128 |   1.319 |    3.462 | 
     | g79572                  | B v -> Y ^  | NOR2X2   | 0.130 |   1.450 |    3.593 | 
     | g79548                  | A ^ -> Y v  | INVX1    | 0.097 |   1.547 |    3.689 | 
     | g79264                  | B v -> Y ^  | NOR2X1   | 0.163 |   1.709 |    3.852 | 
     | line_buff_0_reg[900][1] | SE ^        | SDFFQX1  | 0.001 |   1.711 |    3.853 | 
     +-------------------------------------------------------------------------------+ 
     Clock Rise Edge                      0.000
     + Source Insertion Delay            -0.257
     = Beginpoint Arrival Time           -0.257
     Other End Path:
     +-------------------------------------------------------------------------------+ 
     |        Instance         |    Arc     |   Cell    | Delay | Arrival | Required | 
     |                         |            |           |       |  Time   |   Time   | 
     |-------------------------+------------+-----------+-------+---------+----------| 
     |                         | clk ^      |           |       |  -0.257 |   -2.400 | 
     | CTS_ccl_a_buf_00158     | A ^ -> Y ^ | CLKBUFX20 | 0.185 |  -0.072 |   -2.215 | 
     | CTS_ccl_a_buf_00060     | A ^ -> Y ^ | CLKBUFX6  | 0.217 |   0.145 |   -1.998 | 
     | line_buff_0_reg[900][1] | CK ^       | SDFFQX1   | 0.002 |   0.147 |   -1.995 | 
     +-------------------------------------------------------------------------------+ 
Path 39: MET Setup Check with Pin line_buff_1_reg[900][5]/CK 
Endpoint:   line_buff_1_reg[900][5]/SE (^) checked with  leading edge of 'clk'
Beginpoint: i_href                     (^) triggered by  leading edge of 'clk'
Path Groups: {clk}
Analysis View: all
Other End Arrival Time          0.147
- Setup                         0.294
+ Phase Shift                   4.000
= Required Time                 3.853
- Arrival Time                  1.711
= Slack Time                    2.143
     Clock Rise Edge                      0.000
     + Input Delay                        1.000
     = Beginpoint Arrival Time            1.000
     Timing Path:
     +-------------------------------------------------------------------------------+ 
     |        Instance         |     Arc     |   Cell   | Delay | Arrival | Required | 
     |                         |             |          |       |  Time   |   Time   | 
     |-------------------------+-------------+----------+-------+---------+----------| 
     |                         | i_href ^    |          |       |   1.000 |    3.143 | 
     | g79753                  | A ^ -> Y v  | INVX1    | 0.045 |   1.045 |    3.188 | 
     | g79726                  | B v -> Y ^  | NOR2X1   | 0.033 |   1.078 |    3.221 | 
     | g79692                  | B ^ -> Y v  | NAND2X1  | 0.026 |   1.104 |    3.246 | 
     | g79814                  | AN v -> Y v | NAND2BX1 | 0.025 |   1.129 |    3.272 | 
     | FE_OFC885_n_4           | A v -> Y ^  | INVX1    | 0.063 |   1.192 |    3.335 | 
     | FE_OFC1204_n_4          | A ^ -> Y v  | INVX1    | 0.128 |   1.319 |    3.462 | 
     | g79572                  | B v -> Y ^  | NOR2X2   | 0.130 |   1.450 |    3.593 | 
     | g79548                  | A ^ -> Y v  | INVX1    | 0.097 |   1.547 |    3.690 | 
     | g79264                  | B v -> Y ^  | NOR2X1   | 0.163 |   1.709 |    3.852 | 
     | line_buff_1_reg[900][5] | SE ^        | SDFFQX1  | 0.001 |   1.711 |    3.853 | 
     +-------------------------------------------------------------------------------+ 
     Clock Rise Edge                      0.000
     + Source Insertion Delay            -0.257
     = Beginpoint Arrival Time           -0.257
     Other End Path:
     +-------------------------------------------------------------------------------+ 
     |        Instance         |    Arc     |   Cell    | Delay | Arrival | Required | 
     |                         |            |           |       |  Time   |   Time   | 
     |-------------------------+------------+-----------+-------+---------+----------| 
     |                         | clk ^      |           |       |  -0.257 |   -2.400 | 
     | CTS_ccl_a_buf_00158     | A ^ -> Y ^ | CLKBUFX20 | 0.185 |  -0.072 |   -2.215 | 
     | CTS_ccl_a_buf_00060     | A ^ -> Y ^ | CLKBUFX6  | 0.217 |   0.145 |   -1.998 | 
     | line_buff_1_reg[900][5] | CK ^       | SDFFQX1   | 0.002 |   0.147 |   -1.995 | 
     +-------------------------------------------------------------------------------+ 
Path 40: MET Setup Check with Pin line_buff_0_reg[900][4]/CK 
Endpoint:   line_buff_0_reg[900][4]/SE (^) checked with  leading edge of 'clk'
Beginpoint: i_href                     (^) triggered by  leading edge of 'clk'
Path Groups: {clk}
Analysis View: all
Other End Arrival Time          0.148
- Setup                         0.294
+ Phase Shift                   4.000
= Required Time                 3.854
- Arrival Time                  1.711
= Slack Time                    2.143
     Clock Rise Edge                      0.000
     + Input Delay                        1.000
     = Beginpoint Arrival Time            1.000
     Timing Path:
     +-------------------------------------------------------------------------------+ 
     |        Instance         |     Arc     |   Cell   | Delay | Arrival | Required | 
     |                         |             |          |       |  Time   |   Time   | 
     |-------------------------+-------------+----------+-------+---------+----------| 
     |                         | i_href ^    |          |       |   1.000 |    3.143 | 
     | g79753                  | A ^ -> Y v  | INVX1    | 0.045 |   1.045 |    3.188 | 
     | g79726                  | B v -> Y ^  | NOR2X1   | 0.033 |   1.078 |    3.221 | 
     | g79692                  | B ^ -> Y v  | NAND2X1  | 0.026 |   1.104 |    3.247 | 
     | g79814                  | AN v -> Y v | NAND2BX1 | 0.025 |   1.129 |    3.272 | 
     | FE_OFC885_n_4           | A v -> Y ^  | INVX1    | 0.063 |   1.192 |    3.335 | 
     | FE_OFC1204_n_4          | A ^ -> Y v  | INVX1    | 0.128 |   1.319 |    3.462 | 
     | g79572                  | B v -> Y ^  | NOR2X2   | 0.130 |   1.450 |    3.593 | 
     | g79548                  | A ^ -> Y v  | INVX1    | 0.097 |   1.547 |    3.690 | 
     | g79264                  | B v -> Y ^  | NOR2X1   | 0.163 |   1.709 |    3.852 | 
     | line_buff_0_reg[900][4] | SE ^        | SDFFQX1  | 0.001 |   1.711 |    3.854 | 
     +-------------------------------------------------------------------------------+ 
     Clock Rise Edge                      0.000
     + Source Insertion Delay            -0.257
     = Beginpoint Arrival Time           -0.257
     Other End Path:
     +-------------------------------------------------------------------------------+ 
     |        Instance         |    Arc     |   Cell    | Delay | Arrival | Required | 
     |                         |            |           |       |  Time   |   Time   | 
     |-------------------------+------------+-----------+-------+---------+----------| 
     |                         | clk ^      |           |       |  -0.257 |   -2.400 | 
     | CTS_ccl_a_buf_00158     | A ^ -> Y ^ | CLKBUFX20 | 0.185 |  -0.072 |   -2.215 | 
     | CTS_ccl_a_buf_00060     | A ^ -> Y ^ | CLKBUFX6  | 0.217 |   0.145 |   -1.998 | 
     | line_buff_0_reg[900][4] | CK ^       | SDFFQX1   | 0.002 |   0.148 |   -1.995 | 
     +-------------------------------------------------------------------------------+ 
Path 41: MET Setup Check with Pin line_buff_1_reg[900][1]/CK 
Endpoint:   line_buff_1_reg[900][1]/SE (^) checked with  leading edge of 'clk'
Beginpoint: i_href                     (^) triggered by  leading edge of 'clk'
Path Groups: {clk}
Analysis View: all
Other End Arrival Time          0.148
- Setup                         0.294
+ Phase Shift                   4.000
= Required Time                 3.854
- Arrival Time                  1.710
= Slack Time                    2.143
     Clock Rise Edge                      0.000
     + Input Delay                        1.000
     = Beginpoint Arrival Time            1.000
     Timing Path:
     +-------------------------------------------------------------------------------+ 
     |        Instance         |     Arc     |   Cell   | Delay | Arrival | Required | 
     |                         |             |          |       |  Time   |   Time   | 
     |-------------------------+-------------+----------+-------+---------+----------| 
     |                         | i_href ^    |          |       |   1.000 |    3.143 | 
     | g79753                  | A ^ -> Y v  | INVX1    | 0.045 |   1.045 |    3.189 | 
     | g79726                  | B v -> Y ^  | NOR2X1   | 0.033 |   1.078 |    3.221 | 
     | g79692                  | B ^ -> Y v  | NAND2X1  | 0.026 |   1.104 |    3.247 | 
     | g79814                  | AN v -> Y v | NAND2BX1 | 0.025 |   1.129 |    3.272 | 
     | FE_OFC885_n_4           | A v -> Y ^  | INVX1    | 0.063 |   1.192 |    3.335 | 
     | FE_OFC1204_n_4          | A ^ -> Y v  | INVX1    | 0.128 |   1.319 |    3.462 | 
     | g79572                  | B v -> Y ^  | NOR2X2   | 0.130 |   1.450 |    3.593 | 
     | g79548                  | A ^ -> Y v  | INVX1    | 0.097 |   1.547 |    3.690 | 
     | g79264                  | B v -> Y ^  | NOR2X1   | 0.163 |   1.709 |    3.852 | 
     | line_buff_1_reg[900][1] | SE ^        | SDFFQX1  | 0.001 |   1.710 |    3.854 | 
     +-------------------------------------------------------------------------------+ 
     Clock Rise Edge                      0.000
     + Source Insertion Delay            -0.257
     = Beginpoint Arrival Time           -0.257
     Other End Path:
     +-------------------------------------------------------------------------------+ 
     |        Instance         |    Arc     |   Cell    | Delay | Arrival | Required | 
     |                         |            |           |       |  Time   |   Time   | 
     |-------------------------+------------+-----------+-------+---------+----------| 
     |                         | clk ^      |           |       |  -0.257 |   -2.401 | 
     | CTS_ccl_a_buf_00158     | A ^ -> Y ^ | CLKBUFX20 | 0.185 |  -0.072 |   -2.215 | 
     | CTS_ccl_a_buf_00060     | A ^ -> Y ^ | CLKBUFX6  | 0.217 |   0.145 |   -1.998 | 
     | line_buff_1_reg[900][1] | CK ^       | SDFFQX1   | 0.002 |   0.148 |   -1.996 | 
     +-------------------------------------------------------------------------------+ 
Path 42: MET Setup Check with Pin line_buff_1_reg[900][4]/CK 
Endpoint:   line_buff_1_reg[900][4]/SE (^) checked with  leading edge of 'clk'
Beginpoint: i_href                     (^) triggered by  leading edge of 'clk'
Path Groups: {clk}
Analysis View: all
Other End Arrival Time          0.148
- Setup                         0.294
+ Phase Shift                   4.000
= Required Time                 3.854
- Arrival Time                  1.710
= Slack Time                    2.143
     Clock Rise Edge                      0.000
     + Input Delay                        1.000
     = Beginpoint Arrival Time            1.000
     Timing Path:
     +-------------------------------------------------------------------------------+ 
     |        Instance         |     Arc     |   Cell   | Delay | Arrival | Required | 
     |                         |             |          |       |  Time   |   Time   | 
     |-------------------------+-------------+----------+-------+---------+----------| 
     |                         | i_href ^    |          |       |   1.000 |    3.143 | 
     | g79753                  | A ^ -> Y v  | INVX1    | 0.045 |   1.045 |    3.189 | 
     | g79726                  | B v -> Y ^  | NOR2X1   | 0.033 |   1.078 |    3.221 | 
     | g79692                  | B ^ -> Y v  | NAND2X1  | 0.026 |   1.104 |    3.247 | 
     | g79814                  | AN v -> Y v | NAND2BX1 | 0.025 |   1.129 |    3.272 | 
     | FE_OFC885_n_4           | A v -> Y ^  | INVX1    | 0.063 |   1.192 |    3.335 | 
     | FE_OFC1204_n_4          | A ^ -> Y v  | INVX1    | 0.128 |   1.319 |    3.463 | 
     | g79572                  | B v -> Y ^  | NOR2X2   | 0.130 |   1.450 |    3.593 | 
     | g79548                  | A ^ -> Y v  | INVX1    | 0.097 |   1.547 |    3.690 | 
     | g79264                  | B v -> Y ^  | NOR2X1   | 0.163 |   1.709 |    3.853 | 
     | line_buff_1_reg[900][4] | SE ^        | SDFFQX1  | 0.001 |   1.710 |    3.854 | 
     +-------------------------------------------------------------------------------+ 
     Clock Rise Edge                      0.000
     + Source Insertion Delay            -0.257
     = Beginpoint Arrival Time           -0.257
     Other End Path:
     +-------------------------------------------------------------------------------+ 
     |        Instance         |    Arc     |   Cell    | Delay | Arrival | Required | 
     |                         |            |           |       |  Time   |   Time   | 
     |-------------------------+------------+-----------+-------+---------+----------| 
     |                         | clk ^      |           |       |  -0.257 |   -2.401 | 
     | CTS_ccl_a_buf_00158     | A ^ -> Y ^ | CLKBUFX20 | 0.185 |  -0.072 |   -2.216 | 
     | CTS_ccl_a_buf_00060     | A ^ -> Y ^ | CLKBUFX6  | 0.217 |   0.145 |   -1.998 | 
     | line_buff_1_reg[900][4] | CK ^       | SDFFQX1   | 0.003 |   0.148 |   -1.996 | 
     +-------------------------------------------------------------------------------+ 
Path 43: MET Setup Check with Pin line_buff_0_reg[900][5]/CK 
Endpoint:   line_buff_0_reg[900][5]/SE (^) checked with  leading edge of 'clk'
Beginpoint: i_href                     (^) triggered by  leading edge of 'clk'
Path Groups: {clk}
Analysis View: all
Other End Arrival Time          0.148
- Setup                         0.294
+ Phase Shift                   4.000
= Required Time                 3.854
- Arrival Time                  1.710
= Slack Time                    2.144
     Clock Rise Edge                      0.000
     + Input Delay                        1.000
     = Beginpoint Arrival Time            1.000
     Timing Path:
     +-------------------------------------------------------------------------------+ 
     |        Instance         |     Arc     |   Cell   | Delay | Arrival | Required | 
     |                         |             |          |       |  Time   |   Time   | 
     |-------------------------+-------------+----------+-------+---------+----------| 
     |                         | i_href ^    |          |       |   1.000 |    3.144 | 
     | g79753                  | A ^ -> Y v  | INVX1    | 0.045 |   1.045 |    3.189 | 
     | g79726                  | B v -> Y ^  | NOR2X1   | 0.033 |   1.078 |    3.222 | 
     | g79692                  | B ^ -> Y v  | NAND2X1  | 0.026 |   1.104 |    3.247 | 
     | g79814                  | AN v -> Y v | NAND2BX1 | 0.025 |   1.129 |    3.273 | 
     | FE_OFC885_n_4           | A v -> Y ^  | INVX1    | 0.063 |   1.192 |    3.335 | 
     | FE_OFC1204_n_4          | A ^ -> Y v  | INVX1    | 0.128 |   1.319 |    3.463 | 
     | g79572                  | B v -> Y ^  | NOR2X2   | 0.130 |   1.450 |    3.593 | 
     | g79548                  | A ^ -> Y v  | INVX1    | 0.097 |   1.547 |    3.690 | 
     | g79264                  | B v -> Y ^  | NOR2X1   | 0.163 |   1.709 |    3.853 | 
     | line_buff_0_reg[900][5] | SE ^        | SDFFQX1  | 0.001 |   1.710 |    3.854 | 
     +-------------------------------------------------------------------------------+ 
     Clock Rise Edge                      0.000
     + Source Insertion Delay            -0.257
     = Beginpoint Arrival Time           -0.257
     Other End Path:
     +-------------------------------------------------------------------------------+ 
     |        Instance         |    Arc     |   Cell    | Delay | Arrival | Required | 
     |                         |            |           |       |  Time   |   Time   | 
     |-------------------------+------------+-----------+-------+---------+----------| 
     |                         | clk ^      |           |       |  -0.257 |   -2.401 | 
     | CTS_ccl_a_buf_00158     | A ^ -> Y ^ | CLKBUFX20 | 0.185 |  -0.072 |   -2.216 | 
     | CTS_ccl_a_buf_00060     | A ^ -> Y ^ | CLKBUFX6  | 0.217 |   0.145 |   -1.999 | 
     | line_buff_0_reg[900][5] | CK ^       | SDFFQX1   | 0.003 |   0.148 |   -1.996 | 
     +-------------------------------------------------------------------------------+ 
Path 44: MET Setup Check with Pin line_buff_0_reg[900][3]/CK 
Endpoint:   line_buff_0_reg[900][3]/SE (^) checked with  leading edge of 'clk'
Beginpoint: i_href                     (^) triggered by  leading edge of 'clk'
Path Groups: {clk}
Analysis View: all
Other End Arrival Time          0.148
- Setup                         0.294
+ Phase Shift                   4.000
= Required Time                 3.854
- Arrival Time                  1.710
= Slack Time                    2.144
     Clock Rise Edge                      0.000
     + Input Delay                        1.000
     = Beginpoint Arrival Time            1.000
     Timing Path:
     +-------------------------------------------------------------------------------+ 
     |        Instance         |     Arc     |   Cell   | Delay | Arrival | Required | 
     |                         |             |          |       |  Time   |   Time   | 
     |-------------------------+-------------+----------+-------+---------+----------| 
     |                         | i_href ^    |          |       |   1.000 |    3.144 | 
     | g79753                  | A ^ -> Y v  | INVX1    | 0.045 |   1.045 |    3.189 | 
     | g79726                  | B v -> Y ^  | NOR2X1   | 0.033 |   1.078 |    3.222 | 
     | g79692                  | B ^ -> Y v  | NAND2X1  | 0.026 |   1.104 |    3.247 | 
     | g79814                  | AN v -> Y v | NAND2BX1 | 0.025 |   1.129 |    3.273 | 
     | FE_OFC885_n_4           | A v -> Y ^  | INVX1    | 0.063 |   1.192 |    3.336 | 
     | FE_OFC1204_n_4          | A ^ -> Y v  | INVX1    | 0.128 |   1.319 |    3.463 | 
     | g79572                  | B v -> Y ^  | NOR2X2   | 0.130 |   1.450 |    3.594 | 
     | g79548                  | A ^ -> Y v  | INVX1    | 0.097 |   1.547 |    3.691 | 
     | g79264                  | B v -> Y ^  | NOR2X1   | 0.163 |   1.709 |    3.853 | 
     | line_buff_0_reg[900][3] | SE ^        | SDFFQX1  | 0.001 |   1.710 |    3.854 | 
     +-------------------------------------------------------------------------------+ 
     Clock Rise Edge                      0.000
     + Source Insertion Delay            -0.257
     = Beginpoint Arrival Time           -0.257
     Other End Path:
     +-------------------------------------------------------------------------------+ 
     |        Instance         |    Arc     |   Cell    | Delay | Arrival | Required | 
     |                         |            |           |       |  Time   |   Time   | 
     |-------------------------+------------+-----------+-------+---------+----------| 
     |                         | clk ^      |           |       |  -0.257 |   -2.401 | 
     | CTS_ccl_a_buf_00158     | A ^ -> Y ^ | CLKBUFX20 | 0.185 |  -0.072 |   -2.216 | 
     | CTS_ccl_a_buf_00060     | A ^ -> Y ^ | CLKBUFX6  | 0.217 |   0.145 |   -1.999 | 
     | line_buff_0_reg[900][3] | CK ^       | SDFFQX1   | 0.003 |   0.148 |   -1.996 | 
     +-------------------------------------------------------------------------------+ 
Path 45: MET Setup Check with Pin line_buff_1_reg[452][3]/CK 
Endpoint:   line_buff_1_reg[452][3]/SE (^) checked with  leading edge of 'clk'
Beginpoint: i_href                     (^) triggered by  leading edge of 'clk'
Path Groups: {clk}
Analysis View: all
Other End Arrival Time          0.127
- Setup                         0.274
+ Phase Shift                   4.000
= Required Time                 3.853
- Arrival Time                  1.709
= Slack Time                    2.144
     Clock Rise Edge                      0.000
     + Input Delay                        1.000
     = Beginpoint Arrival Time            1.000
     Timing Path:
     +-------------------------------------------------------------------------------+ 
     |        Instance         |     Arc     |   Cell   | Delay | Arrival | Required | 
     |                         |             |          |       |  Time   |   Time   | 
     |-------------------------+-------------+----------+-------+---------+----------| 
     |                         | i_href ^    |          |       |   1.000 |    3.144 | 
     | g79753                  | A ^ -> Y v  | INVX1    | 0.045 |   1.045 |    3.189 | 
     | g79726                  | B v -> Y ^  | NOR2X1   | 0.033 |   1.078 |    3.222 | 
     | g79692                  | B ^ -> Y v  | NAND2X1  | 0.026 |   1.104 |    3.248 | 
     | g79814                  | AN v -> Y v | NAND2BX1 | 0.025 |   1.129 |    3.273 | 
     | FE_OFC885_n_4           | A v -> Y ^  | INVX1    | 0.063 |   1.192 |    3.336 | 
     | g79571                  | B ^ -> Y v  | NAND2X1  | 0.142 |   1.334 |    3.477 | 
     | FE_OFC1168_n_146        | A v -> Y ^  | INVX1    | 0.139 |   1.472 |    3.616 | 
     | FE_OFC1169_n_146        | A ^ -> Y v  | INVX1    | 0.099 |   1.571 |    3.715 | 
     | g79309                  | B v -> Y ^  | NOR2X1   | 0.138 |   1.709 |    3.853 | 
     | line_buff_1_reg[452][3] | SE ^        | SDFFQX1  | 0.000 |   1.709 |    3.853 | 
     +-------------------------------------------------------------------------------+ 
     Clock Rise Edge                      0.000
     + Source Insertion Delay            -0.257
     = Beginpoint Arrival Time           -0.257
     Other End Path:
     +-------------------------------------------------------------------------------+ 
     |        Instance         |    Arc     |   Cell    | Delay | Arrival | Required | 
     |                         |            |           |       |  Time   |   Time   | 
     |-------------------------+------------+-----------+-------+---------+----------| 
     |                         | clk ^      |           |       |  -0.257 |   -2.401 | 
     | CTS_ccl_a_buf_00160     | A ^ -> Y ^ | CLKBUFX20 | 0.180 |  -0.077 |   -2.221 | 
     | CTS_ccl_a_buf_00109     | A ^ -> Y ^ | CLKBUFX6  | 0.201 |   0.124 |   -2.020 | 
     | line_buff_1_reg[452][3] | CK ^       | SDFFQX1   | 0.003 |   0.127 |   -2.017 | 
     +-------------------------------------------------------------------------------+ 
Path 46: MET Setup Check with Pin line_buff_1_reg[452][0]/CK 
Endpoint:   line_buff_1_reg[452][0]/SE (^) checked with  leading edge of 'clk'
Beginpoint: i_href                     (^) triggered by  leading edge of 'clk'
Path Groups: {clk}
Analysis View: all
Other End Arrival Time          0.127
- Setup                         0.274
+ Phase Shift                   4.000
= Required Time                 3.853
- Arrival Time                  1.709
= Slack Time                    2.144
     Clock Rise Edge                      0.000
     + Input Delay                        1.000
     = Beginpoint Arrival Time            1.000
     Timing Path:
     +-------------------------------------------------------------------------------+ 
     |        Instance         |     Arc     |   Cell   | Delay | Arrival | Required | 
     |                         |             |          |       |  Time   |   Time   | 
     |-------------------------+-------------+----------+-------+---------+----------| 
     |                         | i_href ^    |          |       |   1.000 |    3.144 | 
     | g79753                  | A ^ -> Y v  | INVX1    | 0.045 |   1.045 |    3.189 | 
     | g79726                  | B v -> Y ^  | NOR2X1   | 0.033 |   1.078 |    3.222 | 
     | g79692                  | B ^ -> Y v  | NAND2X1  | 0.026 |   1.104 |    3.248 | 
     | g79814                  | AN v -> Y v | NAND2BX1 | 0.025 |   1.129 |    3.273 | 
     | FE_OFC885_n_4           | A v -> Y ^  | INVX1    | 0.063 |   1.192 |    3.336 | 
     | g79571                  | B ^ -> Y v  | NAND2X1  | 0.142 |   1.334 |    3.478 | 
     | FE_OFC1168_n_146        | A v -> Y ^  | INVX1    | 0.139 |   1.472 |    3.616 | 
     | FE_OFC1169_n_146        | A ^ -> Y v  | INVX1    | 0.099 |   1.571 |    3.715 | 
     | g79309                  | B v -> Y ^  | NOR2X1   | 0.138 |   1.709 |    3.853 | 
     | line_buff_1_reg[452][0] | SE ^        | SDFFQX1  | 0.000 |   1.709 |    3.853 | 
     +-------------------------------------------------------------------------------+ 
     Clock Rise Edge                      0.000
     + Source Insertion Delay            -0.257
     = Beginpoint Arrival Time           -0.257
     Other End Path:
     +-------------------------------------------------------------------------------+ 
     |        Instance         |    Arc     |   Cell    | Delay | Arrival | Required | 
     |                         |            |           |       |  Time   |   Time   | 
     |-------------------------+------------+-----------+-------+---------+----------| 
     |                         | clk ^      |           |       |  -0.257 |   -2.401 | 
     | CTS_ccl_a_buf_00160     | A ^ -> Y ^ | CLKBUFX20 | 0.180 |  -0.077 |   -2.221 | 
     | CTS_ccl_a_buf_00109     | A ^ -> Y ^ | CLKBUFX6  | 0.201 |   0.124 |   -2.020 | 
     | line_buff_1_reg[452][0] | CK ^       | SDFFQX1   | 0.003 |   0.127 |   -2.017 | 
     +-------------------------------------------------------------------------------+ 
Path 47: MET Setup Check with Pin line_buff_1_reg[244][5]/CK 
Endpoint:   line_buff_1_reg[244][5]/SE (v) checked with  leading edge of 'clk'
Beginpoint: i_href                     (^) triggered by  leading edge of 'clk'
Path Groups: {clk}
Analysis View: all
Other End Arrival Time          0.131
- Setup                         0.276
+ Phase Shift                   4.000
= Required Time                 3.855
- Arrival Time                  1.710
= Slack Time                    2.145
     Clock Rise Edge                      0.000
     + Input Delay                        1.000
     = Beginpoint Arrival Time            1.000
     Timing Path:
     +-------------------------------------------------------------------------------+ 
     |        Instance         |     Arc     |   Cell   | Delay | Arrival | Required | 
     |                         |             |          |       |  Time   |   Time   | 
     |-------------------------+-------------+----------+-------+---------+----------| 
     |                         | i_href ^    |          |       |   1.000 |    3.145 | 
     | g79753                  | A ^ -> Y v  | INVX1    | 0.045 |   1.045 |    3.190 | 
     | g79726                  | B v -> Y ^  | NOR2X1   | 0.033 |   1.078 |    3.223 | 
     | g79692                  | B ^ -> Y v  | NAND2X1  | 0.026 |   1.104 |    3.248 | 
     | g79814                  | AN v -> Y v | NAND2BX1 | 0.025 |   1.129 |    3.274 | 
     | FE_OFC885_n_4           | A v -> Y ^  | INVX1    | 0.063 |   1.192 |    3.336 | 
     | FE_OFC1204_n_4          | A ^ -> Y v  | INVX1    | 0.128 |   1.319 |    3.464 | 
     | g79569                  | B v -> Y ^  | NOR2X1   | 0.128 |   1.447 |    3.592 | 
     | FE_OFC690_n_149         | A ^ -> Y ^  | BUFX2    | 0.116 |   1.563 |    3.708 | 
     | g79042                  | B ^ -> Y v  | NAND2X1  | 0.146 |   1.709 |    3.854 | 
     | line_buff_1_reg[244][5] | SE v        | SDFFQX1  | 0.001 |   1.710 |    3.855 | 
     +-------------------------------------------------------------------------------+ 
     Clock Rise Edge                      0.000
     + Source Insertion Delay            -0.257
     = Beginpoint Arrival Time           -0.257
     Other End Path:
     +-------------------------------------------------------------------------------+ 
     |        Instance         |    Arc     |   Cell    | Delay | Arrival | Required | 
     |                         |            |           |       |  Time   |   Time   | 
     |-------------------------+------------+-----------+-------+---------+----------| 
     |                         | clk ^      |           |       |  -0.257 |   -2.402 | 
     | CTS_ccl_a_buf_00160     | A ^ -> Y ^ | CLKBUFX20 | 0.180 |  -0.077 |   -2.222 | 
     | CTS_ccl_a_buf_00134     | A ^ -> Y ^ | CLKBUFX6  | 0.207 |   0.130 |   -2.015 | 
     | line_buff_1_reg[244][5] | CK ^       | SDFFQX1   | 0.001 |   0.131 |   -2.014 | 
     +-------------------------------------------------------------------------------+ 
Path 48: MET Setup Check with Pin line_buff_1_reg[452][4]/CK 
Endpoint:   line_buff_1_reg[452][4]/SE (^) checked with  leading edge of 'clk'
Beginpoint: i_href                     (^) triggered by  leading edge of 'clk'
Path Groups: {clk}
Analysis View: all
Other End Arrival Time          0.128
- Setup                         0.274
+ Phase Shift                   4.000
= Required Time                 3.854
- Arrival Time                  1.710
= Slack Time                    2.145
     Clock Rise Edge                      0.000
     + Input Delay                        1.000
     = Beginpoint Arrival Time            1.000
     Timing Path:
     +-------------------------------------------------------------------------------+ 
     |        Instance         |     Arc     |   Cell   | Delay | Arrival | Required | 
     |                         |             |          |       |  Time   |   Time   | 
     |-------------------------+-------------+----------+-------+---------+----------| 
     |                         | i_href ^    |          |       |   1.000 |    3.145 | 
     | g79753                  | A ^ -> Y v  | INVX1    | 0.045 |   1.045 |    3.190 | 
     | g79726                  | B v -> Y ^  | NOR2X1   | 0.033 |   1.078 |    3.223 | 
     | g79692                  | B ^ -> Y v  | NAND2X1  | 0.026 |   1.104 |    3.249 | 
     | g79814                  | AN v -> Y v | NAND2BX1 | 0.025 |   1.129 |    3.274 | 
     | FE_OFC885_n_4           | A v -> Y ^  | INVX1    | 0.063 |   1.192 |    3.337 | 
     | g79571                  | B ^ -> Y v  | NAND2X1  | 0.142 |   1.334 |    3.478 | 
     | FE_OFC1168_n_146        | A v -> Y ^  | INVX1    | 0.139 |   1.472 |    3.617 | 
     | FE_OFC1169_n_146        | A ^ -> Y v  | INVX1    | 0.099 |   1.571 |    3.716 | 
     | g79309                  | B v -> Y ^  | NOR2X1   | 0.138 |   1.709 |    3.854 | 
     | line_buff_1_reg[452][4] | SE ^        | SDFFQX1  | 0.001 |   1.710 |    3.854 | 
     +-------------------------------------------------------------------------------+ 
     Clock Rise Edge                      0.000
     + Source Insertion Delay            -0.257
     = Beginpoint Arrival Time           -0.257
     Other End Path:
     +-------------------------------------------------------------------------------+ 
     |        Instance         |    Arc     |   Cell    | Delay | Arrival | Required | 
     |                         |            |           |       |  Time   |   Time   | 
     |-------------------------+------------+-----------+-------+---------+----------| 
     |                         | clk ^      |           |       |  -0.257 |   -2.402 | 
     | CTS_ccl_a_buf_00160     | A ^ -> Y ^ | CLKBUFX20 | 0.180 |  -0.077 |   -2.222 | 
     | CTS_ccl_a_buf_00111     | A ^ -> Y ^ | CLKBUFX6  | 0.204 |   0.127 |   -2.018 | 
     | line_buff_1_reg[452][4] | CK ^       | SDFFQX1   | 0.001 |   0.128 |   -2.017 | 
     +-------------------------------------------------------------------------------+ 
Path 49: MET Setup Check with Pin line_buff_1_reg[452][1]/CK 
Endpoint:   line_buff_1_reg[452][1]/SE (^) checked with  leading edge of 'clk'
Beginpoint: i_href                     (^) triggered by  leading edge of 'clk'
Path Groups: {clk}
Analysis View: all
Other End Arrival Time          0.128
- Setup                         0.274
+ Phase Shift                   4.000
= Required Time                 3.855
- Arrival Time                  1.710
= Slack Time                    2.145
     Clock Rise Edge                      0.000
     + Input Delay                        1.000
     = Beginpoint Arrival Time            1.000
     Timing Path:
     +-------------------------------------------------------------------------------+ 
     |        Instance         |     Arc     |   Cell   | Delay | Arrival | Required | 
     |                         |             |          |       |  Time   |   Time   | 
     |-------------------------+-------------+----------+-------+---------+----------| 
     |                         | i_href ^    |          |       |   1.000 |    3.145 | 
     | g79753                  | A ^ -> Y v  | INVX1    | 0.045 |   1.045 |    3.190 | 
     | g79726                  | B v -> Y ^  | NOR2X1   | 0.033 |   1.078 |    3.223 | 
     | g79692                  | B ^ -> Y v  | NAND2X1  | 0.026 |   1.104 |    3.249 | 
     | g79814                  | AN v -> Y v | NAND2BX1 | 0.025 |   1.129 |    3.274 | 
     | FE_OFC885_n_4           | A v -> Y ^  | INVX1    | 0.063 |   1.192 |    3.337 | 
     | g79571                  | B ^ -> Y v  | NAND2X1  | 0.142 |   1.334 |    3.478 | 
     | FE_OFC1168_n_146        | A v -> Y ^  | INVX1    | 0.139 |   1.472 |    3.617 | 
     | FE_OFC1169_n_146        | A ^ -> Y v  | INVX1    | 0.099 |   1.571 |    3.716 | 
     | g79309                  | B v -> Y ^  | NOR2X1   | 0.138 |   1.709 |    3.854 | 
     | line_buff_1_reg[452][1] | SE ^        | SDFFQX1  | 0.001 |   1.710 |    3.855 | 
     +-------------------------------------------------------------------------------+ 
     Clock Rise Edge                      0.000
     + Source Insertion Delay            -0.257
     = Beginpoint Arrival Time           -0.257
     Other End Path:
     +-------------------------------------------------------------------------------+ 
     |        Instance         |    Arc     |   Cell    | Delay | Arrival | Required | 
     |                         |            |           |       |  Time   |   Time   | 
     |-------------------------+------------+-----------+-------+---------+----------| 
     |                         | clk ^      |           |       |  -0.257 |   -2.402 | 
     | CTS_ccl_a_buf_00160     | A ^ -> Y ^ | CLKBUFX20 | 0.180 |  -0.077 |   -2.222 | 
     | CTS_ccl_a_buf_00111     | A ^ -> Y ^ | CLKBUFX6  | 0.204 |   0.127 |   -2.018 | 
     | line_buff_1_reg[452][1] | CK ^       | SDFFQX1   | 0.001 |   0.128 |   -2.017 | 
     +-------------------------------------------------------------------------------+ 
Path 50: MET Setup Check with Pin line_buff_0_reg[452][2]/CK 
Endpoint:   line_buff_0_reg[452][2]/SE (^) checked with  leading edge of 'clk'
Beginpoint: i_href                     (^) triggered by  leading edge of 'clk'
Path Groups: {clk}
Analysis View: all
Other End Arrival Time          0.128
- Setup                         0.274
+ Phase Shift                   4.000
= Required Time                 3.855
- Arrival Time                  1.710
= Slack Time                    2.145
     Clock Rise Edge                      0.000
     + Input Delay                        1.000
     = Beginpoint Arrival Time            1.000
     Timing Path:
     +-------------------------------------------------------------------------------+ 
     |        Instance         |     Arc     |   Cell   | Delay | Arrival | Required | 
     |                         |             |          |       |  Time   |   Time   | 
     |-------------------------+-------------+----------+-------+---------+----------| 
     |                         | i_href ^    |          |       |   1.000 |    3.145 | 
     | g79753                  | A ^ -> Y v  | INVX1    | 0.045 |   1.045 |    3.190 | 
     | g79726                  | B v -> Y ^  | NOR2X1   | 0.033 |   1.078 |    3.223 | 
     | g79692                  | B ^ -> Y v  | NAND2X1  | 0.026 |   1.104 |    3.249 | 
     | g79814                  | AN v -> Y v | NAND2BX1 | 0.025 |   1.129 |    3.274 | 
     | FE_OFC885_n_4           | A v -> Y ^  | INVX1    | 0.063 |   1.192 |    3.337 | 
     | g79571                  | B ^ -> Y v  | NAND2X1  | 0.142 |   1.334 |    3.479 | 
     | FE_OFC1168_n_146        | A v -> Y ^  | INVX1    | 0.139 |   1.472 |    3.617 | 
     | FE_OFC1169_n_146        | A ^ -> Y v  | INVX1    | 0.099 |   1.571 |    3.716 | 
     | g79309                  | B v -> Y ^  | NOR2X1   | 0.138 |   1.709 |    3.854 | 
     | line_buff_0_reg[452][2] | SE ^        | SDFFQX1  | 0.001 |   1.710 |    3.855 | 
     +-------------------------------------------------------------------------------+ 
     Clock Rise Edge                      0.000
     + Source Insertion Delay            -0.257
     = Beginpoint Arrival Time           -0.257
     Other End Path:
     +-------------------------------------------------------------------------------+ 
     |        Instance         |    Arc     |   Cell    | Delay | Arrival | Required | 
     |                         |            |           |       |  Time   |   Time   | 
     |-------------------------+------------+-----------+-------+---------+----------| 
     |                         | clk ^      |           |       |  -0.257 |   -2.402 | 
     | CTS_ccl_a_buf_00160     | A ^ -> Y ^ | CLKBUFX20 | 0.180 |  -0.077 |   -2.222 | 
     | CTS_ccl_a_buf_00111     | A ^ -> Y ^ | CLKBUFX6  | 0.204 |   0.127 |   -2.018 | 
     | line_buff_0_reg[452][2] | CK ^       | SDFFQX1   | 0.001 |   0.128 |   -2.017 | 
     +-------------------------------------------------------------------------------+ 
Path 51: MET Setup Check with Pin line_buff_1_reg[204][0]/CK 
Endpoint:   line_buff_1_reg[204][0]/SE (v) checked with  leading edge of 'clk'
Beginpoint: i_href                     (^) triggered by  leading edge of 'clk'
Path Groups: {clk}
Analysis View: all
Other End Arrival Time          0.135
- Setup                         0.276
+ Phase Shift                   4.000
= Required Time                 3.859
- Arrival Time                  1.712
= Slack Time                    2.147
     Clock Rise Edge                      0.000
     + Input Delay                        1.000
     = Beginpoint Arrival Time            1.000
     Timing Path:
     +-------------------------------------------------------------------------------+ 
     |        Instance         |     Arc     |   Cell   | Delay | Arrival | Required | 
     |                         |             |          |       |  Time   |   Time   | 
     |-------------------------+-------------+----------+-------+---------+----------| 
     |                         | i_href ^    |          |       |   1.000 |    3.147 | 
     | g79753                  | A ^ -> Y v  | INVX1    | 0.045 |   1.045 |    3.192 | 
     | g79726                  | B v -> Y ^  | NOR2X1   | 0.033 |   1.078 |    3.225 | 
     | g79692                  | B ^ -> Y v  | NAND2X1  | 0.026 |   1.104 |    3.250 | 
     | g79814                  | AN v -> Y v | NAND2BX1 | 0.025 |   1.129 |    3.276 | 
     | FE_OFC885_n_4           | A v -> Y ^  | INVX1    | 0.063 |   1.192 |    3.338 | 
     | FE_OFC1204_n_4          | A ^ -> Y v  | INVX1    | 0.128 |   1.319 |    3.466 | 
     | g79569                  | B v -> Y ^  | NOR2X1   | 0.128 |   1.447 |    3.594 | 
     | FE_OFC690_n_149         | A ^ -> Y ^  | BUFX2    | 0.116 |   1.563 |    3.710 | 
     | g79209                  | B ^ -> Y v  | NAND2X1  | 0.148 |   1.712 |    3.858 | 
     | line_buff_1_reg[204][0] | SE v        | SDFFQX1  | 0.000 |   1.712 |    3.859 | 
     +-------------------------------------------------------------------------------+ 
     Clock Rise Edge                      0.000
     + Source Insertion Delay            -0.257
     = Beginpoint Arrival Time           -0.257
     Other End Path:
     +-------------------------------------------------------------------------------+ 
     |        Instance         |    Arc     |   Cell    | Delay | Arrival | Required | 
     |                         |            |           |       |  Time   |   Time   | 
     |-------------------------+------------+-----------+-------+---------+----------| 
     |                         | clk ^      |           |       |  -0.257 |   -2.404 | 
     | CTS_ccl_a_buf_00160     | A ^ -> Y ^ | CLKBUFX20 | 0.180 |  -0.077 |   -2.224 | 
     | CTS_ccl_a_buf_00112     | A ^ -> Y ^ | CLKBUFX6  | 0.210 |   0.133 |   -2.014 | 
     | line_buff_1_reg[204][0] | CK ^       | SDFFQX1   | 0.002 |   0.135 |   -2.012 | 
     +-------------------------------------------------------------------------------+ 
Path 52: MET Setup Check with Pin line_buff_0_reg[204][5]/CK 
Endpoint:   line_buff_0_reg[204][5]/SE (v) checked with  leading edge of 'clk'
Beginpoint: i_href                     (^) triggered by  leading edge of 'clk'
Path Groups: {clk}
Analysis View: all
Other End Arrival Time          0.135
- Setup                         0.276
+ Phase Shift                   4.000
= Required Time                 3.859
- Arrival Time                  1.712
= Slack Time                    2.147
     Clock Rise Edge                      0.000
     + Input Delay                        1.000
     = Beginpoint Arrival Time            1.000
     Timing Path:
     +-------------------------------------------------------------------------------+ 
     |        Instance         |     Arc     |   Cell   | Delay | Arrival | Required | 
     |                         |             |          |       |  Time   |   Time   | 
     |-------------------------+-------------+----------+-------+---------+----------| 
     |                         | i_href ^    |          |       |   1.000 |    3.147 | 
     | g79753                  | A ^ -> Y v  | INVX1    | 0.045 |   1.045 |    3.192 | 
     | g79726                  | B v -> Y ^  | NOR2X1   | 0.033 |   1.078 |    3.225 | 
     | g79692                  | B ^ -> Y v  | NAND2X1  | 0.026 |   1.104 |    3.250 | 
     | g79814                  | AN v -> Y v | NAND2BX1 | 0.025 |   1.129 |    3.276 | 
     | FE_OFC885_n_4           | A v -> Y ^  | INVX1    | 0.063 |   1.192 |    3.339 | 
     | FE_OFC1204_n_4          | A ^ -> Y v  | INVX1    | 0.128 |   1.319 |    3.466 | 
     | g79569                  | B v -> Y ^  | NOR2X1   | 0.128 |   1.447 |    3.594 | 
     | FE_OFC690_n_149         | A ^ -> Y ^  | BUFX2    | 0.116 |   1.563 |    3.710 | 
     | g79209                  | B ^ -> Y v  | NAND2X1  | 0.148 |   1.712 |    3.858 | 
     | line_buff_0_reg[204][5] | SE v        | SDFFQX1  | 0.000 |   1.712 |    3.859 | 
     +-------------------------------------------------------------------------------+ 
     Clock Rise Edge                      0.000
     + Source Insertion Delay            -0.257
     = Beginpoint Arrival Time           -0.257
     Other End Path:
     +-------------------------------------------------------------------------------+ 
     |        Instance         |    Arc     |   Cell    | Delay | Arrival | Required | 
     |                         |            |           |       |  Time   |   Time   | 
     |-------------------------+------------+-----------+-------+---------+----------| 
     |                         | clk ^      |           |       |  -0.257 |   -2.404 | 
     | CTS_ccl_a_buf_00160     | A ^ -> Y ^ | CLKBUFX20 | 0.180 |  -0.077 |   -2.224 | 
     | CTS_ccl_a_buf_00112     | A ^ -> Y ^ | CLKBUFX6  | 0.210 |   0.133 |   -2.014 | 
     | line_buff_0_reg[204][5] | CK ^       | SDFFQX1   | 0.002 |   0.135 |   -2.012 | 
     +-------------------------------------------------------------------------------+ 
Path 53: MET Setup Check with Pin line_buff_0_reg[244][2]/CK 
Endpoint:   line_buff_0_reg[244][2]/SE (v) checked with  leading edge of 'clk'
Beginpoint: i_href                     (^) triggered by  leading edge of 'clk'
Path Groups: {clk}
Analysis View: all
Other End Arrival Time          0.132
- Setup                         0.275
+ Phase Shift                   4.000
= Required Time                 3.858
- Arrival Time                  1.710
= Slack Time                    2.147
     Clock Rise Edge                      0.000
     + Input Delay                        1.000
     = Beginpoint Arrival Time            1.000
     Timing Path:
     +-------------------------------------------------------------------------------+ 
     |        Instance         |     Arc     |   Cell   | Delay | Arrival | Required | 
     |                         |             |          |       |  Time   |   Time   | 
     |-------------------------+-------------+----------+-------+---------+----------| 
     |                         | i_href ^    |          |       |   1.000 |    3.147 | 
     | g79753                  | A ^ -> Y v  | INVX1    | 0.045 |   1.045 |    3.193 | 
     | g79726                  | B v -> Y ^  | NOR2X1   | 0.033 |   1.078 |    3.225 | 
     | g79692                  | B ^ -> Y v  | NAND2X1  | 0.026 |   1.104 |    3.251 | 
     | g79814                  | AN v -> Y v | NAND2BX1 | 0.025 |   1.129 |    3.276 | 
     | FE_OFC885_n_4           | A v -> Y ^  | INVX1    | 0.063 |   1.192 |    3.339 | 
     | FE_OFC1204_n_4          | A ^ -> Y v  | INVX1    | 0.128 |   1.319 |    3.466 | 
     | g79569                  | B v -> Y ^  | NOR2X1   | 0.128 |   1.447 |    3.594 | 
     | FE_OFC690_n_149         | A ^ -> Y ^  | BUFX2    | 0.116 |   1.563 |    3.710 | 
     | g79042                  | B ^ -> Y v  | NAND2X1  | 0.146 |   1.710 |    3.857 | 
     | line_buff_0_reg[244][2] | SE v        | SDFFQX1  | 0.001 |   1.710 |    3.858 | 
     +-------------------------------------------------------------------------------+ 
     Clock Rise Edge                      0.000
     + Source Insertion Delay            -0.257
     = Beginpoint Arrival Time           -0.257
     Other End Path:
     +-------------------------------------------------------------------------------+ 
     |        Instance         |    Arc     |   Cell    | Delay | Arrival | Required | 
     |                         |            |           |       |  Time   |   Time   | 
     |-------------------------+------------+-----------+-------+---------+----------| 
     |                         | clk ^      |           |       |  -0.257 |   -2.405 | 
     | CTS_ccl_a_buf_00160     | A ^ -> Y ^ | CLKBUFX20 | 0.180 |  -0.077 |   -2.224 | 
     | CTS_ccl_a_buf_00138     | A ^ -> Y ^ | CLKBUFX6  | 0.208 |   0.131 |   -2.017 | 
     | line_buff_0_reg[244][2] | CK ^       | SDFFQX1   | 0.002 |   0.132 |   -2.015 | 
     +-------------------------------------------------------------------------------+ 
Path 54: MET Setup Check with Pin line_buff_0_reg[244][3]/CK 
Endpoint:   line_buff_0_reg[244][3]/SE (v) checked with  leading edge of 'clk'
Beginpoint: i_href                     (^) triggered by  leading edge of 'clk'
Path Groups: {clk}
Analysis View: all
Other End Arrival Time          0.133
- Setup                         0.275
+ Phase Shift                   4.000
= Required Time                 3.858
- Arrival Time                  1.710
= Slack Time                    2.148
     Clock Rise Edge                      0.000
     + Input Delay                        1.000
     = Beginpoint Arrival Time            1.000
     Timing Path:
     +-------------------------------------------------------------------------------+ 
     |        Instance         |     Arc     |   Cell   | Delay | Arrival | Required | 
     |                         |             |          |       |  Time   |   Time   | 
     |-------------------------+-------------+----------+-------+---------+----------| 
     |                         | i_href ^    |          |       |   1.000 |    3.148 | 
     | g79753                  | A ^ -> Y v  | INVX1    | 0.045 |   1.045 |    3.194 | 
     | g79726                  | B v -> Y ^  | NOR2X1   | 0.033 |   1.078 |    3.226 | 
     | g79692                  | B ^ -> Y v  | NAND2X1  | 0.026 |   1.104 |    3.252 | 
     | g79814                  | AN v -> Y v | NAND2BX1 | 0.025 |   1.129 |    3.277 | 
     | FE_OFC885_n_4           | A v -> Y ^  | INVX1    | 0.063 |   1.192 |    3.340 | 
     | FE_OFC1204_n_4          | A ^ -> Y v  | INVX1    | 0.128 |   1.319 |    3.467 | 
     | g79569                  | B v -> Y ^  | NOR2X1   | 0.128 |   1.447 |    3.595 | 
     | FE_OFC690_n_149         | A ^ -> Y ^  | BUFX2    | 0.116 |   1.563 |    3.711 | 
     | g79042                  | B ^ -> Y v  | NAND2X1  | 0.146 |   1.710 |    3.858 | 
     | line_buff_0_reg[244][3] | SE v        | SDFFQX1  | 0.001 |   1.710 |    3.858 | 
     +-------------------------------------------------------------------------------+ 
     Clock Rise Edge                      0.000
     + Source Insertion Delay            -0.257
     = Beginpoint Arrival Time           -0.257
     Other End Path:
     +-------------------------------------------------------------------------------+ 
     |        Instance         |    Arc     |   Cell    | Delay | Arrival | Required | 
     |                         |            |           |       |  Time   |   Time   | 
     |-------------------------+------------+-----------+-------+---------+----------| 
     |                         | clk ^      |           |       |  -0.257 |   -2.406 | 
     | CTS_ccl_a_buf_00160     | A ^ -> Y ^ | CLKBUFX20 | 0.180 |  -0.077 |   -2.225 | 
     | CTS_ccl_a_buf_00138     | A ^ -> Y ^ | CLKBUFX6  | 0.208 |   0.131 |   -2.018 | 
     | line_buff_0_reg[244][3] | CK ^       | SDFFQX1   | 0.003 |   0.133 |   -2.015 | 
     +-------------------------------------------------------------------------------+ 
Path 55: MET Setup Check with Pin line_buff_0_reg[244][0]/CK 
Endpoint:   line_buff_0_reg[244][0]/SE (v) checked with  leading edge of 'clk'
Beginpoint: i_href                     (^) triggered by  leading edge of 'clk'
Path Groups: {clk}
Analysis View: all
Other End Arrival Time          0.133
- Setup                         0.275
+ Phase Shift                   4.000
= Required Time                 3.858
- Arrival Time                  1.710
= Slack Time                    2.148
     Clock Rise Edge                      0.000
     + Input Delay                        1.000
     = Beginpoint Arrival Time            1.000
     Timing Path:
     +-------------------------------------------------------------------------------+ 
     |        Instance         |     Arc     |   Cell   | Delay | Arrival | Required | 
     |                         |             |          |       |  Time   |   Time   | 
     |-------------------------+-------------+----------+-------+---------+----------| 
     |                         | i_href ^    |          |       |   1.000 |    3.148 | 
     | g79753                  | A ^ -> Y v  | INVX1    | 0.045 |   1.045 |    3.194 | 
     | g79726                  | B v -> Y ^  | NOR2X1   | 0.033 |   1.078 |    3.226 | 
     | g79692                  | B ^ -> Y v  | NAND2X1  | 0.026 |   1.104 |    3.252 | 
     | g79814                  | AN v -> Y v | NAND2BX1 | 0.025 |   1.129 |    3.277 | 
     | FE_OFC885_n_4           | A v -> Y ^  | INVX1    | 0.063 |   1.192 |    3.340 | 
     | FE_OFC1204_n_4          | A ^ -> Y v  | INVX1    | 0.128 |   1.319 |    3.467 | 
     | g79569                  | B v -> Y ^  | NOR2X1   | 0.128 |   1.447 |    3.595 | 
     | FE_OFC690_n_149         | A ^ -> Y ^  | BUFX2    | 0.116 |   1.563 |    3.711 | 
     | g79042                  | B ^ -> Y v  | NAND2X1  | 0.146 |   1.710 |    3.858 | 
     | line_buff_0_reg[244][0] | SE v        | SDFFQX1  | 0.001 |   1.710 |    3.858 | 
     +-------------------------------------------------------------------------------+ 
     Clock Rise Edge                      0.000
     + Source Insertion Delay            -0.257
     = Beginpoint Arrival Time           -0.257
     Other End Path:
     +-------------------------------------------------------------------------------+ 
     |        Instance         |    Arc     |   Cell    | Delay | Arrival | Required | 
     |                         |            |           |       |  Time   |   Time   | 
     |-------------------------+------------+-----------+-------+---------+----------| 
     |                         | clk ^      |           |       |  -0.257 |   -2.406 | 
     | CTS_ccl_a_buf_00160     | A ^ -> Y ^ | CLKBUFX20 | 0.180 |  -0.077 |   -2.225 | 
     | CTS_ccl_a_buf_00138     | A ^ -> Y ^ | CLKBUFX6  | 0.208 |   0.131 |   -2.018 | 
     | line_buff_0_reg[244][0] | CK ^       | SDFFQX1   | 0.003 |   0.133 |   -2.015 | 
     +-------------------------------------------------------------------------------+ 
Path 56: MET Setup Check with Pin line_buff_1_reg[244][4]/CK 
Endpoint:   line_buff_1_reg[244][4]/SE (v) checked with  leading edge of 'clk'
Beginpoint: i_href                     (^) triggered by  leading edge of 'clk'
Path Groups: {clk}
Analysis View: all
Other End Arrival Time          0.133
- Setup                         0.275
+ Phase Shift                   4.000
= Required Time                 3.858
- Arrival Time                  1.710
= Slack Time                    2.148
     Clock Rise Edge                      0.000
     + Input Delay                        1.000
     = Beginpoint Arrival Time            1.000
     Timing Path:
     +-------------------------------------------------------------------------------+ 
     |        Instance         |     Arc     |   Cell   | Delay | Arrival | Required | 
     |                         |             |          |       |  Time   |   Time   | 
     |-------------------------+-------------+----------+-------+---------+----------| 
     |                         | i_href ^    |          |       |   1.000 |    3.148 | 
     | g79753                  | A ^ -> Y v  | INVX1    | 0.045 |   1.045 |    3.194 | 
     | g79726                  | B v -> Y ^  | NOR2X1   | 0.033 |   1.078 |    3.226 | 
     | g79692                  | B ^ -> Y v  | NAND2X1  | 0.026 |   1.104 |    3.252 | 
     | g79814                  | AN v -> Y v | NAND2BX1 | 0.025 |   1.129 |    3.277 | 
     | FE_OFC885_n_4           | A v -> Y ^  | INVX1    | 0.063 |   1.192 |    3.340 | 
     | FE_OFC1204_n_4          | A ^ -> Y v  | INVX1    | 0.128 |   1.319 |    3.468 | 
     | g79569                  | B v -> Y ^  | NOR2X1   | 0.128 |   1.447 |    3.595 | 
     | FE_OFC690_n_149         | A ^ -> Y ^  | BUFX2    | 0.116 |   1.563 |    3.712 | 
     | g79042                  | B ^ -> Y v  | NAND2X1  | 0.146 |   1.710 |    3.858 | 
     | line_buff_1_reg[244][4] | SE v        | SDFFQX1  | 0.001 |   1.710 |    3.858 | 
     +-------------------------------------------------------------------------------+ 
     Clock Rise Edge                      0.000
     + Source Insertion Delay            -0.257
     = Beginpoint Arrival Time           -0.257
     Other End Path:
     +-------------------------------------------------------------------------------+ 
     |        Instance         |    Arc     |   Cell    | Delay | Arrival | Required | 
     |                         |            |           |       |  Time   |   Time   | 
     |-------------------------+------------+-----------+-------+---------+----------| 
     |                         | clk ^      |           |       |  -0.257 |   -2.406 | 
     | CTS_ccl_a_buf_00160     | A ^ -> Y ^ | CLKBUFX20 | 0.180 |  -0.077 |   -2.225 | 
     | CTS_ccl_a_buf_00138     | A ^ -> Y ^ | CLKBUFX6  | 0.208 |   0.131 |   -2.018 | 
     | line_buff_1_reg[244][4] | CK ^       | SDFFQX1   | 0.003 |   0.133 |   -2.015 | 
     +-------------------------------------------------------------------------------+ 
Path 57: MET Setup Check with Pin line_buff_1_reg[212][0]/CK 
Endpoint:   line_buff_1_reg[212][0]/SE (v) checked with  leading edge of 'clk'
Beginpoint: i_href                     (^) triggered by  leading edge of 'clk'
Path Groups: {clk}
Analysis View: all
Other End Arrival Time          0.128
- Setup                         0.273
+ Phase Shift                   4.000
= Required Time                 3.855
- Arrival Time                  1.706
= Slack Time                    2.149
     Clock Rise Edge                      0.000
     + Input Delay                        1.000
     = Beginpoint Arrival Time            1.000
     Timing Path:
     +-------------------------------------------------------------------------------+ 
     |        Instance         |     Arc     |   Cell   | Delay | Arrival | Required | 
     |                         |             |          |       |  Time   |   Time   | 
     |-------------------------+-------------+----------+-------+---------+----------| 
     |                         | i_href ^    |          |       |   1.000 |    3.149 | 
     | g79753                  | A ^ -> Y v  | INVX1    | 0.045 |   1.045 |    3.194 | 
     | g79726                  | B v -> Y ^  | NOR2X1   | 0.033 |   1.078 |    3.227 | 
     | g79692                  | B ^ -> Y v  | NAND2X1  | 0.026 |   1.104 |    3.252 | 
     | g79814                  | AN v -> Y v | NAND2BX1 | 0.025 |   1.129 |    3.278 | 
     | FE_OFC885_n_4           | A v -> Y ^  | INVX1    | 0.063 |   1.192 |    3.340 | 
     | FE_OFC1204_n_4          | A ^ -> Y v  | INVX1    | 0.128 |   1.319 |    3.468 | 
     | g79569                  | B v -> Y ^  | NOR2X1   | 0.128 |   1.447 |    3.596 | 
     | FE_OFC690_n_149         | A ^ -> Y ^  | BUFX2    | 0.116 |   1.563 |    3.712 | 
     | g79162                  | B ^ -> Y v  | NAND2X1  | 0.142 |   1.706 |    3.854 | 
     | line_buff_1_reg[212][0] | SE v        | SDFFQX1  | 0.000 |   1.706 |    3.855 | 
     +-------------------------------------------------------------------------------+ 
     Clock Rise Edge                      0.000
     + Source Insertion Delay            -0.257
     = Beginpoint Arrival Time           -0.257
     Other End Path:
     +-------------------------------------------------------------------------------+ 
     |        Instance         |    Arc     |   Cell    | Delay | Arrival | Required | 
     |                         |            |           |       |  Time   |   Time   | 
     |-------------------------+------------+-----------+-------+---------+----------| 
     |                         | clk ^      |           |       |  -0.257 |   -2.406 | 
     | CTS_ccl_a_buf_00160     | A ^ -> Y ^ | CLKBUFX20 | 0.180 |  -0.077 |   -2.226 | 
     | CTS_ccl_a_buf_00111     | A ^ -> Y ^ | CLKBUFX6  | 0.204 |   0.127 |   -2.022 | 
     | line_buff_1_reg[212][0] | CK ^       | SDFFQX1   | 0.001 |   0.128 |   -2.020 | 
     +-------------------------------------------------------------------------------+ 
Path 58: MET Setup Check with Pin line_buff_0_reg[212][3]/CK 
Endpoint:   line_buff_0_reg[212][3]/SE (v) checked with  leading edge of 'clk'
Beginpoint: i_href                     (^) triggered by  leading edge of 'clk'
Path Groups: {clk}
Analysis View: all
Other End Arrival Time          0.128
- Setup                         0.273
+ Phase Shift                   4.000
= Required Time                 3.855
- Arrival Time                  1.706
= Slack Time                    2.149
     Clock Rise Edge                      0.000
     + Input Delay                        1.000
     = Beginpoint Arrival Time            1.000
     Timing Path:
     +-------------------------------------------------------------------------------+ 
     |        Instance         |     Arc     |   Cell   | Delay | Arrival | Required | 
     |                         |             |          |       |  Time   |   Time   | 
     |-------------------------+-------------+----------+-------+---------+----------| 
     |                         | i_href ^    |          |       |   1.000 |    3.149 | 
     | g79753                  | A ^ -> Y v  | INVX1    | 0.045 |   1.045 |    3.194 | 
     | g79726                  | B v -> Y ^  | NOR2X1   | 0.033 |   1.078 |    3.227 | 
     | g79692                  | B ^ -> Y v  | NAND2X1  | 0.026 |   1.104 |    3.252 | 
     | g79814                  | AN v -> Y v | NAND2BX1 | 0.025 |   1.129 |    3.278 | 
     | FE_OFC885_n_4           | A v -> Y ^  | INVX1    | 0.063 |   1.192 |    3.340 | 
     | FE_OFC1204_n_4          | A ^ -> Y v  | INVX1    | 0.128 |   1.319 |    3.468 | 
     | g79569                  | B v -> Y ^  | NOR2X1   | 0.128 |   1.447 |    3.596 | 
     | FE_OFC690_n_149         | A ^ -> Y ^  | BUFX2    | 0.116 |   1.563 |    3.712 | 
     | g79162                  | B ^ -> Y v  | NAND2X1  | 0.142 |   1.706 |    3.854 | 
     | line_buff_0_reg[212][3] | SE v        | SDFFQX1  | 0.000 |   1.706 |    3.855 | 
     +-------------------------------------------------------------------------------+ 
     Clock Rise Edge                      0.000
     + Source Insertion Delay            -0.257
     = Beginpoint Arrival Time           -0.257
     Other End Path:
     +-------------------------------------------------------------------------------+ 
     |        Instance         |    Arc     |   Cell    | Delay | Arrival | Required | 
     |                         |            |           |       |  Time   |   Time   | 
     |-------------------------+------------+-----------+-------+---------+----------| 
     |                         | clk ^      |           |       |  -0.257 |   -2.406 | 
     | CTS_ccl_a_buf_00160     | A ^ -> Y ^ | CLKBUFX20 | 0.180 |  -0.077 |   -2.226 | 
     | CTS_ccl_a_buf_00111     | A ^ -> Y ^ | CLKBUFX6  | 0.204 |   0.127 |   -2.022 | 
     | line_buff_0_reg[212][3] | CK ^       | SDFFQX1   | 0.001 |   0.128 |   -2.020 | 
     +-------------------------------------------------------------------------------+ 
Path 59: MET Setup Check with Pin line_buff_0_reg[212][2]/CK 
Endpoint:   line_buff_0_reg[212][2]/SE (v) checked with  leading edge of 'clk'
Beginpoint: i_href                     (^) triggered by  leading edge of 'clk'
Path Groups: {clk}
Analysis View: all
Other End Arrival Time          0.128
- Setup                         0.273
+ Phase Shift                   4.000
= Required Time                 3.855
- Arrival Time                  1.706
= Slack Time                    2.149
     Clock Rise Edge                      0.000
     + Input Delay                        1.000
     = Beginpoint Arrival Time            1.000
     Timing Path:
     +-------------------------------------------------------------------------------+ 
     |        Instance         |     Arc     |   Cell   | Delay | Arrival | Required | 
     |                         |             |          |       |  Time   |   Time   | 
     |-------------------------+-------------+----------+-------+---------+----------| 
     |                         | i_href ^    |          |       |   1.000 |    3.149 | 
     | g79753                  | A ^ -> Y v  | INVX1    | 0.045 |   1.045 |    3.194 | 
     | g79726                  | B v -> Y ^  | NOR2X1   | 0.033 |   1.078 |    3.227 | 
     | g79692                  | B ^ -> Y v  | NAND2X1  | 0.026 |   1.104 |    3.252 | 
     | g79814                  | AN v -> Y v | NAND2BX1 | 0.025 |   1.129 |    3.278 | 
     | FE_OFC885_n_4           | A v -> Y ^  | INVX1    | 0.063 |   1.192 |    3.340 | 
     | FE_OFC1204_n_4          | A ^ -> Y v  | INVX1    | 0.128 |   1.319 |    3.468 | 
     | g79569                  | B v -> Y ^  | NOR2X1   | 0.128 |   1.447 |    3.596 | 
     | FE_OFC690_n_149         | A ^ -> Y ^  | BUFX2    | 0.116 |   1.563 |    3.712 | 
     | g79162                  | B ^ -> Y v  | NAND2X1  | 0.142 |   1.706 |    3.854 | 
     | line_buff_0_reg[212][2] | SE v        | SDFFQX1  | 0.000 |   1.706 |    3.855 | 
     +-------------------------------------------------------------------------------+ 
     Clock Rise Edge                      0.000
     + Source Insertion Delay            -0.257
     = Beginpoint Arrival Time           -0.257
     Other End Path:
     +-------------------------------------------------------------------------------+ 
     |        Instance         |    Arc     |   Cell    | Delay | Arrival | Required | 
     |                         |            |           |       |  Time   |   Time   | 
     |-------------------------+------------+-----------+-------+---------+----------| 
     |                         | clk ^      |           |       |  -0.257 |   -2.406 | 
     | CTS_ccl_a_buf_00160     | A ^ -> Y ^ | CLKBUFX20 | 0.180 |  -0.077 |   -2.226 | 
     | CTS_ccl_a_buf_00111     | A ^ -> Y ^ | CLKBUFX6  | 0.204 |   0.127 |   -2.022 | 
     | line_buff_0_reg[212][2] | CK ^       | SDFFQX1   | 0.001 |   0.128 |   -2.020 | 
     +-------------------------------------------------------------------------------+ 
Path 60: MET Setup Check with Pin line_buff_0_reg[244][5]/CK 
Endpoint:   line_buff_0_reg[244][5]/SE (v) checked with  leading edge of 'clk'
Beginpoint: i_href                     (^) triggered by  leading edge of 'clk'
Path Groups: {clk}
Analysis View: all
Other End Arrival Time          0.133
- Setup                         0.275
+ Phase Shift                   4.000
= Required Time                 3.858
- Arrival Time                  1.710
= Slack Time                    2.149
     Clock Rise Edge                      0.000
     + Input Delay                        1.000
     = Beginpoint Arrival Time            1.000
     Timing Path:
     +-------------------------------------------------------------------------------+ 
     |        Instance         |     Arc     |   Cell   | Delay | Arrival | Required | 
     |                         |             |          |       |  Time   |   Time   | 
     |-------------------------+-------------+----------+-------+---------+----------| 
     |                         | i_href ^    |          |       |   1.000 |    3.149 | 
     | g79753                  | A ^ -> Y v  | INVX1    | 0.045 |   1.045 |    3.194 | 
     | g79726                  | B v -> Y ^  | NOR2X1   | 0.033 |   1.078 |    3.227 | 
     | g79692                  | B ^ -> Y v  | NAND2X1  | 0.026 |   1.104 |    3.252 | 
     | g79814                  | AN v -> Y v | NAND2BX1 | 0.025 |   1.129 |    3.278 | 
     | FE_OFC885_n_4           | A v -> Y ^  | INVX1    | 0.063 |   1.192 |    3.340 | 
     | FE_OFC1204_n_4          | A ^ -> Y v  | INVX1    | 0.128 |   1.319 |    3.468 | 
     | g79569                  | B v -> Y ^  | NOR2X1   | 0.128 |   1.447 |    3.596 | 
     | FE_OFC690_n_149         | A ^ -> Y ^  | BUFX2    | 0.116 |   1.563 |    3.712 | 
     | g79042                  | B ^ -> Y v  | NAND2X1  | 0.146 |   1.710 |    3.858 | 
     | line_buff_0_reg[244][5] | SE v        | SDFFQX1  | 0.000 |   1.710 |    3.858 | 
     +-------------------------------------------------------------------------------+ 
     Clock Rise Edge                      0.000
     + Source Insertion Delay            -0.257
     = Beginpoint Arrival Time           -0.257
     Other End Path:
     +-------------------------------------------------------------------------------+ 
     |        Instance         |    Arc     |   Cell    | Delay | Arrival | Required | 
     |                         |            |           |       |  Time   |   Time   | 
     |-------------------------+------------+-----------+-------+---------+----------| 
     |                         | clk ^      |           |       |  -0.257 |   -2.406 | 
     | CTS_ccl_a_buf_00160     | A ^ -> Y ^ | CLKBUFX20 | 0.180 |  -0.077 |   -2.226 | 
     | CTS_ccl_a_buf_00138     | A ^ -> Y ^ | CLKBUFX6  | 0.208 |   0.131 |   -2.018 | 
     | line_buff_0_reg[244][5] | CK ^       | SDFFQX1   | 0.003 |   0.133 |   -2.015 | 
     +-------------------------------------------------------------------------------+ 
Path 61: MET Setup Check with Pin line_buff_0_reg[244][4]/CK 
Endpoint:   line_buff_0_reg[244][4]/SE (v) checked with  leading edge of 'clk'
Beginpoint: i_href                     (^) triggered by  leading edge of 'clk'
Path Groups: {clk}
Analysis View: all
Other End Arrival Time          0.133
- Setup                         0.275
+ Phase Shift                   4.000
= Required Time                 3.858
- Arrival Time                  1.710
= Slack Time                    2.149
     Clock Rise Edge                      0.000
     + Input Delay                        1.000
     = Beginpoint Arrival Time            1.000
     Timing Path:
     +-------------------------------------------------------------------------------+ 
     |        Instance         |     Arc     |   Cell   | Delay | Arrival | Required | 
     |                         |             |          |       |  Time   |   Time   | 
     |-------------------------+-------------+----------+-------+---------+----------| 
     |                         | i_href ^    |          |       |   1.000 |    3.149 | 
     | g79753                  | A ^ -> Y v  | INVX1    | 0.045 |   1.045 |    3.194 | 
     | g79726                  | B v -> Y ^  | NOR2X1   | 0.033 |   1.078 |    3.227 | 
     | g79692                  | B ^ -> Y v  | NAND2X1  | 0.026 |   1.104 |    3.252 | 
     | g79814                  | AN v -> Y v | NAND2BX1 | 0.025 |   1.129 |    3.278 | 
     | FE_OFC885_n_4           | A v -> Y ^  | INVX1    | 0.063 |   1.192 |    3.340 | 
     | FE_OFC1204_n_4          | A ^ -> Y v  | INVX1    | 0.128 |   1.319 |    3.468 | 
     | g79569                  | B v -> Y ^  | NOR2X1   | 0.128 |   1.447 |    3.596 | 
     | FE_OFC690_n_149         | A ^ -> Y ^  | BUFX2    | 0.116 |   1.563 |    3.712 | 
     | g79042                  | B ^ -> Y v  | NAND2X1  | 0.146 |   1.710 |    3.858 | 
     | line_buff_0_reg[244][4] | SE v        | SDFFQX1  | 0.000 |   1.710 |    3.858 | 
     +-------------------------------------------------------------------------------+ 
     Clock Rise Edge                      0.000
     + Source Insertion Delay            -0.257
     = Beginpoint Arrival Time           -0.257
     Other End Path:
     +-------------------------------------------------------------------------------+ 
     |        Instance         |    Arc     |   Cell    | Delay | Arrival | Required | 
     |                         |            |           |       |  Time   |   Time   | 
     |-------------------------+------------+-----------+-------+---------+----------| 
     |                         | clk ^      |           |       |  -0.257 |   -2.406 | 
     | CTS_ccl_a_buf_00160     | A ^ -> Y ^ | CLKBUFX20 | 0.180 |  -0.077 |   -2.226 | 
     | CTS_ccl_a_buf_00138     | A ^ -> Y ^ | CLKBUFX6  | 0.208 |   0.131 |   -2.018 | 
     | line_buff_0_reg[244][4] | CK ^       | SDFFQX1   | 0.003 |   0.133 |   -2.015 | 
     +-------------------------------------------------------------------------------+ 
Path 62: MET Setup Check with Pin line_buff_1_reg[916][5]/CK 
Endpoint:   line_buff_1_reg[916][5]/SE (^) checked with  leading edge of 'clk'
Beginpoint: i_href                     (^) triggered by  leading edge of 'clk'
Path Groups: {clk}
Analysis View: all
Other End Arrival Time          0.147
- Setup                         0.291
+ Phase Shift                   4.000
= Required Time                 3.855
- Arrival Time                  1.707
= Slack Time                    2.149
     Clock Rise Edge                      0.000
     + Input Delay                        1.000
     = Beginpoint Arrival Time            1.000
     Timing Path:
     +-------------------------------------------------------------------------------+ 
     |        Instance         |     Arc     |   Cell   | Delay | Arrival | Required | 
     |                         |             |          |       |  Time   |   Time   | 
     |-------------------------+-------------+----------+-------+---------+----------| 
     |                         | i_href ^    |          |       |   1.000 |    3.149 | 
     | g79753                  | A ^ -> Y v  | INVX1    | 0.045 |   1.045 |    3.194 | 
     | g79726                  | B v -> Y ^  | NOR2X1   | 0.033 |   1.078 |    3.227 | 
     | g79692                  | B ^ -> Y v  | NAND2X1  | 0.026 |   1.104 |    3.252 | 
     | g79814                  | AN v -> Y v | NAND2BX1 | 0.025 |   1.129 |    3.278 | 
     | FE_OFC885_n_4           | A v -> Y ^  | INVX1    | 0.063 |   1.192 |    3.340 | 
     | FE_OFC1204_n_4          | A ^ -> Y v  | INVX1    | 0.128 |   1.319 |    3.468 | 
     | g79572                  | B v -> Y ^  | NOR2X2   | 0.130 |   1.450 |    3.599 | 
     | g79548                  | A ^ -> Y v  | INVX1    | 0.097 |   1.547 |    3.695 | 
     | g79304                  | B v -> Y ^  | NOR2X1   | 0.159 |   1.705 |    3.854 | 
     | line_buff_1_reg[916][5] | SE ^        | SDFFQX1  | 0.001 |   1.707 |    3.855 | 
     +-------------------------------------------------------------------------------+ 
     Clock Rise Edge                      0.000
     + Source Insertion Delay            -0.257
     = Beginpoint Arrival Time           -0.257
     Other End Path:
     +-------------------------------------------------------------------------------+ 
     |        Instance         |    Arc     |   Cell    | Delay | Arrival | Required | 
     |                         |            |           |       |  Time   |   Time   | 
     |-------------------------+------------+-----------+-------+---------+----------| 
     |                         | clk ^      |           |       |  -0.257 |   -2.406 | 
     | CTS_ccl_a_buf_00158     | A ^ -> Y ^ | CLKBUFX20 | 0.185 |  -0.072 |   -2.221 | 
     | CTS_ccl_a_buf_00047     | A ^ -> Y ^ | CLKBUFX6  | 0.218 |   0.145 |   -2.003 | 
     | line_buff_1_reg[916][5] | CK ^       | SDFFQX1   | 0.001 |   0.147 |   -2.002 | 
     +-------------------------------------------------------------------------------+ 
Path 63: MET Setup Check with Pin line_buff_1_reg[916][4]/CK 
Endpoint:   line_buff_1_reg[916][4]/SE (^) checked with  leading edge of 'clk'
Beginpoint: i_href                     (^) triggered by  leading edge of 'clk'
Path Groups: {clk}
Analysis View: all
Other End Arrival Time          0.147
- Setup                         0.291
+ Phase Shift                   4.000
= Required Time                 3.855
- Arrival Time                  1.707
= Slack Time                    2.149
     Clock Rise Edge                      0.000
     + Input Delay                        1.000
     = Beginpoint Arrival Time            1.000
     Timing Path:
     +-------------------------------------------------------------------------------+ 
     |        Instance         |     Arc     |   Cell   | Delay | Arrival | Required | 
     |                         |             |          |       |  Time   |   Time   | 
     |-------------------------+-------------+----------+-------+---------+----------| 
     |                         | i_href ^    |          |       |   1.000 |    3.149 | 
     | g79753                  | A ^ -> Y v  | INVX1    | 0.045 |   1.045 |    3.194 | 
     | g79726                  | B v -> Y ^  | NOR2X1   | 0.033 |   1.078 |    3.227 | 
     | g79692                  | B ^ -> Y v  | NAND2X1  | 0.026 |   1.104 |    3.252 | 
     | g79814                  | AN v -> Y v | NAND2BX1 | 0.025 |   1.129 |    3.278 | 
     | FE_OFC885_n_4           | A v -> Y ^  | INVX1    | 0.063 |   1.192 |    3.340 | 
     | FE_OFC1204_n_4          | A ^ -> Y v  | INVX1    | 0.128 |   1.319 |    3.468 | 
     | g79572                  | B v -> Y ^  | NOR2X2   | 0.130 |   1.450 |    3.599 | 
     | g79548                  | A ^ -> Y v  | INVX1    | 0.097 |   1.547 |    3.695 | 
     | g79304                  | B v -> Y ^  | NOR2X1   | 0.159 |   1.705 |    3.854 | 
     | line_buff_1_reg[916][4] | SE ^        | SDFFQX1  | 0.001 |   1.707 |    3.855 | 
     +-------------------------------------------------------------------------------+ 
     Clock Rise Edge                      0.000
     + Source Insertion Delay            -0.257
     = Beginpoint Arrival Time           -0.257
     Other End Path:
     +-------------------------------------------------------------------------------+ 
     |        Instance         |    Arc     |   Cell    | Delay | Arrival | Required | 
     |                         |            |           |       |  Time   |   Time   | 
     |-------------------------+------------+-----------+-------+---------+----------| 
     |                         | clk ^      |           |       |  -0.257 |   -2.406 | 
     | CTS_ccl_a_buf_00158     | A ^ -> Y ^ | CLKBUFX20 | 0.185 |  -0.072 |   -2.221 | 
     | CTS_ccl_a_buf_00047     | A ^ -> Y ^ | CLKBUFX6  | 0.218 |   0.145 |   -2.003 | 
     | line_buff_1_reg[916][4] | CK ^       | SDFFQX1   | 0.001 |   0.147 |   -2.002 | 
     +-------------------------------------------------------------------------------+ 
Path 64: MET Setup Check with Pin line_buff_0_reg[916][5]/CK 
Endpoint:   line_buff_0_reg[916][5]/SE (^) checked with  leading edge of 'clk'
Beginpoint: i_href                     (^) triggered by  leading edge of 'clk'
Path Groups: {clk}
Analysis View: all
Other End Arrival Time          0.146
- Setup                         0.291
+ Phase Shift                   4.000
= Required Time                 3.855
- Arrival Time                  1.706
= Slack Time                    2.149
     Clock Rise Edge                      0.000
     + Input Delay                        1.000
     = Beginpoint Arrival Time            1.000
     Timing Path:
     +-------------------------------------------------------------------------------+ 
     |        Instance         |     Arc     |   Cell   | Delay | Arrival | Required | 
     |                         |             |          |       |  Time   |   Time   | 
     |-------------------------+-------------+----------+-------+---------+----------| 
     |                         | i_href ^    |          |       |   1.000 |    3.149 | 
     | g79753                  | A ^ -> Y v  | INVX1    | 0.045 |   1.045 |    3.194 | 
     | g79726                  | B v -> Y ^  | NOR2X1   | 0.033 |   1.078 |    3.227 | 
     | g79692                  | B ^ -> Y v  | NAND2X1  | 0.026 |   1.104 |    3.252 | 
     | g79814                  | AN v -> Y v | NAND2BX1 | 0.025 |   1.129 |    3.278 | 
     | FE_OFC885_n_4           | A v -> Y ^  | INVX1    | 0.063 |   1.192 |    3.340 | 
     | FE_OFC1204_n_4          | A ^ -> Y v  | INVX1    | 0.128 |   1.319 |    3.468 | 
     | g79572                  | B v -> Y ^  | NOR2X2   | 0.130 |   1.450 |    3.599 | 
     | g79548                  | A ^ -> Y v  | INVX1    | 0.097 |   1.547 |    3.695 | 
     | g79304                  | B v -> Y ^  | NOR2X1   | 0.159 |   1.705 |    3.854 | 
     | line_buff_0_reg[916][5] | SE ^        | SDFFQX1  | 0.001 |   1.706 |    3.855 | 
     +-------------------------------------------------------------------------------+ 
     Clock Rise Edge                      0.000
     + Source Insertion Delay            -0.257
     = Beginpoint Arrival Time           -0.257
     Other End Path:
     +-------------------------------------------------------------------------------+ 
     |        Instance         |    Arc     |   Cell    | Delay | Arrival | Required | 
     |                         |            |           |       |  Time   |   Time   | 
     |-------------------------+------------+-----------+-------+---------+----------| 
     |                         | clk ^      |           |       |  -0.257 |   -2.406 | 
     | CTS_ccl_a_buf_00158     | A ^ -> Y ^ | CLKBUFX20 | 0.185 |  -0.072 |   -2.221 | 
     | CTS_ccl_a_buf_00047     | A ^ -> Y ^ | CLKBUFX6  | 0.218 |   0.145 |   -2.003 | 
     | line_buff_0_reg[916][5] | CK ^       | SDFFQX1   | 0.001 |   0.146 |   -2.002 | 
     +-------------------------------------------------------------------------------+ 
Path 65: MET Setup Check with Pin line_buff_0_reg[916][4]/CK 
Endpoint:   line_buff_0_reg[916][4]/SE (^) checked with  leading edge of 'clk'
Beginpoint: i_href                     (^) triggered by  leading edge of 'clk'
Path Groups: {clk}
Analysis View: all
Other End Arrival Time          0.147
- Setup                         0.291
+ Phase Shift                   4.000
= Required Time                 3.855
- Arrival Time                  1.707
= Slack Time                    2.149
     Clock Rise Edge                      0.000
     + Input Delay                        1.000
     = Beginpoint Arrival Time            1.000
     Timing Path:
     +-------------------------------------------------------------------------------+ 
     |        Instance         |     Arc     |   Cell   | Delay | Arrival | Required | 
     |                         |             |          |       |  Time   |   Time   | 
     |-------------------------+-------------+----------+-------+---------+----------| 
     |                         | i_href ^    |          |       |   1.000 |    3.149 | 
     | g79753                  | A ^ -> Y v  | INVX1    | 0.045 |   1.045 |    3.194 | 
     | g79726                  | B v -> Y ^  | NOR2X1   | 0.033 |   1.078 |    3.227 | 
     | g79692                  | B ^ -> Y v  | NAND2X1  | 0.026 |   1.104 |    3.252 | 
     | g79814                  | AN v -> Y v | NAND2BX1 | 0.025 |   1.129 |    3.278 | 
     | FE_OFC885_n_4           | A v -> Y ^  | INVX1    | 0.063 |   1.192 |    3.340 | 
     | FE_OFC1204_n_4          | A ^ -> Y v  | INVX1    | 0.128 |   1.319 |    3.468 | 
     | g79572                  | B v -> Y ^  | NOR2X2   | 0.130 |   1.450 |    3.599 | 
     | g79548                  | A ^ -> Y v  | INVX1    | 0.097 |   1.547 |    3.695 | 
     | g79304                  | B v -> Y ^  | NOR2X1   | 0.159 |   1.705 |    3.854 | 
     | line_buff_0_reg[916][4] | SE ^        | SDFFQX1  | 0.001 |   1.707 |    3.855 | 
     +-------------------------------------------------------------------------------+ 
     Clock Rise Edge                      0.000
     + Source Insertion Delay            -0.257
     = Beginpoint Arrival Time           -0.257
     Other End Path:
     +-------------------------------------------------------------------------------+ 
     |        Instance         |    Arc     |   Cell    | Delay | Arrival | Required | 
     |                         |            |           |       |  Time   |   Time   | 
     |-------------------------+------------+-----------+-------+---------+----------| 
     |                         | clk ^      |           |       |  -0.257 |   -2.406 | 
     | CTS_ccl_a_buf_00158     | A ^ -> Y ^ | CLKBUFX20 | 0.185 |  -0.072 |   -2.221 | 
     | CTS_ccl_a_buf_00047     | A ^ -> Y ^ | CLKBUFX6  | 0.218 |   0.145 |   -2.003 | 
     | line_buff_0_reg[916][4] | CK ^       | SDFFQX1   | 0.001 |   0.147 |   -2.002 | 
     +-------------------------------------------------------------------------------+ 
Path 66: MET Setup Check with Pin line_buff_0_reg[916][2]/CK 
Endpoint:   line_buff_0_reg[916][2]/SE (^) checked with  leading edge of 'clk'
Beginpoint: i_href                     (^) triggered by  leading edge of 'clk'
Path Groups: {clk}
Analysis View: all
Other End Arrival Time          0.147
- Setup                         0.291
+ Phase Shift                   4.000
= Required Time                 3.855
- Arrival Time                  1.707
= Slack Time                    2.149
     Clock Rise Edge                      0.000
     + Input Delay                        1.000
     = Beginpoint Arrival Time            1.000
     Timing Path:
     +-------------------------------------------------------------------------------+ 
     |        Instance         |     Arc     |   Cell   | Delay | Arrival | Required | 
     |                         |             |          |       |  Time   |   Time   | 
     |-------------------------+-------------+----------+-------+---------+----------| 
     |                         | i_href ^    |          |       |   1.000 |    3.149 | 
     | g79753                  | A ^ -> Y v  | INVX1    | 0.045 |   1.045 |    3.194 | 
     | g79726                  | B v -> Y ^  | NOR2X1   | 0.033 |   1.078 |    3.227 | 
     | g79692                  | B ^ -> Y v  | NAND2X1  | 0.026 |   1.104 |    3.252 | 
     | g79814                  | AN v -> Y v | NAND2BX1 | 0.025 |   1.129 |    3.278 | 
     | FE_OFC885_n_4           | A v -> Y ^  | INVX1    | 0.063 |   1.192 |    3.340 | 
     | FE_OFC1204_n_4          | A ^ -> Y v  | INVX1    | 0.128 |   1.319 |    3.468 | 
     | g79572                  | B v -> Y ^  | NOR2X2   | 0.130 |   1.450 |    3.599 | 
     | g79548                  | A ^ -> Y v  | INVX1    | 0.097 |   1.547 |    3.695 | 
     | g79304                  | B v -> Y ^  | NOR2X1   | 0.159 |   1.705 |    3.854 | 
     | line_buff_0_reg[916][2] | SE ^        | SDFFQX1  | 0.001 |   1.707 |    3.855 | 
     +-------------------------------------------------------------------------------+ 
     Clock Rise Edge                      0.000
     + Source Insertion Delay            -0.257
     = Beginpoint Arrival Time           -0.257
     Other End Path:
     +-------------------------------------------------------------------------------+ 
     |        Instance         |    Arc     |   Cell    | Delay | Arrival | Required | 
     |                         |            |           |       |  Time   |   Time   | 
     |-------------------------+------------+-----------+-------+---------+----------| 
     |                         | clk ^      |           |       |  -0.257 |   -2.406 | 
     | CTS_ccl_a_buf_00158     | A ^ -> Y ^ | CLKBUFX20 | 0.185 |  -0.072 |   -2.221 | 
     | CTS_ccl_a_buf_00047     | A ^ -> Y ^ | CLKBUFX6  | 0.218 |   0.145 |   -2.003 | 
     | line_buff_0_reg[916][2] | CK ^       | SDFFQX1   | 0.001 |   0.147 |   -2.002 | 
     +-------------------------------------------------------------------------------+ 
Path 67: MET Setup Check with Pin line_buff_0_reg[916][1]/CK 
Endpoint:   line_buff_0_reg[916][1]/SE (^) checked with  leading edge of 'clk'
Beginpoint: i_href                     (^) triggered by  leading edge of 'clk'
Path Groups: {clk}
Analysis View: all
Other End Arrival Time          0.147
- Setup                         0.291
+ Phase Shift                   4.000
= Required Time                 3.855
- Arrival Time                  1.707
= Slack Time                    2.149
     Clock Rise Edge                      0.000
     + Input Delay                        1.000
     = Beginpoint Arrival Time            1.000
     Timing Path:
     +-------------------------------------------------------------------------------+ 
     |        Instance         |     Arc     |   Cell   | Delay | Arrival | Required | 
     |                         |             |          |       |  Time   |   Time   | 
     |-------------------------+-------------+----------+-------+---------+----------| 
     |                         | i_href ^    |          |       |   1.000 |    3.149 | 
     | g79753                  | A ^ -> Y v  | INVX1    | 0.045 |   1.045 |    3.194 | 
     | g79726                  | B v -> Y ^  | NOR2X1   | 0.033 |   1.078 |    3.227 | 
     | g79692                  | B ^ -> Y v  | NAND2X1  | 0.026 |   1.104 |    3.252 | 
     | g79814                  | AN v -> Y v | NAND2BX1 | 0.025 |   1.129 |    3.278 | 
     | FE_OFC885_n_4           | A v -> Y ^  | INVX1    | 0.063 |   1.192 |    3.340 | 
     | FE_OFC1204_n_4          | A ^ -> Y v  | INVX1    | 0.128 |   1.319 |    3.468 | 
     | g79572                  | B v -> Y ^  | NOR2X2   | 0.130 |   1.450 |    3.599 | 
     | g79548                  | A ^ -> Y v  | INVX1    | 0.097 |   1.547 |    3.695 | 
     | g79304                  | B v -> Y ^  | NOR2X1   | 0.159 |   1.705 |    3.854 | 
     | line_buff_0_reg[916][1] | SE ^        | SDFFQX1  | 0.001 |   1.707 |    3.855 | 
     +-------------------------------------------------------------------------------+ 
     Clock Rise Edge                      0.000
     + Source Insertion Delay            -0.257
     = Beginpoint Arrival Time           -0.257
     Other End Path:
     +-------------------------------------------------------------------------------+ 
     |        Instance         |    Arc     |   Cell    | Delay | Arrival | Required | 
     |                         |            |           |       |  Time   |   Time   | 
     |-------------------------+------------+-----------+-------+---------+----------| 
     |                         | clk ^      |           |       |  -0.257 |   -2.406 | 
     | CTS_ccl_a_buf_00158     | A ^ -> Y ^ | CLKBUFX20 | 0.185 |  -0.072 |   -2.221 | 
     | CTS_ccl_a_buf_00047     | A ^ -> Y ^ | CLKBUFX6  | 0.218 |   0.145 |   -2.003 | 
     | line_buff_0_reg[916][1] | CK ^       | SDFFQX1   | 0.001 |   0.147 |   -2.002 | 
     +-------------------------------------------------------------------------------+ 
Path 68: MET Setup Check with Pin line_buff_1_reg[212][4]/CK 
Endpoint:   line_buff_1_reg[212][4]/SE (v) checked with  leading edge of 'clk'
Beginpoint: i_href                     (^) triggered by  leading edge of 'clk'
Path Groups: {clk}
Analysis View: all
Other End Arrival Time          0.128
- Setup                         0.273
+ Phase Shift                   4.000
= Required Time                 3.855
- Arrival Time                  1.706
= Slack Time                    2.149
     Clock Rise Edge                      0.000
     + Input Delay                        1.000
     = Beginpoint Arrival Time            1.000
     Timing Path:
     +-------------------------------------------------------------------------------+ 
     |        Instance         |     Arc     |   Cell   | Delay | Arrival | Required | 
     |                         |             |          |       |  Time   |   Time   | 
     |-------------------------+-------------+----------+-------+---------+----------| 
     |                         | i_href ^    |          |       |   1.000 |    3.149 | 
     | g79753                  | A ^ -> Y v  | INVX1    | 0.045 |   1.045 |    3.194 | 
     | g79726                  | B v -> Y ^  | NOR2X1   | 0.033 |   1.078 |    3.227 | 
     | g79692                  | B ^ -> Y v  | NAND2X1  | 0.026 |   1.104 |    3.252 | 
     | g79814                  | AN v -> Y v | NAND2BX1 | 0.025 |   1.129 |    3.278 | 
     | FE_OFC885_n_4           | A v -> Y ^  | INVX1    | 0.063 |   1.192 |    3.341 | 
     | FE_OFC1204_n_4          | A ^ -> Y v  | INVX1    | 0.128 |   1.319 |    3.468 | 
     | g79569                  | B v -> Y ^  | NOR2X1   | 0.128 |   1.447 |    3.596 | 
     | FE_OFC690_n_149         | A ^ -> Y ^  | BUFX2    | 0.116 |   1.563 |    3.712 | 
     | g79162                  | B ^ -> Y v  | NAND2X1  | 0.142 |   1.706 |    3.855 | 
     | line_buff_1_reg[212][4] | SE v        | SDFFQX1  | 0.000 |   1.706 |    3.855 | 
     +-------------------------------------------------------------------------------+ 
     Clock Rise Edge                      0.000
     + Source Insertion Delay            -0.257
     = Beginpoint Arrival Time           -0.257
     Other End Path:
     +-------------------------------------------------------------------------------+ 
     |        Instance         |    Arc     |   Cell    | Delay | Arrival | Required | 
     |                         |            |           |       |  Time   |   Time   | 
     |-------------------------+------------+-----------+-------+---------+----------| 
     |                         | clk ^      |           |       |  -0.257 |   -2.406 | 
     | CTS_ccl_a_buf_00160     | A ^ -> Y ^ | CLKBUFX20 | 0.180 |  -0.077 |   -2.226 | 
     | CTS_ccl_a_buf_00111     | A ^ -> Y ^ | CLKBUFX6  | 0.204 |   0.127 |   -2.022 | 
     | line_buff_1_reg[212][4] | CK ^       | SDFFQX1   | 0.001 |   0.128 |   -2.021 | 
     +-------------------------------------------------------------------------------+ 
Path 69: MET Setup Check with Pin line_buff_1_reg[212][3]/CK 
Endpoint:   line_buff_1_reg[212][3]/SE (v) checked with  leading edge of 'clk'
Beginpoint: i_href                     (^) triggered by  leading edge of 'clk'
Path Groups: {clk}
Analysis View: all
Other End Arrival Time          0.128
- Setup                         0.273
+ Phase Shift                   4.000
= Required Time                 3.855
- Arrival Time                  1.706
= Slack Time                    2.149
     Clock Rise Edge                      0.000
     + Input Delay                        1.000
     = Beginpoint Arrival Time            1.000
     Timing Path:
     +-------------------------------------------------------------------------------+ 
     |        Instance         |     Arc     |   Cell   | Delay | Arrival | Required | 
     |                         |             |          |       |  Time   |   Time   | 
     |-------------------------+-------------+----------+-------+---------+----------| 
     |                         | i_href ^    |          |       |   1.000 |    3.149 | 
     | g79753                  | A ^ -> Y v  | INVX1    | 0.045 |   1.045 |    3.194 | 
     | g79726                  | B v -> Y ^  | NOR2X1   | 0.033 |   1.078 |    3.227 | 
     | g79692                  | B ^ -> Y v  | NAND2X1  | 0.026 |   1.104 |    3.252 | 
     | g79814                  | AN v -> Y v | NAND2BX1 | 0.025 |   1.129 |    3.278 | 
     | FE_OFC885_n_4           | A v -> Y ^  | INVX1    | 0.063 |   1.192 |    3.341 | 
     | FE_OFC1204_n_4          | A ^ -> Y v  | INVX1    | 0.128 |   1.319 |    3.468 | 
     | g79569                  | B v -> Y ^  | NOR2X1   | 0.128 |   1.447 |    3.596 | 
     | FE_OFC690_n_149         | A ^ -> Y ^  | BUFX2    | 0.116 |   1.563 |    3.712 | 
     | g79162                  | B ^ -> Y v  | NAND2X1  | 0.142 |   1.706 |    3.855 | 
     | line_buff_1_reg[212][3] | SE v        | SDFFQX1  | 0.000 |   1.706 |    3.855 | 
     +-------------------------------------------------------------------------------+ 
     Clock Rise Edge                      0.000
     + Source Insertion Delay            -0.257
     = Beginpoint Arrival Time           -0.257
     Other End Path:
     +-------------------------------------------------------------------------------+ 
     |        Instance         |    Arc     |   Cell    | Delay | Arrival | Required | 
     |                         |            |           |       |  Time   |   Time   | 
     |-------------------------+------------+-----------+-------+---------+----------| 
     |                         | clk ^      |           |       |  -0.257 |   -2.406 | 
     | CTS_ccl_a_buf_00160     | A ^ -> Y ^ | CLKBUFX20 | 0.180 |  -0.077 |   -2.226 | 
     | CTS_ccl_a_buf_00111     | A ^ -> Y ^ | CLKBUFX6  | 0.204 |   0.127 |   -2.022 | 
     | line_buff_1_reg[212][3] | CK ^       | SDFFQX1   | 0.001 |   0.128 |   -2.021 | 
     +-------------------------------------------------------------------------------+ 
Path 70: MET Setup Check with Pin line_buff_1_reg[916][1]/CK 
Endpoint:   line_buff_1_reg[916][1]/SE (^) checked with  leading edge of 'clk'
Beginpoint: i_href                     (^) triggered by  leading edge of 'clk'
Path Groups: {clk}
Analysis View: all
Other End Arrival Time          0.146
- Setup                         0.291
+ Phase Shift                   4.000
= Required Time                 3.855
- Arrival Time                  1.706
= Slack Time                    2.149
     Clock Rise Edge                      0.000
     + Input Delay                        1.000
     = Beginpoint Arrival Time            1.000
     Timing Path:
     +-------------------------------------------------------------------------------+ 
     |        Instance         |     Arc     |   Cell   | Delay | Arrival | Required | 
     |                         |             |          |       |  Time   |   Time   | 
     |-------------------------+-------------+----------+-------+---------+----------| 
     |                         | i_href ^    |          |       |   1.000 |    3.149 | 
     | g79753                  | A ^ -> Y v  | INVX1    | 0.045 |   1.045 |    3.194 | 
     | g79726                  | B v -> Y ^  | NOR2X1   | 0.033 |   1.078 |    3.227 | 
     | g79692                  | B ^ -> Y v  | NAND2X1  | 0.026 |   1.104 |    3.253 | 
     | g79814                  | AN v -> Y v | NAND2BX1 | 0.025 |   1.129 |    3.278 | 
     | FE_OFC885_n_4           | A v -> Y ^  | INVX1    | 0.063 |   1.192 |    3.341 | 
     | FE_OFC1204_n_4          | A ^ -> Y v  | INVX1    | 0.128 |   1.319 |    3.468 | 
     | g79572                  | B v -> Y ^  | NOR2X2   | 0.130 |   1.450 |    3.599 | 
     | g79548                  | A ^ -> Y v  | INVX1    | 0.097 |   1.547 |    3.696 | 
     | g79304                  | B v -> Y ^  | NOR2X1   | 0.159 |   1.705 |    3.854 | 
     | line_buff_1_reg[916][1] | SE ^        | SDFFQX1  | 0.001 |   1.706 |    3.855 | 
     +-------------------------------------------------------------------------------+ 
     Clock Rise Edge                      0.000
     + Source Insertion Delay            -0.257
     = Beginpoint Arrival Time           -0.257
     Other End Path:
     +-------------------------------------------------------------------------------+ 
     |        Instance         |    Arc     |   Cell    | Delay | Arrival | Required | 
     |                         |            |           |       |  Time   |   Time   | 
     |-------------------------+------------+-----------+-------+---------+----------| 
     |                         | clk ^      |           |       |  -0.257 |   -2.406 | 
     | CTS_ccl_a_buf_00158     | A ^ -> Y ^ | CLKBUFX20 | 0.185 |  -0.072 |   -2.221 | 
     | CTS_ccl_a_buf_00047     | A ^ -> Y ^ | CLKBUFX6  | 0.218 |   0.145 |   -2.004 | 
     | line_buff_1_reg[916][1] | CK ^       | SDFFQX1   | 0.001 |   0.146 |   -2.003 | 
     +-------------------------------------------------------------------------------+ 
Path 71: MET Setup Check with Pin line_buff_1_reg[212][1]/CK 
Endpoint:   line_buff_1_reg[212][1]/SE (v) checked with  leading edge of 'clk'
Beginpoint: i_href                     (^) triggered by  leading edge of 'clk'
Path Groups: {clk}
Analysis View: all
Other End Arrival Time          0.129
- Setup                         0.273
+ Phase Shift                   4.000
= Required Time                 3.855
- Arrival Time                  1.706
= Slack Time                    2.149
     Clock Rise Edge                      0.000
     + Input Delay                        1.000
     = Beginpoint Arrival Time            1.000
     Timing Path:
     +-------------------------------------------------------------------------------+ 
     |        Instance         |     Arc     |   Cell   | Delay | Arrival | Required | 
     |                         |             |          |       |  Time   |   Time   | 
     |-------------------------+-------------+----------+-------+---------+----------| 
     |                         | i_href ^    |          |       |   1.000 |    3.149 | 
     | g79753                  | A ^ -> Y v  | INVX1    | 0.045 |   1.045 |    3.194 | 
     | g79726                  | B v -> Y ^  | NOR2X1   | 0.033 |   1.078 |    3.227 | 
     | g79692                  | B ^ -> Y v  | NAND2X1  | 0.026 |   1.104 |    3.253 | 
     | g79814                  | AN v -> Y v | NAND2BX1 | 0.025 |   1.129 |    3.278 | 
     | FE_OFC885_n_4           | A v -> Y ^  | INVX1    | 0.063 |   1.192 |    3.341 | 
     | FE_OFC1204_n_4          | A ^ -> Y v  | INVX1    | 0.128 |   1.319 |    3.468 | 
     | g79569                  | B v -> Y ^  | NOR2X1   | 0.128 |   1.447 |    3.596 | 
     | FE_OFC690_n_149         | A ^ -> Y ^  | BUFX2    | 0.116 |   1.563 |    3.712 | 
     | g79162                  | B ^ -> Y v  | NAND2X1  | 0.142 |   1.706 |    3.855 | 
     | line_buff_1_reg[212][1] | SE v        | SDFFQX1  | 0.000 |   1.706 |    3.855 | 
     +-------------------------------------------------------------------------------+ 
     Clock Rise Edge                      0.000
     + Source Insertion Delay            -0.257
     = Beginpoint Arrival Time           -0.257
     Other End Path:
     +-------------------------------------------------------------------------------+ 
     |        Instance         |    Arc     |   Cell    | Delay | Arrival | Required | 
     |                         |            |           |       |  Time   |   Time   | 
     |-------------------------+------------+-----------+-------+---------+----------| 
     |                         | clk ^      |           |       |  -0.257 |   -2.406 | 
     | CTS_ccl_a_buf_00160     | A ^ -> Y ^ | CLKBUFX20 | 0.180 |  -0.077 |   -2.226 | 
     | CTS_ccl_a_buf_00111     | A ^ -> Y ^ | CLKBUFX6  | 0.204 |   0.127 |   -2.022 | 
     | line_buff_1_reg[212][1] | CK ^       | SDFFQX1   | 0.002 |   0.129 |   -2.020 | 
     +-------------------------------------------------------------------------------+ 
Path 72: MET Setup Check with Pin line_buff_0_reg[212][4]/CK 
Endpoint:   line_buff_0_reg[212][4]/SE (v) checked with  leading edge of 'clk'
Beginpoint: i_href                     (^) triggered by  leading edge of 'clk'
Path Groups: {clk}
Analysis View: all
Other End Arrival Time          0.129
- Setup                         0.273
+ Phase Shift                   4.000
= Required Time                 3.855
- Arrival Time                  1.706
= Slack Time                    2.149
     Clock Rise Edge                      0.000
     + Input Delay                        1.000
     = Beginpoint Arrival Time            1.000
     Timing Path:
     +-------------------------------------------------------------------------------+ 
     |        Instance         |     Arc     |   Cell   | Delay | Arrival | Required | 
     |                         |             |          |       |  Time   |   Time   | 
     |-------------------------+-------------+----------+-------+---------+----------| 
     |                         | i_href ^    |          |       |   1.000 |    3.149 | 
     | g79753                  | A ^ -> Y v  | INVX1    | 0.045 |   1.045 |    3.194 | 
     | g79726                  | B v -> Y ^  | NOR2X1   | 0.033 |   1.078 |    3.227 | 
     | g79692                  | B ^ -> Y v  | NAND2X1  | 0.026 |   1.104 |    3.253 | 
     | g79814                  | AN v -> Y v | NAND2BX1 | 0.025 |   1.129 |    3.278 | 
     | FE_OFC885_n_4           | A v -> Y ^  | INVX1    | 0.063 |   1.192 |    3.341 | 
     | FE_OFC1204_n_4          | A ^ -> Y v  | INVX1    | 0.128 |   1.319 |    3.468 | 
     | g79569                  | B v -> Y ^  | NOR2X1   | 0.128 |   1.447 |    3.596 | 
     | FE_OFC690_n_149         | A ^ -> Y ^  | BUFX2    | 0.116 |   1.563 |    3.712 | 
     | g79162                  | B ^ -> Y v  | NAND2X1  | 0.142 |   1.706 |    3.855 | 
     | line_buff_0_reg[212][4] | SE v        | SDFFQX1  | 0.000 |   1.706 |    3.855 | 
     +-------------------------------------------------------------------------------+ 
     Clock Rise Edge                      0.000
     + Source Insertion Delay            -0.257
     = Beginpoint Arrival Time           -0.257
     Other End Path:
     +-------------------------------------------------------------------------------+ 
     |        Instance         |    Arc     |   Cell    | Delay | Arrival | Required | 
     |                         |            |           |       |  Time   |   Time   | 
     |-------------------------+------------+-----------+-------+---------+----------| 
     |                         | clk ^      |           |       |  -0.257 |   -2.406 | 
     | CTS_ccl_a_buf_00160     | A ^ -> Y ^ | CLKBUFX20 | 0.180 |  -0.077 |   -2.226 | 
     | CTS_ccl_a_buf_00111     | A ^ -> Y ^ | CLKBUFX6  | 0.204 |   0.127 |   -2.022 | 
     | line_buff_0_reg[212][4] | CK ^       | SDFFQX1   | 0.002 |   0.129 |   -2.020 | 
     +-------------------------------------------------------------------------------+ 
Path 73: MET Setup Check with Pin line_buff_0_reg[212][0]/CK 
Endpoint:   line_buff_0_reg[212][0]/SE (v) checked with  leading edge of 'clk'
Beginpoint: i_href                     (^) triggered by  leading edge of 'clk'
Path Groups: {clk}
Analysis View: all
Other End Arrival Time          0.129
- Setup                         0.273
+ Phase Shift                   4.000
= Required Time                 3.855
- Arrival Time                  1.706
= Slack Time                    2.149
     Clock Rise Edge                      0.000
     + Input Delay                        1.000
     = Beginpoint Arrival Time            1.000
     Timing Path:
     +-------------------------------------------------------------------------------+ 
     |        Instance         |     Arc     |   Cell   | Delay | Arrival | Required | 
     |                         |             |          |       |  Time   |   Time   | 
     |-------------------------+-------------+----------+-------+---------+----------| 
     |                         | i_href ^    |          |       |   1.000 |    3.149 | 
     | g79753                  | A ^ -> Y v  | INVX1    | 0.045 |   1.045 |    3.194 | 
     | g79726                  | B v -> Y ^  | NOR2X1   | 0.033 |   1.078 |    3.227 | 
     | g79692                  | B ^ -> Y v  | NAND2X1  | 0.026 |   1.104 |    3.253 | 
     | g79814                  | AN v -> Y v | NAND2BX1 | 0.025 |   1.129 |    3.278 | 
     | FE_OFC885_n_4           | A v -> Y ^  | INVX1    | 0.063 |   1.192 |    3.341 | 
     | FE_OFC1204_n_4          | A ^ -> Y v  | INVX1    | 0.128 |   1.319 |    3.468 | 
     | g79569                  | B v -> Y ^  | NOR2X1   | 0.128 |   1.447 |    3.596 | 
     | FE_OFC690_n_149         | A ^ -> Y ^  | BUFX2    | 0.116 |   1.563 |    3.712 | 
     | g79162                  | B ^ -> Y v  | NAND2X1  | 0.142 |   1.706 |    3.855 | 
     | line_buff_0_reg[212][0] | SE v        | SDFFQX1  | 0.000 |   1.706 |    3.855 | 
     +-------------------------------------------------------------------------------+ 
     Clock Rise Edge                      0.000
     + Source Insertion Delay            -0.257
     = Beginpoint Arrival Time           -0.257
     Other End Path:
     +-------------------------------------------------------------------------------+ 
     |        Instance         |    Arc     |   Cell    | Delay | Arrival | Required | 
     |                         |            |           |       |  Time   |   Time   | 
     |-------------------------+------------+-----------+-------+---------+----------| 
     |                         | clk ^      |           |       |  -0.257 |   -2.407 | 
     | CTS_ccl_a_buf_00160     | A ^ -> Y ^ | CLKBUFX20 | 0.180 |  -0.077 |   -2.226 | 
     | CTS_ccl_a_buf_00111     | A ^ -> Y ^ | CLKBUFX6  | 0.204 |   0.127 |   -2.022 | 
     | line_buff_0_reg[212][0] | CK ^       | SDFFQX1   | 0.002 |   0.129 |   -2.020 | 
     +-------------------------------------------------------------------------------+ 
Path 74: MET Setup Check with Pin line_buff_0_reg[916][0]/CK 
Endpoint:   line_buff_0_reg[916][0]/SE (^) checked with  leading edge of 'clk'
Beginpoint: i_href                     (^) triggered by  leading edge of 'clk'
Path Groups: {clk}
Analysis View: all
Other End Arrival Time          0.147
- Setup                         0.292
+ Phase Shift                   4.000
= Required Time                 3.856
- Arrival Time                  1.706
= Slack Time                    2.149
     Clock Rise Edge                      0.000
     + Input Delay                        1.000
     = Beginpoint Arrival Time            1.000
     Timing Path:
     +-------------------------------------------------------------------------------+ 
     |        Instance         |     Arc     |   Cell   | Delay | Arrival | Required | 
     |                         |             |          |       |  Time   |   Time   | 
     |-------------------------+-------------+----------+-------+---------+----------| 
     |                         | i_href ^    |          |       |   1.000 |    3.149 | 
     | g79753                  | A ^ -> Y v  | INVX1    | 0.045 |   1.045 |    3.195 | 
     | g79726                  | B v -> Y ^  | NOR2X1   | 0.033 |   1.078 |    3.227 | 
     | g79692                  | B ^ -> Y v  | NAND2X1  | 0.026 |   1.104 |    3.253 | 
     | g79814                  | AN v -> Y v | NAND2BX1 | 0.025 |   1.129 |    3.278 | 
     | FE_OFC885_n_4           | A v -> Y ^  | INVX1    | 0.063 |   1.192 |    3.341 | 
     | FE_OFC1204_n_4          | A ^ -> Y v  | INVX1    | 0.128 |   1.319 |    3.468 | 
     | g79572                  | B v -> Y ^  | NOR2X2   | 0.130 |   1.450 |    3.599 | 
     | g79548                  | A ^ -> Y v  | INVX1    | 0.097 |   1.547 |    3.696 | 
     | g79304                  | B v -> Y ^  | NOR2X1   | 0.159 |   1.705 |    3.855 | 
     | line_buff_0_reg[916][0] | SE ^        | SDFFQX1  | 0.001 |   1.706 |    3.856 | 
     +-------------------------------------------------------------------------------+ 
     Clock Rise Edge                      0.000
     + Source Insertion Delay            -0.257
     = Beginpoint Arrival Time           -0.257
     Other End Path:
     +-------------------------------------------------------------------------------+ 
     |        Instance         |    Arc     |   Cell    | Delay | Arrival | Required | 
     |                         |            |           |       |  Time   |   Time   | 
     |-------------------------+------------+-----------+-------+---------+----------| 
     |                         | clk ^      |           |       |  -0.257 |   -2.407 | 
     | CTS_ccl_a_buf_00158     | A ^ -> Y ^ | CLKBUFX20 | 0.185 |  -0.072 |   -2.221 | 
     | CTS_ccl_a_buf_00061     | A ^ -> Y ^ | CLKBUFX6  | 0.217 |   0.145 |   -2.004 | 
     | line_buff_0_reg[916][0] | CK ^       | SDFFQX1   | 0.002 |   0.147 |   -2.002 | 
     +-------------------------------------------------------------------------------+ 
Path 75: MET Setup Check with Pin line_buff_0_reg[916][3]/CK 
Endpoint:   line_buff_0_reg[916][3]/SE (^) checked with  leading edge of 'clk'
Beginpoint: i_href                     (^) triggered by  leading edge of 'clk'
Path Groups: {clk}
Analysis View: all
Other End Arrival Time          0.147
- Setup                         0.292
+ Phase Shift                   4.000
= Required Time                 3.856
- Arrival Time                  1.706
= Slack Time                    2.150
     Clock Rise Edge                      0.000
     + Input Delay                        1.000
     = Beginpoint Arrival Time            1.000
     Timing Path:
     +-------------------------------------------------------------------------------+ 
     |        Instance         |     Arc     |   Cell   | Delay | Arrival | Required | 
     |                         |             |          |       |  Time   |   Time   | 
     |-------------------------+-------------+----------+-------+---------+----------| 
     |                         | i_href ^    |          |       |   1.000 |    3.150 | 
     | g79753                  | A ^ -> Y v  | INVX1    | 0.045 |   1.045 |    3.195 | 
     | g79726                  | B v -> Y ^  | NOR2X1   | 0.033 |   1.078 |    3.228 | 
     | g79692                  | B ^ -> Y v  | NAND2X1  | 0.026 |   1.104 |    3.253 | 
     | g79814                  | AN v -> Y v | NAND2BX1 | 0.025 |   1.129 |    3.279 | 
     | FE_OFC885_n_4           | A v -> Y ^  | INVX1    | 0.063 |   1.192 |    3.341 | 
     | FE_OFC1204_n_4          | A ^ -> Y v  | INVX1    | 0.128 |   1.319 |    3.469 | 
     | g79572                  | B v -> Y ^  | NOR2X2   | 0.130 |   1.450 |    3.600 | 
     | g79548                  | A ^ -> Y v  | INVX1    | 0.097 |   1.547 |    3.696 | 
     | g79304                  | B v -> Y ^  | NOR2X1   | 0.159 |   1.705 |    3.855 | 
     | line_buff_0_reg[916][3] | SE ^        | SDFFQX1  | 0.000 |   1.706 |    3.856 | 
     +-------------------------------------------------------------------------------+ 
     Clock Rise Edge                      0.000
     + Source Insertion Delay            -0.257
     = Beginpoint Arrival Time           -0.257
     Other End Path:
     +-------------------------------------------------------------------------------+ 
     |        Instance         |    Arc     |   Cell    | Delay | Arrival | Required | 
     |                         |            |           |       |  Time   |   Time   | 
     |-------------------------+------------+-----------+-------+---------+----------| 
     |                         | clk ^      |           |       |  -0.257 |   -2.407 | 
     | CTS_ccl_a_buf_00158     | A ^ -> Y ^ | CLKBUFX20 | 0.185 |  -0.072 |   -2.222 | 
     | CTS_ccl_a_buf_00061     | A ^ -> Y ^ | CLKBUFX6  | 0.217 |   0.145 |   -2.005 | 
     | line_buff_0_reg[916][3] | CK ^       | SDFFQX1   | 0.002 |   0.147 |   -2.003 | 
     +-------------------------------------------------------------------------------+ 
Path 76: MET Setup Check with Pin line_buff_1_reg[916][0]/CK 
Endpoint:   line_buff_1_reg[916][0]/SE (^) checked with  leading edge of 'clk'
Beginpoint: i_href                     (^) triggered by  leading edge of 'clk'
Path Groups: {clk}
Analysis View: all
Other End Arrival Time          0.147
- Setup                         0.291
+ Phase Shift                   4.000
= Required Time                 3.855
- Arrival Time                  1.706
= Slack Time                    2.150
     Clock Rise Edge                      0.000
     + Input Delay                        1.000
     = Beginpoint Arrival Time            1.000
     Timing Path:
     +-------------------------------------------------------------------------------+ 
     |        Instance         |     Arc     |   Cell   | Delay | Arrival | Required | 
     |                         |             |          |       |  Time   |   Time   | 
     |-------------------------+-------------+----------+-------+---------+----------| 
     |                         | i_href ^    |          |       |   1.000 |    3.150 | 
     | g79753                  | A ^ -> Y v  | INVX1    | 0.045 |   1.045 |    3.195 | 
     | g79726                  | B v -> Y ^  | NOR2X1   | 0.033 |   1.078 |    3.228 | 
     | g79692                  | B ^ -> Y v  | NAND2X1  | 0.026 |   1.104 |    3.253 | 
     | g79814                  | AN v -> Y v | NAND2BX1 | 0.025 |   1.129 |    3.279 | 
     | FE_OFC885_n_4           | A v -> Y ^  | INVX1    | 0.063 |   1.192 |    3.341 | 
     | FE_OFC1204_n_4          | A ^ -> Y v  | INVX1    | 0.128 |   1.319 |    3.469 | 
     | g79572                  | B v -> Y ^  | NOR2X2   | 0.130 |   1.450 |    3.600 | 
     | g79548                  | A ^ -> Y v  | INVX1    | 0.097 |   1.547 |    3.696 | 
     | g79304                  | B v -> Y ^  | NOR2X1   | 0.159 |   1.705 |    3.855 | 
     | line_buff_1_reg[916][0] | SE ^        | SDFFQX1  | 0.000 |   1.706 |    3.855 | 
     +-------------------------------------------------------------------------------+ 
     Clock Rise Edge                      0.000
     + Source Insertion Delay            -0.257
     = Beginpoint Arrival Time           -0.257
     Other End Path:
     +-------------------------------------------------------------------------------+ 
     |        Instance         |    Arc     |   Cell    | Delay | Arrival | Required | 
     |                         |            |           |       |  Time   |   Time   | 
     |-------------------------+------------+-----------+-------+---------+----------| 
     |                         | clk ^      |           |       |  -0.257 |   -2.407 | 
     | CTS_ccl_a_buf_00158     | A ^ -> Y ^ | CLKBUFX20 | 0.185 |  -0.072 |   -2.222 | 
     | CTS_ccl_a_buf_00047     | A ^ -> Y ^ | CLKBUFX6  | 0.218 |   0.145 |   -2.004 | 
     | line_buff_1_reg[916][0] | CK ^       | SDFFQX1   | 0.001 |   0.147 |   -2.003 | 
     +-------------------------------------------------------------------------------+ 
Path 77: MET Setup Check with Pin line_buff_0_reg[65][5]/CK 
Endpoint:   line_buff_0_reg[65][5]/SE (^) checked with  leading edge of 'clk'
Beginpoint: i_href                    (^) triggered by  leading edge of 'clk'
Path Groups: {clk}
Analysis View: all
Other End Arrival Time          0.113
- Setup                         0.279
+ Phase Shift                   4.000
= Required Time                 3.834
- Arrival Time                  1.684
= Slack Time                    2.150
     Clock Rise Edge                      0.000
     + Input Delay                        1.000
     = Beginpoint Arrival Time            1.000
     Timing Path:
     +----------------------------------------------------------------------------+ 
     |        Instance        |    Arc     |  Cell   | Delay | Arrival | Required | 
     |                        |            |         |       |  Time   |   Time   | 
     |------------------------+------------+---------+-------+---------+----------| 
     |                        | i_href ^   |         |       |   1.000 |    3.150 | 
     | g79753                 | A ^ -> Y v | INVX1   | 0.045 |   1.045 |    3.195 | 
     | g79110                 | C v -> Y ^ | NOR3X1  | 0.023 |   1.069 |    3.219 | 
     | FE_OFC1106_n_585       | A ^ -> Y v | INVX1   | 0.053 |   1.121 |    3.271 | 
     | FE_OFC1107_n_585       | A v -> Y ^ | INVX1   | 0.116 |   1.237 |    3.387 | 
     | g78678                 | B ^ -> Y v | NAND2X1 | 0.139 |   1.377 |    3.527 | 
     | FE_OFC871_n_1029       | A v -> Y ^ | INVX1   | 0.062 |   1.439 |    3.589 | 
     | FE_OFC872_n_1029       | A ^ -> Y v | INVX1   | 0.093 |   1.532 |    3.682 | 
     | g78211                 | B v -> Y ^ | NOR2X1  | 0.152 |   1.684 |    3.834 | 
     | line_buff_0_reg[65][5] | SE ^       | SDFFQX1 | 0.000 |   1.684 |    3.834 | 
     +----------------------------------------------------------------------------+ 
     Clock Rise Edge                      0.000
     + Source Insertion Delay            -0.257
     = Beginpoint Arrival Time           -0.257
     Other End Path:
     +------------------------------------------------------------------------------+ 
     |        Instance        |    Arc     |   Cell    | Delay | Arrival | Required | 
     |                        |            |           |       |  Time   |   Time   | 
     |------------------------+------------+-----------+-------+---------+----------| 
     |                        | clk ^      |           |       |  -0.257 |   -2.407 | 
     | CTS_ccl_a_buf_00159    | A ^ -> Y ^ | CLKBUFX20 | 0.176 |  -0.082 |   -2.232 | 
     | CTS_ccl_a_buf_00086    | A ^ -> Y ^ | CLKBUFX6  | 0.193 |   0.111 |   -2.038 | 
     | line_buff_0_reg[65][5] | CK ^       | SDFFQX1   | 0.001 |   0.113 |   -2.037 | 
     +------------------------------------------------------------------------------+ 
Path 78: MET Setup Check with Pin line_buff_0_reg[65][0]/CK 
Endpoint:   line_buff_0_reg[65][0]/SE (^) checked with  leading edge of 'clk'
Beginpoint: i_href                    (^) triggered by  leading edge of 'clk'
Path Groups: {clk}
Analysis View: all
Other End Arrival Time          0.113
- Setup                         0.279
+ Phase Shift                   4.000
= Required Time                 3.834
- Arrival Time                  1.684
= Slack Time                    2.150
     Clock Rise Edge                      0.000
     + Input Delay                        1.000
     = Beginpoint Arrival Time            1.000
     Timing Path:
     +----------------------------------------------------------------------------+ 
     |        Instance        |    Arc     |  Cell   | Delay | Arrival | Required | 
     |                        |            |         |       |  Time   |   Time   | 
     |------------------------+------------+---------+-------+---------+----------| 
     |                        | i_href ^   |         |       |   1.000 |    3.150 | 
     | g79753                 | A ^ -> Y v | INVX1   | 0.045 |   1.045 |    3.195 | 
     | g79110                 | C v -> Y ^ | NOR3X1  | 0.023 |   1.069 |    3.219 | 
     | FE_OFC1106_n_585       | A ^ -> Y v | INVX1   | 0.053 |   1.121 |    3.271 | 
     | FE_OFC1107_n_585       | A v -> Y ^ | INVX1   | 0.116 |   1.237 |    3.387 | 
     | g78678                 | B ^ -> Y v | NAND2X1 | 0.139 |   1.377 |    3.527 | 
     | FE_OFC871_n_1029       | A v -> Y ^ | INVX1   | 0.062 |   1.439 |    3.589 | 
     | FE_OFC872_n_1029       | A ^ -> Y v | INVX1   | 0.093 |   1.532 |    3.682 | 
     | g78211                 | B v -> Y ^ | NOR2X1  | 0.152 |   1.684 |    3.834 | 
     | line_buff_0_reg[65][0] | SE ^       | SDFFQX1 | 0.000 |   1.684 |    3.834 | 
     +----------------------------------------------------------------------------+ 
     Clock Rise Edge                      0.000
     + Source Insertion Delay            -0.257
     = Beginpoint Arrival Time           -0.257
     Other End Path:
     +------------------------------------------------------------------------------+ 
     |        Instance        |    Arc     |   Cell    | Delay | Arrival | Required | 
     |                        |            |           |       |  Time   |   Time   | 
     |------------------------+------------+-----------+-------+---------+----------| 
     |                        | clk ^      |           |       |  -0.257 |   -2.407 | 
     | CTS_ccl_a_buf_00159    | A ^ -> Y ^ | CLKBUFX20 | 0.176 |  -0.082 |   -2.232 | 
     | CTS_ccl_a_buf_00086    | A ^ -> Y ^ | CLKBUFX6  | 0.193 |   0.111 |   -2.039 | 
     | line_buff_0_reg[65][0] | CK ^       | SDFFQX1   | 0.001 |   0.113 |   -2.037 | 
     +------------------------------------------------------------------------------+ 
Path 79: MET Setup Check with Pin line_buff_1_reg[65][4]/CK 
Endpoint:   line_buff_1_reg[65][4]/SE (^) checked with  leading edge of 'clk'
Beginpoint: i_href                    (^) triggered by  leading edge of 'clk'
Path Groups: {clk}
Analysis View: all
Other End Arrival Time          0.113
- Setup                         0.279
+ Phase Shift                   4.000
= Required Time                 3.834
- Arrival Time                  1.684
= Slack Time                    2.150
     Clock Rise Edge                      0.000
     + Input Delay                        1.000
     = Beginpoint Arrival Time            1.000
     Timing Path:
     +----------------------------------------------------------------------------+ 
     |        Instance        |    Arc     |  Cell   | Delay | Arrival | Required | 
     |                        |            |         |       |  Time   |   Time   | 
     |------------------------+------------+---------+-------+---------+----------| 
     |                        | i_href ^   |         |       |   1.000 |    3.150 | 
     | g79753                 | A ^ -> Y v | INVX1   | 0.045 |   1.045 |    3.196 | 
     | g79110                 | C v -> Y ^ | NOR3X1  | 0.023 |   1.069 |    3.219 | 
     | FE_OFC1106_n_585       | A ^ -> Y v | INVX1   | 0.053 |   1.121 |    3.271 | 
     | FE_OFC1107_n_585       | A v -> Y ^ | INVX1   | 0.116 |   1.237 |    3.388 | 
     | g78678                 | B ^ -> Y v | NAND2X1 | 0.139 |   1.377 |    3.527 | 
     | FE_OFC871_n_1029       | A v -> Y ^ | INVX1   | 0.062 |   1.439 |    3.589 | 
     | FE_OFC872_n_1029       | A ^ -> Y v | INVX1   | 0.093 |   1.532 |    3.682 | 
     | g78211                 | B v -> Y ^ | NOR2X1  | 0.152 |   1.684 |    3.834 | 
     | line_buff_1_reg[65][4] | SE ^       | SDFFQX1 | 0.000 |   1.684 |    3.834 | 
     +----------------------------------------------------------------------------+ 
     Clock Rise Edge                      0.000
     + Source Insertion Delay            -0.257
     = Beginpoint Arrival Time           -0.257
     Other End Path:
     +------------------------------------------------------------------------------+ 
     |        Instance        |    Arc     |   Cell    | Delay | Arrival | Required | 
     |                        |            |           |       |  Time   |   Time   | 
     |------------------------+------------+-----------+-------+---------+----------| 
     |                        | clk ^      |           |       |  -0.257 |   -2.408 | 
     | CTS_ccl_a_buf_00159    | A ^ -> Y ^ | CLKBUFX20 | 0.176 |  -0.082 |   -2.232 | 
     | CTS_ccl_a_buf_00086    | A ^ -> Y ^ | CLKBUFX6  | 0.193 |   0.111 |   -2.039 | 
     | line_buff_1_reg[65][4] | CK ^       | SDFFQX1   | 0.001 |   0.113 |   -2.037 | 
     +------------------------------------------------------------------------------+ 
Path 80: MET Setup Check with Pin line_buff_0_reg[65][4]/CK 
Endpoint:   line_buff_0_reg[65][4]/SE (^) checked with  leading edge of 'clk'
Beginpoint: i_href                    (^) triggered by  leading edge of 'clk'
Path Groups: {clk}
Analysis View: all
Other End Arrival Time          0.113
- Setup                         0.279
+ Phase Shift                   4.000
= Required Time                 3.834
- Arrival Time                  1.684
= Slack Time                    2.150
     Clock Rise Edge                      0.000
     + Input Delay                        1.000
     = Beginpoint Arrival Time            1.000
     Timing Path:
     +----------------------------------------------------------------------------+ 
     |        Instance        |    Arc     |  Cell   | Delay | Arrival | Required | 
     |                        |            |         |       |  Time   |   Time   | 
     |------------------------+------------+---------+-------+---------+----------| 
     |                        | i_href ^   |         |       |   1.000 |    3.150 | 
     | g79753                 | A ^ -> Y v | INVX1   | 0.045 |   1.045 |    3.196 | 
     | g79110                 | C v -> Y ^ | NOR3X1  | 0.023 |   1.069 |    3.219 | 
     | FE_OFC1106_n_585       | A ^ -> Y v | INVX1   | 0.053 |   1.121 |    3.271 | 
     | FE_OFC1107_n_585       | A v -> Y ^ | INVX1   | 0.116 |   1.237 |    3.388 | 
     | g78678                 | B ^ -> Y v | NAND2X1 | 0.139 |   1.377 |    3.527 | 
     | FE_OFC871_n_1029       | A v -> Y ^ | INVX1   | 0.062 |   1.439 |    3.589 | 
     | FE_OFC872_n_1029       | A ^ -> Y v | INVX1   | 0.093 |   1.532 |    3.682 | 
     | g78211                 | B v -> Y ^ | NOR2X1  | 0.152 |   1.684 |    3.834 | 
     | line_buff_0_reg[65][4] | SE ^       | SDFFQX1 | 0.000 |   1.684 |    3.834 | 
     +----------------------------------------------------------------------------+ 
     Clock Rise Edge                      0.000
     + Source Insertion Delay            -0.257
     = Beginpoint Arrival Time           -0.257
     Other End Path:
     +------------------------------------------------------------------------------+ 
     |        Instance        |    Arc     |   Cell    | Delay | Arrival | Required | 
     |                        |            |           |       |  Time   |   Time   | 
     |------------------------+------------+-----------+-------+---------+----------| 
     |                        | clk ^      |           |       |  -0.257 |   -2.408 | 
     | CTS_ccl_a_buf_00159    | A ^ -> Y ^ | CLKBUFX20 | 0.176 |  -0.082 |   -2.232 | 
     | CTS_ccl_a_buf_00086    | A ^ -> Y ^ | CLKBUFX6  | 0.193 |   0.111 |   -2.039 | 
     | line_buff_0_reg[65][4] | CK ^       | SDFFQX1   | 0.001 |   0.113 |   -2.037 | 
     +------------------------------------------------------------------------------+ 
Path 81: MET Setup Check with Pin line_buff_0_reg[208][3]/CK 
Endpoint:   line_buff_0_reg[208][3]/SE (^) checked with  leading edge of 'clk'
Beginpoint: i_href                     (^) triggered by  leading edge of 'clk'
Path Groups: {clk}
Analysis View: all
Other End Arrival Time          0.128
- Setup                         0.288
+ Phase Shift                   4.000
= Required Time                 3.841
- Arrival Time                  1.690
= Slack Time                    2.150
     Clock Rise Edge                      0.000
     + Input Delay                        1.000
     = Beginpoint Arrival Time            1.000
     Timing Path:
     +-----------------------------------------------------------------------------+ 
     |        Instance         |    Arc     |  Cell   | Delay | Arrival | Required | 
     |                         |            |         |       |  Time   |   Time   | 
     |-------------------------+------------+---------+-------+---------+----------| 
     |                         | i_href ^   |         |       |   1.000 |    3.150 | 
     | g79753                  | A ^ -> Y v | INVX1   | 0.045 |   1.045 |    3.196 | 
     | g79726                  | B v -> Y ^ | NOR2X1  | 0.033 |   1.078 |    3.228 | 
     | g79692                  | B ^ -> Y v | NAND2X1 | 0.026 |   1.104 |    3.254 | 
     | g79649                  | B v -> Y ^ | NOR2X1  | 0.018 |   1.122 |    3.272 | 
     | FE_OFC560_n_97          | A ^ -> Y ^ | BUFX2   | 0.095 |   1.217 |    3.367 | 
     | g79575                  | B ^ -> Y v | NAND2X1 | 0.136 |   1.353 |    3.503 | 
     | FE_OFC800_n_139         | A v -> Y ^ | INVX1   | 0.080 |   1.433 |    3.583 | 
     | FE_OFC801_n_139         | A ^ -> Y v | INVX1   | 0.096 |   1.528 |    3.679 | 
     | g79433                  | B v -> Y ^ | NOR2X1  | 0.161 |   1.690 |    3.840 | 
     | line_buff_0_reg[208][3] | SE ^       | SDFFQX1 | 0.001 |   1.690 |    3.841 | 
     +-----------------------------------------------------------------------------+ 
     Clock Rise Edge                      0.000
     + Source Insertion Delay            -0.257
     = Beginpoint Arrival Time           -0.257
     Other End Path:
     +-------------------------------------------------------------------------------+ 
     |        Instance         |    Arc     |   Cell    | Delay | Arrival | Required | 
     |                         |            |           |       |  Time   |   Time   | 
     |-------------------------+------------+-----------+-------+---------+----------| 
     |                         | clk ^      |           |       |  -0.257 |   -2.408 | 
     | CTS_ccl_a_buf_00160     | A ^ -> Y ^ | CLKBUFX20 | 0.180 |  -0.077 |   -2.227 | 
     | CTS_ccl_a_buf_00111     | A ^ -> Y ^ | CLKBUFX6  | 0.204 |   0.127 |   -2.023 | 
     | line_buff_0_reg[208][3] | CK ^       | SDFFQX1   | 0.001 |   0.128 |   -2.022 | 
     +-------------------------------------------------------------------------------+ 
Path 82: MET Setup Check with Pin line_buff_1_reg[916][2]/CK 
Endpoint:   line_buff_1_reg[916][2]/SE (^) checked with  leading edge of 'clk'
Beginpoint: i_href                     (^) triggered by  leading edge of 'clk'
Path Groups: {clk}
Analysis View: all
Other End Arrival Time          0.147
- Setup                         0.291
+ Phase Shift                   4.000
= Required Time                 3.857
- Arrival Time                  1.707
= Slack Time                    2.150
     Clock Rise Edge                      0.000
     + Input Delay                        1.000
     = Beginpoint Arrival Time            1.000
     Timing Path:
     +-------------------------------------------------------------------------------+ 
     |        Instance         |     Arc     |   Cell   | Delay | Arrival | Required | 
     |                         |             |          |       |  Time   |   Time   | 
     |-------------------------+-------------+----------+-------+---------+----------| 
     |                         | i_href ^    |          |       |   1.000 |    3.150 | 
     | g79753                  | A ^ -> Y v  | INVX1    | 0.045 |   1.045 |    3.196 | 
     | g79726                  | B v -> Y ^  | NOR2X1   | 0.033 |   1.078 |    3.228 | 
     | g79692                  | B ^ -> Y v  | NAND2X1  | 0.026 |   1.104 |    3.254 | 
     | g79814                  | AN v -> Y v | NAND2BX1 | 0.025 |   1.129 |    3.279 | 
     | FE_OFC885_n_4           | A v -> Y ^  | INVX1    | 0.063 |   1.192 |    3.342 | 
     | FE_OFC1204_n_4          | A ^ -> Y v  | INVX1    | 0.128 |   1.319 |    3.469 | 
     | g79572                  | B v -> Y ^  | NOR2X2   | 0.130 |   1.450 |    3.600 | 
     | g79548                  | A ^ -> Y v  | INVX1    | 0.097 |   1.547 |    3.697 | 
     | g79304                  | B v -> Y ^  | NOR2X1   | 0.159 |   1.705 |    3.856 | 
     | line_buff_1_reg[916][2] | SE ^        | SDFFQX1  | 0.001 |   1.707 |    3.857 | 
     +-------------------------------------------------------------------------------+ 
     Clock Rise Edge                      0.000
     + Source Insertion Delay            -0.257
     = Beginpoint Arrival Time           -0.257
     Other End Path:
     +-------------------------------------------------------------------------------+ 
     |        Instance         |    Arc     |   Cell    | Delay | Arrival | Required | 
     |                         |            |           |       |  Time   |   Time   | 
     |-------------------------+------------+-----------+-------+---------+----------| 
     |                         | clk ^      |           |       |  -0.257 |   -2.408 | 
     | CTS_ccl_a_buf_00158     | A ^ -> Y ^ | CLKBUFX20 | 0.185 |  -0.072 |   -2.222 | 
     | CTS_ccl_a_buf_00060     | A ^ -> Y ^ | CLKBUFX6  | 0.217 |   0.145 |   -2.005 | 
     | line_buff_1_reg[916][2] | CK ^       | SDFFQX1   | 0.002 |   0.147 |   -2.003 | 
     +-------------------------------------------------------------------------------+ 
Path 83: MET Setup Check with Pin line_buff_1_reg[208][2]/CK 
Endpoint:   line_buff_1_reg[208][2]/SE (^) checked with  leading edge of 'clk'
Beginpoint: i_href                     (^) triggered by  leading edge of 'clk'
Path Groups: {clk}
Analysis View: all
Other End Arrival Time          0.128
- Setup                         0.288
+ Phase Shift                   4.000
= Required Time                 3.840
- Arrival Time                  1.690
= Slack Time                    2.150
     Clock Rise Edge                      0.000
     + Input Delay                        1.000
     = Beginpoint Arrival Time            1.000
     Timing Path:
     +-----------------------------------------------------------------------------+ 
     |        Instance         |    Arc     |  Cell   | Delay | Arrival | Required | 
     |                         |            |         |       |  Time   |   Time   | 
     |-------------------------+------------+---------+-------+---------+----------| 
     |                         | i_href ^   |         |       |   1.000 |    3.150 | 
     | g79753                  | A ^ -> Y v | INVX1   | 0.045 |   1.045 |    3.196 | 
     | g79726                  | B v -> Y ^ | NOR2X1  | 0.033 |   1.078 |    3.228 | 
     | g79692                  | B ^ -> Y v | NAND2X1 | 0.026 |   1.104 |    3.254 | 
     | g79649                  | B v -> Y ^ | NOR2X1  | 0.018 |   1.122 |    3.272 | 
     | FE_OFC560_n_97          | A ^ -> Y ^ | BUFX2   | 0.095 |   1.217 |    3.367 | 
     | g79575                  | B ^ -> Y v | NAND2X1 | 0.136 |   1.353 |    3.503 | 
     | FE_OFC800_n_139         | A v -> Y ^ | INVX1   | 0.080 |   1.433 |    3.583 | 
     | FE_OFC801_n_139         | A ^ -> Y v | INVX1   | 0.096 |   1.528 |    3.679 | 
     | g79433                  | B v -> Y ^ | NOR2X1  | 0.161 |   1.690 |    3.840 | 
     | line_buff_1_reg[208][2] | SE ^       | SDFFQX1 | 0.000 |   1.690 |    3.840 | 
     +-----------------------------------------------------------------------------+ 
     Clock Rise Edge                      0.000
     + Source Insertion Delay            -0.257
     = Beginpoint Arrival Time           -0.257
     Other End Path:
     +-------------------------------------------------------------------------------+ 
     |        Instance         |    Arc     |   Cell    | Delay | Arrival | Required | 
     |                         |            |           |       |  Time   |   Time   | 
     |-------------------------+------------+-----------+-------+---------+----------| 
     |                         | clk ^      |           |       |  -0.257 |   -2.408 | 
     | CTS_ccl_a_buf_00160     | A ^ -> Y ^ | CLKBUFX20 | 0.180 |  -0.077 |   -2.227 | 
     | CTS_ccl_a_buf_00111     | A ^ -> Y ^ | CLKBUFX6  | 0.204 |   0.127 |   -2.023 | 
     | line_buff_1_reg[208][2] | CK ^       | SDFFQX1   | 0.001 |   0.128 |   -2.022 | 
     +-------------------------------------------------------------------------------+ 
Path 84: MET Setup Check with Pin line_buff_1_reg[208][0]/CK 
Endpoint:   line_buff_1_reg[208][0]/SE (^) checked with  leading edge of 'clk'
Beginpoint: i_href                     (^) triggered by  leading edge of 'clk'
Path Groups: {clk}
Analysis View: all
Other End Arrival Time          0.128
- Setup                         0.288
+ Phase Shift                   4.000
= Required Time                 3.840
- Arrival Time                  1.690
= Slack Time                    2.150
     Clock Rise Edge                      0.000
     + Input Delay                        1.000
     = Beginpoint Arrival Time            1.000
     Timing Path:
     +-----------------------------------------------------------------------------+ 
     |        Instance         |    Arc     |  Cell   | Delay | Arrival | Required | 
     |                         |            |         |       |  Time   |   Time   | 
     |-------------------------+------------+---------+-------+---------+----------| 
     |                         | i_href ^   |         |       |   1.000 |    3.150 | 
     | g79753                  | A ^ -> Y v | INVX1   | 0.045 |   1.045 |    3.196 | 
     | g79726                  | B v -> Y ^ | NOR2X1  | 0.033 |   1.078 |    3.228 | 
     | g79692                  | B ^ -> Y v | NAND2X1 | 0.026 |   1.104 |    3.254 | 
     | g79649                  | B v -> Y ^ | NOR2X1  | 0.018 |   1.122 |    3.272 | 
     | FE_OFC560_n_97          | A ^ -> Y ^ | BUFX2   | 0.095 |   1.217 |    3.367 | 
     | g79575                  | B ^ -> Y v | NAND2X1 | 0.136 |   1.353 |    3.503 | 
     | FE_OFC800_n_139         | A v -> Y ^ | INVX1   | 0.080 |   1.433 |    3.583 | 
     | FE_OFC801_n_139         | A ^ -> Y v | INVX1   | 0.096 |   1.528 |    3.679 | 
     | g79433                  | B v -> Y ^ | NOR2X1  | 0.161 |   1.690 |    3.840 | 
     | line_buff_1_reg[208][0] | SE ^       | SDFFQX1 | 0.000 |   1.690 |    3.840 | 
     +-----------------------------------------------------------------------------+ 
     Clock Rise Edge                      0.000
     + Source Insertion Delay            -0.257
     = Beginpoint Arrival Time           -0.257
     Other End Path:
     +-------------------------------------------------------------------------------+ 
     |        Instance         |    Arc     |   Cell    | Delay | Arrival | Required | 
     |                         |            |           |       |  Time   |   Time   | 
     |-------------------------+------------+-----------+-------+---------+----------| 
     |                         | clk ^      |           |       |  -0.257 |   -2.408 | 
     | CTS_ccl_a_buf_00160     | A ^ -> Y ^ | CLKBUFX20 | 0.180 |  -0.077 |   -2.227 | 
     | CTS_ccl_a_buf_00111     | A ^ -> Y ^ | CLKBUFX6  | 0.204 |   0.127 |   -2.023 | 
     | line_buff_1_reg[208][0] | CK ^       | SDFFQX1   | 0.001 |   0.128 |   -2.022 | 
     +-------------------------------------------------------------------------------+ 
Path 85: MET Setup Check with Pin line_buff_1_reg[65][5]/CK 
Endpoint:   line_buff_1_reg[65][5]/SE (^) checked with  leading edge of 'clk'
Beginpoint: i_href                    (^) triggered by  leading edge of 'clk'
Path Groups: {clk}
Analysis View: all
Other End Arrival Time          0.113
- Setup                         0.279
+ Phase Shift                   4.000
= Required Time                 3.834
- Arrival Time                  1.684
= Slack Time                    2.150
     Clock Rise Edge                      0.000
     + Input Delay                        1.000
     = Beginpoint Arrival Time            1.000
     Timing Path:
     +----------------------------------------------------------------------------+ 
     |        Instance        |    Arc     |  Cell   | Delay | Arrival | Required | 
     |                        |            |         |       |  Time   |   Time   | 
     |------------------------+------------+---------+-------+---------+----------| 
     |                        | i_href ^   |         |       |   1.000 |    3.150 | 
     | g79753                 | A ^ -> Y v | INVX1   | 0.045 |   1.045 |    3.196 | 
     | g79110                 | C v -> Y ^ | NOR3X1  | 0.023 |   1.069 |    3.219 | 
     | FE_OFC1106_n_585       | A ^ -> Y v | INVX1   | 0.053 |   1.121 |    3.272 | 
     | FE_OFC1107_n_585       | A v -> Y ^ | INVX1   | 0.116 |   1.237 |    3.388 | 
     | g78678                 | B ^ -> Y v | NAND2X1 | 0.139 |   1.377 |    3.527 | 
     | FE_OFC871_n_1029       | A v -> Y ^ | INVX1   | 0.062 |   1.439 |    3.589 | 
     | FE_OFC872_n_1029       | A ^ -> Y v | INVX1   | 0.093 |   1.532 |    3.682 | 
     | g78211                 | B v -> Y ^ | NOR2X1  | 0.152 |   1.684 |    3.834 | 
     | line_buff_1_reg[65][5] | SE ^       | SDFFQX1 | 0.000 |   1.684 |    3.834 | 
     +----------------------------------------------------------------------------+ 
     Clock Rise Edge                      0.000
     + Source Insertion Delay            -0.257
     = Beginpoint Arrival Time           -0.257
     Other End Path:
     +------------------------------------------------------------------------------+ 
     |        Instance        |    Arc     |   Cell    | Delay | Arrival | Required | 
     |                        |            |           |       |  Time   |   Time   | 
     |------------------------+------------+-----------+-------+---------+----------| 
     |                        | clk ^      |           |       |  -0.257 |   -2.408 | 
     | CTS_ccl_a_buf_00159    | A ^ -> Y ^ | CLKBUFX20 | 0.176 |  -0.082 |   -2.232 | 
     | CTS_ccl_a_buf_00086    | A ^ -> Y ^ | CLKBUFX6  | 0.193 |   0.111 |   -2.039 | 
     | line_buff_1_reg[65][5] | CK ^       | SDFFQX1   | 0.001 |   0.113 |   -2.038 | 
     +------------------------------------------------------------------------------+ 
Path 86: MET Setup Check with Pin line_buff_1_reg[65][3]/CK 
Endpoint:   line_buff_1_reg[65][3]/SE (^) checked with  leading edge of 'clk'
Beginpoint: i_href                    (^) triggered by  leading edge of 'clk'
Path Groups: {clk}
Analysis View: all
Other End Arrival Time          0.113
- Setup                         0.279
+ Phase Shift                   4.000
= Required Time                 3.834
- Arrival Time                  1.684
= Slack Time                    2.150
     Clock Rise Edge                      0.000
     + Input Delay                        1.000
     = Beginpoint Arrival Time            1.000
     Timing Path:
     +----------------------------------------------------------------------------+ 
     |        Instance        |    Arc     |  Cell   | Delay | Arrival | Required | 
     |                        |            |         |       |  Time   |   Time   | 
     |------------------------+------------+---------+-------+---------+----------| 
     |                        | i_href ^   |         |       |   1.000 |    3.150 | 
     | g79753                 | A ^ -> Y v | INVX1   | 0.045 |   1.045 |    3.196 | 
     | g79110                 | C v -> Y ^ | NOR3X1  | 0.023 |   1.069 |    3.219 | 
     | FE_OFC1106_n_585       | A ^ -> Y v | INVX1   | 0.053 |   1.121 |    3.272 | 
     | FE_OFC1107_n_585       | A v -> Y ^ | INVX1   | 0.116 |   1.237 |    3.388 | 
     | g78678                 | B ^ -> Y v | NAND2X1 | 0.139 |   1.377 |    3.527 | 
     | FE_OFC871_n_1029       | A v -> Y ^ | INVX1   | 0.062 |   1.439 |    3.589 | 
     | FE_OFC872_n_1029       | A ^ -> Y v | INVX1   | 0.093 |   1.532 |    3.682 | 
     | g78211                 | B v -> Y ^ | NOR2X1  | 0.152 |   1.684 |    3.834 | 
     | line_buff_1_reg[65][3] | SE ^       | SDFFQX1 | 0.000 |   1.684 |    3.834 | 
     +----------------------------------------------------------------------------+ 
     Clock Rise Edge                      0.000
     + Source Insertion Delay            -0.257
     = Beginpoint Arrival Time           -0.257
     Other End Path:
     +------------------------------------------------------------------------------+ 
     |        Instance        |    Arc     |   Cell    | Delay | Arrival | Required | 
     |                        |            |           |       |  Time   |   Time   | 
     |------------------------+------------+-----------+-------+---------+----------| 
     |                        | clk ^      |           |       |  -0.257 |   -2.408 | 
     | CTS_ccl_a_buf_00159    | A ^ -> Y ^ | CLKBUFX20 | 0.176 |  -0.082 |   -2.232 | 
     | CTS_ccl_a_buf_00086    | A ^ -> Y ^ | CLKBUFX6  | 0.193 |   0.111 |   -2.039 | 
     | line_buff_1_reg[65][3] | CK ^       | SDFFQX1   | 0.001 |   0.113 |   -2.038 | 
     +------------------------------------------------------------------------------+ 
Path 87: MET Setup Check with Pin line_buff_0_reg[65][2]/CK 
Endpoint:   line_buff_0_reg[65][2]/SE (^) checked with  leading edge of 'clk'
Beginpoint: i_href                    (^) triggered by  leading edge of 'clk'
Path Groups: {clk}
Analysis View: all
Other End Arrival Time          0.113
- Setup                         0.279
+ Phase Shift                   4.000
= Required Time                 3.834
- Arrival Time                  1.684
= Slack Time                    2.150
     Clock Rise Edge                      0.000
     + Input Delay                        1.000
     = Beginpoint Arrival Time            1.000
     Timing Path:
     +----------------------------------------------------------------------------+ 
     |        Instance        |    Arc     |  Cell   | Delay | Arrival | Required | 
     |                        |            |         |       |  Time   |   Time   | 
     |------------------------+------------+---------+-------+---------+----------| 
     |                        | i_href ^   |         |       |   1.000 |    3.150 | 
     | g79753                 | A ^ -> Y v | INVX1   | 0.045 |   1.045 |    3.196 | 
     | g79110                 | C v -> Y ^ | NOR3X1  | 0.023 |   1.069 |    3.219 | 
     | FE_OFC1106_n_585       | A ^ -> Y v | INVX1   | 0.053 |   1.121 |    3.272 | 
     | FE_OFC1107_n_585       | A v -> Y ^ | INVX1   | 0.116 |   1.237 |    3.388 | 
     | g78678                 | B ^ -> Y v | NAND2X1 | 0.139 |   1.377 |    3.527 | 
     | FE_OFC871_n_1029       | A v -> Y ^ | INVX1   | 0.062 |   1.439 |    3.589 | 
     | FE_OFC872_n_1029       | A ^ -> Y v | INVX1   | 0.093 |   1.532 |    3.682 | 
     | g78211                 | B v -> Y ^ | NOR2X1  | 0.152 |   1.684 |    3.834 | 
     | line_buff_0_reg[65][2] | SE ^       | SDFFQX1 | 0.000 |   1.684 |    3.834 | 
     +----------------------------------------------------------------------------+ 
     Clock Rise Edge                      0.000
     + Source Insertion Delay            -0.257
     = Beginpoint Arrival Time           -0.257
     Other End Path:
     +------------------------------------------------------------------------------+ 
     |        Instance        |    Arc     |   Cell    | Delay | Arrival | Required | 
     |                        |            |           |       |  Time   |   Time   | 
     |------------------------+------------+-----------+-------+---------+----------| 
     |                        | clk ^      |           |       |  -0.257 |   -2.408 | 
     | CTS_ccl_a_buf_00159    | A ^ -> Y ^ | CLKBUFX20 | 0.176 |  -0.082 |   -2.232 | 
     | CTS_ccl_a_buf_00086    | A ^ -> Y ^ | CLKBUFX6  | 0.193 |   0.111 |   -2.039 | 
     | line_buff_0_reg[65][2] | CK ^       | SDFFQX1   | 0.001 |   0.113 |   -2.038 | 
     +------------------------------------------------------------------------------+ 
Path 88: MET Setup Check with Pin line_buff_1_reg[208][4]/CK 
Endpoint:   line_buff_1_reg[208][4]/SE (^) checked with  leading edge of 'clk'
Beginpoint: i_href                     (^) triggered by  leading edge of 'clk'
Path Groups: {clk}
Analysis View: all
Other End Arrival Time          0.128
- Setup                         0.288
+ Phase Shift                   4.000
= Required Time                 3.841
- Arrival Time                  1.690
= Slack Time                    2.150
     Clock Rise Edge                      0.000
     + Input Delay                        1.000
     = Beginpoint Arrival Time            1.000
     Timing Path:
     +-----------------------------------------------------------------------------+ 
     |        Instance         |    Arc     |  Cell   | Delay | Arrival | Required | 
     |                         |            |         |       |  Time   |   Time   | 
     |-------------------------+------------+---------+-------+---------+----------| 
     |                         | i_href ^   |         |       |   1.000 |    3.150 | 
     | g79753                  | A ^ -> Y v | INVX1   | 0.045 |   1.045 |    3.196 | 
     | g79726                  | B v -> Y ^ | NOR2X1  | 0.033 |   1.078 |    3.228 | 
     | g79692                  | B ^ -> Y v | NAND2X1 | 0.026 |   1.104 |    3.254 | 
     | g79649                  | B v -> Y ^ | NOR2X1  | 0.018 |   1.122 |    3.272 | 
     | FE_OFC560_n_97          | A ^ -> Y ^ | BUFX2   | 0.095 |   1.217 |    3.367 | 
     | g79575                  | B ^ -> Y v | NAND2X1 | 0.136 |   1.353 |    3.503 | 
     | FE_OFC800_n_139         | A v -> Y ^ | INVX1   | 0.080 |   1.433 |    3.583 | 
     | FE_OFC801_n_139         | A ^ -> Y v | INVX1   | 0.096 |   1.528 |    3.679 | 
     | g79433                  | B v -> Y ^ | NOR2X1  | 0.161 |   1.690 |    3.840 | 
     | line_buff_1_reg[208][4] | SE ^       | SDFFQX1 | 0.000 |   1.690 |    3.841 | 
     +-----------------------------------------------------------------------------+ 
     Clock Rise Edge                      0.000
     + Source Insertion Delay            -0.257
     = Beginpoint Arrival Time           -0.257
     Other End Path:
     +-------------------------------------------------------------------------------+ 
     |        Instance         |    Arc     |   Cell    | Delay | Arrival | Required | 
     |                         |            |           |       |  Time   |   Time   | 
     |-------------------------+------------+-----------+-------+---------+----------| 
     |                         | clk ^      |           |       |  -0.257 |   -2.408 | 
     | CTS_ccl_a_buf_00160     | A ^ -> Y ^ | CLKBUFX20 | 0.180 |  -0.077 |   -2.228 | 
     | CTS_ccl_a_buf_00111     | A ^ -> Y ^ | CLKBUFX6  | 0.204 |   0.127 |   -2.023 | 
     | line_buff_1_reg[208][4] | CK ^       | SDFFQX1   | 0.001 |   0.128 |   -2.022 | 
     +-------------------------------------------------------------------------------+ 
Path 89: MET Setup Check with Pin line_buff_0_reg[208][2]/CK 
Endpoint:   line_buff_0_reg[208][2]/SE (^) checked with  leading edge of 'clk'
Beginpoint: i_href                     (^) triggered by  leading edge of 'clk'
Path Groups: {clk}
Analysis View: all
Other End Arrival Time          0.129
- Setup                         0.288
+ Phase Shift                   4.000
= Required Time                 3.841
- Arrival Time                  1.690
= Slack Time                    2.150
     Clock Rise Edge                      0.000
     + Input Delay                        1.000
     = Beginpoint Arrival Time            1.000
     Timing Path:
     +-----------------------------------------------------------------------------+ 
     |        Instance         |    Arc     |  Cell   | Delay | Arrival | Required | 
     |                         |            |         |       |  Time   |   Time   | 
     |-------------------------+------------+---------+-------+---------+----------| 
     |                         | i_href ^   |         |       |   1.000 |    3.150 | 
     | g79753                  | A ^ -> Y v | INVX1   | 0.045 |   1.045 |    3.196 | 
     | g79726                  | B v -> Y ^ | NOR2X1  | 0.033 |   1.078 |    3.228 | 
     | g79692                  | B ^ -> Y v | NAND2X1 | 0.026 |   1.104 |    3.254 | 
     | g79649                  | B v -> Y ^ | NOR2X1  | 0.018 |   1.122 |    3.272 | 
     | FE_OFC560_n_97          | A ^ -> Y ^ | BUFX2   | 0.095 |   1.217 |    3.367 | 
     | g79575                  | B ^ -> Y v | NAND2X1 | 0.136 |   1.353 |    3.503 | 
     | FE_OFC800_n_139         | A v -> Y ^ | INVX1   | 0.080 |   1.433 |    3.583 | 
     | FE_OFC801_n_139         | A ^ -> Y v | INVX1   | 0.096 |   1.528 |    3.679 | 
     | g79433                  | B v -> Y ^ | NOR2X1  | 0.161 |   1.690 |    3.840 | 
     | line_buff_0_reg[208][2] | SE ^       | SDFFQX1 | 0.001 |   1.690 |    3.841 | 
     +-----------------------------------------------------------------------------+ 
     Clock Rise Edge                      0.000
     + Source Insertion Delay            -0.257
     = Beginpoint Arrival Time           -0.257
     Other End Path:
     +-------------------------------------------------------------------------------+ 
     |        Instance         |    Arc     |   Cell    | Delay | Arrival | Required | 
     |                         |            |           |       |  Time   |   Time   | 
     |-------------------------+------------+-----------+-------+---------+----------| 
     |                         | clk ^      |           |       |  -0.257 |   -2.408 | 
     | CTS_ccl_a_buf_00160     | A ^ -> Y ^ | CLKBUFX20 | 0.180 |  -0.077 |   -2.228 | 
     | CTS_ccl_a_buf_00111     | A ^ -> Y ^ | CLKBUFX6  | 0.204 |   0.127 |   -2.023 | 
     | line_buff_0_reg[208][2] | CK ^       | SDFFQX1   | 0.002 |   0.129 |   -2.022 | 
     +-------------------------------------------------------------------------------+ 
Path 90: MET Setup Check with Pin line_buff_0_reg[188][1]/CK 
Endpoint:   line_buff_0_reg[188][1]/SE (v) checked with  leading edge of 'clk'
Beginpoint: i_href                     (^) triggered by  leading edge of 'clk'
Path Groups: {clk}
Analysis View: all
Other End Arrival Time          0.129
- Setup                         0.273
+ Phase Shift                   4.000
= Required Time                 3.857
- Arrival Time                  1.706
= Slack Time                    2.151
     Clock Rise Edge                      0.000
     + Input Delay                        1.000
     = Beginpoint Arrival Time            1.000
     Timing Path:
     +-------------------------------------------------------------------------------+ 
     |        Instance         |     Arc     |   Cell   | Delay | Arrival | Required | 
     |                         |             |          |       |  Time   |   Time   | 
     |-------------------------+-------------+----------+-------+---------+----------| 
     |                         | i_href ^    |          |       |   1.000 |    3.151 | 
     | g79753                  | A ^ -> Y v  | INVX1    | 0.045 |   1.045 |    3.196 | 
     | g79726                  | B v -> Y ^  | NOR2X1   | 0.033 |   1.078 |    3.228 | 
     | g79692                  | B ^ -> Y v  | NAND2X1  | 0.026 |   1.104 |    3.254 | 
     | g79814                  | AN v -> Y v | NAND2BX1 | 0.025 |   1.129 |    3.279 | 
     | FE_OFC885_n_4           | A v -> Y ^  | INVX1    | 0.063 |   1.192 |    3.342 | 
     | FE_OFC1204_n_4          | A ^ -> Y v  | INVX1    | 0.128 |   1.319 |    3.470 | 
     | g79569                  | B v -> Y ^  | NOR2X1   | 0.128 |   1.447 |    3.598 | 
     | FE_OFC690_n_149         | A ^ -> Y ^  | BUFX2    | 0.116 |   1.563 |    3.714 | 
     | g79059                  | B ^ -> Y v  | NAND2X1  | 0.142 |   1.706 |    3.856 | 
     | line_buff_0_reg[188][1] | SE v        | SDFFQX1  | 0.001 |   1.706 |    3.857 | 
     +-------------------------------------------------------------------------------+ 
     Clock Rise Edge                      0.000
     + Source Insertion Delay            -0.257
     = Beginpoint Arrival Time           -0.257
     Other End Path:
     +-------------------------------------------------------------------------------+ 
     |        Instance         |    Arc     |   Cell    | Delay | Arrival | Required | 
     |                         |            |           |       |  Time   |   Time   | 
     |-------------------------+------------+-----------+-------+---------+----------| 
     |                         | clk ^      |           |       |  -0.257 |   -2.408 | 
     | CTS_ccl_a_buf_00160     | A ^ -> Y ^ | CLKBUFX20 | 0.180 |  -0.077 |   -2.228 | 
     | CTS_ccl_a_buf_00141     | A ^ -> Y ^ | CLKBUFX6  | 0.205 |   0.128 |   -2.023 | 
     | line_buff_0_reg[188][1] | CK ^       | SDFFQX1   | 0.002 |   0.129 |   -2.021 | 
     +-------------------------------------------------------------------------------+ 
Path 91: MET Setup Check with Pin line_buff_0_reg[188][0]/CK 
Endpoint:   line_buff_0_reg[188][0]/SE (v) checked with  leading edge of 'clk'
Beginpoint: i_href                     (^) triggered by  leading edge of 'clk'
Path Groups: {clk}
Analysis View: all
Other End Arrival Time          0.129
- Setup                         0.273
+ Phase Shift                   4.000
= Required Time                 3.857
- Arrival Time                  1.706
= Slack Time                    2.151
     Clock Rise Edge                      0.000
     + Input Delay                        1.000
     = Beginpoint Arrival Time            1.000
     Timing Path:
     +-------------------------------------------------------------------------------+ 
     |        Instance         |     Arc     |   Cell   | Delay | Arrival | Required | 
     |                         |             |          |       |  Time   |   Time   | 
     |-------------------------+-------------+----------+-------+---------+----------| 
     |                         | i_href ^    |          |       |   1.000 |    3.151 | 
     | g79753                  | A ^ -> Y v  | INVX1    | 0.045 |   1.045 |    3.196 | 
     | g79726                  | B v -> Y ^  | NOR2X1   | 0.033 |   1.078 |    3.228 | 
     | g79692                  | B ^ -> Y v  | NAND2X1  | 0.026 |   1.104 |    3.254 | 
     | g79814                  | AN v -> Y v | NAND2BX1 | 0.025 |   1.129 |    3.279 | 
     | FE_OFC885_n_4           | A v -> Y ^  | INVX1    | 0.063 |   1.192 |    3.342 | 
     | FE_OFC1204_n_4          | A ^ -> Y v  | INVX1    | 0.128 |   1.319 |    3.470 | 
     | g79569                  | B v -> Y ^  | NOR2X1   | 0.128 |   1.447 |    3.598 | 
     | FE_OFC690_n_149         | A ^ -> Y ^  | BUFX2    | 0.116 |   1.563 |    3.714 | 
     | g79059                  | B ^ -> Y v  | NAND2X1  | 0.142 |   1.706 |    3.856 | 
     | line_buff_0_reg[188][0] | SE v        | SDFFQX1  | 0.001 |   1.706 |    3.857 | 
     +-------------------------------------------------------------------------------+ 
     Clock Rise Edge                      0.000
     + Source Insertion Delay            -0.257
     = Beginpoint Arrival Time           -0.257
     Other End Path:
     +-------------------------------------------------------------------------------+ 
     |        Instance         |    Arc     |   Cell    | Delay | Arrival | Required | 
     |                         |            |           |       |  Time   |   Time   | 
     |-------------------------+------------+-----------+-------+---------+----------| 
     |                         | clk ^      |           |       |  -0.257 |   -2.408 | 
     | CTS_ccl_a_buf_00160     | A ^ -> Y ^ | CLKBUFX20 | 0.180 |  -0.077 |   -2.228 | 
     | CTS_ccl_a_buf_00141     | A ^ -> Y ^ | CLKBUFX6  | 0.205 |   0.128 |   -2.023 | 
     | line_buff_0_reg[188][0] | CK ^       | SDFFQX1   | 0.002 |   0.129 |   -2.021 | 
     +-------------------------------------------------------------------------------+ 
Path 92: MET Setup Check with Pin line_buff_0_reg[65][1]/CK 
Endpoint:   line_buff_0_reg[65][1]/SE (^) checked with  leading edge of 'clk'
Beginpoint: i_href                    (^) triggered by  leading edge of 'clk'
Path Groups: {clk}
Analysis View: all
Other End Arrival Time          0.113
- Setup                         0.279
+ Phase Shift                   4.000
= Required Time                 3.834
- Arrival Time                  1.684
= Slack Time                    2.151
     Clock Rise Edge                      0.000
     + Input Delay                        1.000
     = Beginpoint Arrival Time            1.000
     Timing Path:
     +----------------------------------------------------------------------------+ 
     |        Instance        |    Arc     |  Cell   | Delay | Arrival | Required | 
     |                        |            |         |       |  Time   |   Time   | 
     |------------------------+------------+---------+-------+---------+----------| 
     |                        | i_href ^   |         |       |   1.000 |    3.151 | 
     | g79753                 | A ^ -> Y v | INVX1   | 0.045 |   1.045 |    3.196 | 
     | g79110                 | C v -> Y ^ | NOR3X1  | 0.023 |   1.069 |    3.219 | 
     | FE_OFC1106_n_585       | A ^ -> Y v | INVX1   | 0.053 |   1.121 |    3.272 | 
     | FE_OFC1107_n_585       | A v -> Y ^ | INVX1   | 0.116 |   1.237 |    3.388 | 
     | g78678                 | B ^ -> Y v | NAND2X1 | 0.139 |   1.377 |    3.527 | 
     | FE_OFC871_n_1029       | A v -> Y ^ | INVX1   | 0.062 |   1.439 |    3.589 | 
     | FE_OFC872_n_1029       | A ^ -> Y v | INVX1   | 0.093 |   1.532 |    3.683 | 
     | g78211                 | B v -> Y ^ | NOR2X1  | 0.152 |   1.684 |    3.834 | 
     | line_buff_0_reg[65][1] | SE ^       | SDFFQX1 | 0.000 |   1.684 |    3.834 | 
     +----------------------------------------------------------------------------+ 
     Clock Rise Edge                      0.000
     + Source Insertion Delay            -0.257
     = Beginpoint Arrival Time           -0.257
     Other End Path:
     +------------------------------------------------------------------------------+ 
     |        Instance        |    Arc     |   Cell    | Delay | Arrival | Required | 
     |                        |            |           |       |  Time   |   Time   | 
     |------------------------+------------+-----------+-------+---------+----------| 
     |                        | clk ^      |           |       |  -0.257 |   -2.408 | 
     | CTS_ccl_a_buf_00159    | A ^ -> Y ^ | CLKBUFX20 | 0.176 |  -0.082 |   -2.232 | 
     | CTS_ccl_a_buf_00086    | A ^ -> Y ^ | CLKBUFX6  | 0.193 |   0.111 |   -2.039 | 
     | line_buff_0_reg[65][1] | CK ^       | SDFFQX1   | 0.002 |   0.113 |   -2.038 | 
     +------------------------------------------------------------------------------+ 
Path 93: MET Setup Check with Pin line_buff_1_reg[208][3]/CK 
Endpoint:   line_buff_1_reg[208][3]/SE (^) checked with  leading edge of 'clk'
Beginpoint: i_href                     (^) triggered by  leading edge of 'clk'
Path Groups: {clk}
Analysis View: all
Other End Arrival Time          0.128
- Setup                         0.288
+ Phase Shift                   4.000
= Required Time                 3.841
- Arrival Time                  1.690
= Slack Time                    2.151
     Clock Rise Edge                      0.000
     + Input Delay                        1.000
     = Beginpoint Arrival Time            1.000
     Timing Path:
     +-----------------------------------------------------------------------------+ 
     |        Instance         |    Arc     |  Cell   | Delay | Arrival | Required | 
     |                         |            |         |       |  Time   |   Time   | 
     |-------------------------+------------+---------+-------+---------+----------| 
     |                         | i_href ^   |         |       |   1.000 |    3.151 | 
     | g79753                  | A ^ -> Y v | INVX1   | 0.045 |   1.045 |    3.196 | 
     | g79726                  | B v -> Y ^ | NOR2X1  | 0.033 |   1.078 |    3.228 | 
     | g79692                  | B ^ -> Y v | NAND2X1 | 0.026 |   1.104 |    3.254 | 
     | g79649                  | B v -> Y ^ | NOR2X1  | 0.018 |   1.122 |    3.272 | 
     | FE_OFC560_n_97          | A ^ -> Y ^ | BUFX2   | 0.095 |   1.217 |    3.367 | 
     | g79575                  | B ^ -> Y v | NAND2X1 | 0.136 |   1.353 |    3.503 | 
     | FE_OFC800_n_139         | A v -> Y ^ | INVX1   | 0.080 |   1.433 |    3.583 | 
     | FE_OFC801_n_139         | A ^ -> Y v | INVX1   | 0.096 |   1.528 |    3.679 | 
     | g79433                  | B v -> Y ^ | NOR2X1  | 0.161 |   1.690 |    3.840 | 
     | line_buff_1_reg[208][3] | SE ^       | SDFFQX1 | 0.000 |   1.690 |    3.841 | 
     +-----------------------------------------------------------------------------+ 
     Clock Rise Edge                      0.000
     + Source Insertion Delay            -0.257
     = Beginpoint Arrival Time           -0.257
     Other End Path:
     +-------------------------------------------------------------------------------+ 
     |        Instance         |    Arc     |   Cell    | Delay | Arrival | Required | 
     |                         |            |           |       |  Time   |   Time   | 
     |-------------------------+------------+-----------+-------+---------+----------| 
     |                         | clk ^      |           |       |  -0.257 |   -2.408 | 
     | CTS_ccl_a_buf_00160     | A ^ -> Y ^ | CLKBUFX20 | 0.180 |  -0.077 |   -2.228 | 
     | CTS_ccl_a_buf_00111     | A ^ -> Y ^ | CLKBUFX6  | 0.204 |   0.127 |   -2.024 | 
     | line_buff_1_reg[208][3] | CK ^       | SDFFQX1   | 0.001 |   0.128 |   -2.022 | 
     +-------------------------------------------------------------------------------+ 
Path 94: MET Setup Check with Pin line_buff_0_reg[208][5]/CK 
Endpoint:   line_buff_0_reg[208][5]/SE (^) checked with  leading edge of 'clk'
Beginpoint: i_href                     (^) triggered by  leading edge of 'clk'
Path Groups: {clk}
Analysis View: all
Other End Arrival Time          0.128
- Setup                         0.288
+ Phase Shift                   4.000
= Required Time                 3.841
- Arrival Time                  1.690
= Slack Time                    2.151
     Clock Rise Edge                      0.000
     + Input Delay                        1.000
     = Beginpoint Arrival Time            1.000
     Timing Path:
     +-----------------------------------------------------------------------------+ 
     |        Instance         |    Arc     |  Cell   | Delay | Arrival | Required | 
     |                         |            |         |       |  Time   |   Time   | 
     |-------------------------+------------+---------+-------+---------+----------| 
     |                         | i_href ^   |         |       |   1.000 |    3.151 | 
     | g79753                  | A ^ -> Y v | INVX1   | 0.045 |   1.045 |    3.196 | 
     | g79726                  | B v -> Y ^ | NOR2X1  | 0.033 |   1.078 |    3.228 | 
     | g79692                  | B ^ -> Y v | NAND2X1 | 0.026 |   1.104 |    3.254 | 
     | g79649                  | B v -> Y ^ | NOR2X1  | 0.018 |   1.122 |    3.272 | 
     | FE_OFC560_n_97          | A ^ -> Y ^ | BUFX2   | 0.095 |   1.217 |    3.367 | 
     | g79575                  | B ^ -> Y v | NAND2X1 | 0.136 |   1.353 |    3.503 | 
     | FE_OFC800_n_139         | A v -> Y ^ | INVX1   | 0.080 |   1.433 |    3.583 | 
     | FE_OFC801_n_139         | A ^ -> Y v | INVX1   | 0.096 |   1.528 |    3.679 | 
     | g79433                  | B v -> Y ^ | NOR2X1  | 0.161 |   1.690 |    3.840 | 
     | line_buff_0_reg[208][5] | SE ^       | SDFFQX1 | 0.000 |   1.690 |    3.841 | 
     +-----------------------------------------------------------------------------+ 
     Clock Rise Edge                      0.000
     + Source Insertion Delay            -0.257
     = Beginpoint Arrival Time           -0.257
     Other End Path:
     +-------------------------------------------------------------------------------+ 
     |        Instance         |    Arc     |   Cell    | Delay | Arrival | Required | 
     |                         |            |           |       |  Time   |   Time   | 
     |-------------------------+------------+-----------+-------+---------+----------| 
     |                         | clk ^      |           |       |  -0.257 |   -2.408 | 
     | CTS_ccl_a_buf_00160     | A ^ -> Y ^ | CLKBUFX20 | 0.180 |  -0.077 |   -2.228 | 
     | CTS_ccl_a_buf_00111     | A ^ -> Y ^ | CLKBUFX6  | 0.204 |   0.127 |   -2.024 | 
     | line_buff_0_reg[208][5] | CK ^       | SDFFQX1   | 0.001 |   0.128 |   -2.022 | 
     +-------------------------------------------------------------------------------+ 
Path 95: MET Setup Check with Pin line_buff_1_reg[188][5]/CK 
Endpoint:   line_buff_1_reg[188][5]/SE (v) checked with  leading edge of 'clk'
Beginpoint: i_href                     (^) triggered by  leading edge of 'clk'
Path Groups: {clk}
Analysis View: all
Other End Arrival Time          0.130
- Setup                         0.273
+ Phase Shift                   4.000
= Required Time                 3.857
- Arrival Time                  1.706
= Slack Time                    2.151
     Clock Rise Edge                      0.000
     + Input Delay                        1.000
     = Beginpoint Arrival Time            1.000
     Timing Path:
     +-------------------------------------------------------------------------------+ 
     |        Instance         |     Arc     |   Cell   | Delay | Arrival | Required | 
     |                         |             |          |       |  Time   |   Time   | 
     |-------------------------+-------------+----------+-------+---------+----------| 
     |                         | i_href ^    |          |       |   1.000 |    3.151 | 
     | g79753                  | A ^ -> Y v  | INVX1    | 0.045 |   1.045 |    3.196 | 
     | g79726                  | B v -> Y ^  | NOR2X1   | 0.033 |   1.078 |    3.229 | 
     | g79692                  | B ^ -> Y v  | NAND2X1  | 0.026 |   1.104 |    3.254 | 
     | g79814                  | AN v -> Y v | NAND2BX1 | 0.025 |   1.129 |    3.280 | 
     | FE_OFC885_n_4           | A v -> Y ^  | INVX1    | 0.063 |   1.192 |    3.342 | 
     | FE_OFC1204_n_4          | A ^ -> Y v  | INVX1    | 0.128 |   1.319 |    3.470 | 
     | g79569                  | B v -> Y ^  | NOR2X1   | 0.128 |   1.447 |    3.598 | 
     | FE_OFC690_n_149         | A ^ -> Y ^  | BUFX2    | 0.116 |   1.563 |    3.714 | 
     | g79059                  | B ^ -> Y v  | NAND2X1  | 0.142 |   1.706 |    3.856 | 
     | line_buff_1_reg[188][5] | SE v        | SDFFQX1  | 0.001 |   1.706 |    3.857 | 
     +-------------------------------------------------------------------------------+ 
     Clock Rise Edge                      0.000
     + Source Insertion Delay            -0.257
     = Beginpoint Arrival Time           -0.257
     Other End Path:
     +-------------------------------------------------------------------------------+ 
     |        Instance         |    Arc     |   Cell    | Delay | Arrival | Required | 
     |                         |            |           |       |  Time   |   Time   | 
     |-------------------------+------------+-----------+-------+---------+----------| 
     |                         | clk ^      |           |       |  -0.257 |   -2.408 | 
     | CTS_ccl_a_buf_00160     | A ^ -> Y ^ | CLKBUFX20 | 0.180 |  -0.077 |   -2.228 | 
     | CTS_ccl_a_buf_00141     | A ^ -> Y ^ | CLKBUFX6  | 0.205 |   0.128 |   -2.023 | 
     | line_buff_1_reg[188][5] | CK ^       | SDFFQX1   | 0.002 |   0.130 |   -2.021 | 
     +-------------------------------------------------------------------------------+ 
Path 96: MET Setup Check with Pin line_buff_1_reg[188][2]/CK 
Endpoint:   line_buff_1_reg[188][2]/SE (v) checked with  leading edge of 'clk'
Beginpoint: i_href                     (^) triggered by  leading edge of 'clk'
Path Groups: {clk}
Analysis View: all
Other End Arrival Time          0.130
- Setup                         0.273
+ Phase Shift                   4.000
= Required Time                 3.857
- Arrival Time                  1.706
= Slack Time                    2.151
     Clock Rise Edge                      0.000
     + Input Delay                        1.000
     = Beginpoint Arrival Time            1.000
     Timing Path:
     +-------------------------------------------------------------------------------+ 
     |        Instance         |     Arc     |   Cell   | Delay | Arrival | Required | 
     |                         |             |          |       |  Time   |   Time   | 
     |-------------------------+-------------+----------+-------+---------+----------| 
     |                         | i_href ^    |          |       |   1.000 |    3.151 | 
     | g79753                  | A ^ -> Y v  | INVX1    | 0.045 |   1.045 |    3.196 | 
     | g79726                  | B v -> Y ^  | NOR2X1   | 0.033 |   1.078 |    3.229 | 
     | g79692                  | B ^ -> Y v  | NAND2X1  | 0.026 |   1.104 |    3.254 | 
     | g79814                  | AN v -> Y v | NAND2BX1 | 0.025 |   1.129 |    3.280 | 
     | FE_OFC885_n_4           | A v -> Y ^  | INVX1    | 0.063 |   1.192 |    3.342 | 
     | FE_OFC1204_n_4          | A ^ -> Y v  | INVX1    | 0.128 |   1.319 |    3.470 | 
     | g79569                  | B v -> Y ^  | NOR2X1   | 0.128 |   1.447 |    3.598 | 
     | FE_OFC690_n_149         | A ^ -> Y ^  | BUFX2    | 0.116 |   1.563 |    3.714 | 
     | g79059                  | B ^ -> Y v  | NAND2X1  | 0.142 |   1.706 |    3.856 | 
     | line_buff_1_reg[188][2] | SE v        | SDFFQX1  | 0.001 |   1.706 |    3.857 | 
     +-------------------------------------------------------------------------------+ 
     Clock Rise Edge                      0.000
     + Source Insertion Delay            -0.257
     = Beginpoint Arrival Time           -0.257
     Other End Path:
     +-------------------------------------------------------------------------------+ 
     |        Instance         |    Arc     |   Cell    | Delay | Arrival | Required | 
     |                         |            |           |       |  Time   |   Time   | 
     |-------------------------+------------+-----------+-------+---------+----------| 
     |                         | clk ^      |           |       |  -0.257 |   -2.408 | 
     | CTS_ccl_a_buf_00160     | A ^ -> Y ^ | CLKBUFX20 | 0.180 |  -0.077 |   -2.228 | 
     | CTS_ccl_a_buf_00141     | A ^ -> Y ^ | CLKBUFX6  | 0.205 |   0.128 |   -2.023 | 
     | line_buff_1_reg[188][2] | CK ^       | SDFFQX1   | 0.002 |   0.130 |   -2.021 | 
     +-------------------------------------------------------------------------------+ 
Path 97: MET Setup Check with Pin line_buff_1_reg[916][3]/CK 
Endpoint:   line_buff_1_reg[916][3]/SE (^) checked with  leading edge of 'clk'
Beginpoint: i_href                     (^) triggered by  leading edge of 'clk'
Path Groups: {clk}
Analysis View: all
Other End Arrival Time          0.148
- Setup                         0.291
+ Phase Shift                   4.000
= Required Time                 3.857
- Arrival Time                  1.706
= Slack Time                    2.151
     Clock Rise Edge                      0.000
     + Input Delay                        1.000
     = Beginpoint Arrival Time            1.000
     Timing Path:
     +-------------------------------------------------------------------------------+ 
     |        Instance         |     Arc     |   Cell   | Delay | Arrival | Required | 
     |                         |             |          |       |  Time   |   Time   | 
     |-------------------------+-------------+----------+-------+---------+----------| 
     |                         | i_href ^    |          |       |   1.000 |    3.151 | 
     | g79753                  | A ^ -> Y v  | INVX1    | 0.045 |   1.045 |    3.196 | 
     | g79726                  | B v -> Y ^  | NOR2X1   | 0.033 |   1.078 |    3.229 | 
     | g79692                  | B ^ -> Y v  | NAND2X1  | 0.026 |   1.104 |    3.254 | 
     | g79814                  | AN v -> Y v | NAND2BX1 | 0.025 |   1.129 |    3.280 | 
     | FE_OFC885_n_4           | A v -> Y ^  | INVX1    | 0.063 |   1.192 |    3.342 | 
     | FE_OFC1204_n_4          | A ^ -> Y v  | INVX1    | 0.128 |   1.319 |    3.470 | 
     | g79572                  | B v -> Y ^  | NOR2X2   | 0.130 |   1.450 |    3.600 | 
     | g79548                  | A ^ -> Y v  | INVX1    | 0.097 |   1.547 |    3.697 | 
     | g79304                  | B v -> Y ^  | NOR2X1   | 0.159 |   1.705 |    3.856 | 
     | line_buff_1_reg[916][3] | SE ^        | SDFFQX1  | 0.001 |   1.706 |    3.857 | 
     +-------------------------------------------------------------------------------+ 
     Clock Rise Edge                      0.000
     + Source Insertion Delay            -0.257
     = Beginpoint Arrival Time           -0.257
     Other End Path:
     +-------------------------------------------------------------------------------+ 
     |        Instance         |    Arc     |   Cell    | Delay | Arrival | Required | 
     |                         |            |           |       |  Time   |   Time   | 
     |-------------------------+------------+-----------+-------+---------+----------| 
     |                         | clk ^      |           |       |  -0.257 |   -2.408 | 
     | CTS_ccl_a_buf_00158     | A ^ -> Y ^ | CLKBUFX20 | 0.185 |  -0.072 |   -2.223 | 
     | CTS_ccl_a_buf_00060     | A ^ -> Y ^ | CLKBUFX6  | 0.217 |   0.145 |   -2.006 | 
     | line_buff_1_reg[916][3] | CK ^       | SDFFQX1   | 0.003 |   0.148 |   -2.003 | 
     +-------------------------------------------------------------------------------+ 
Path 98: MET Setup Check with Pin line_buff_1_reg[188][1]/CK 
Endpoint:   line_buff_1_reg[188][1]/SE (v) checked with  leading edge of 'clk'
Beginpoint: i_href                     (^) triggered by  leading edge of 'clk'
Path Groups: {clk}
Analysis View: all
Other End Arrival Time          0.130
- Setup                         0.273
+ Phase Shift                   4.000
= Required Time                 3.857
- Arrival Time                  1.706
= Slack Time                    2.151
     Clock Rise Edge                      0.000
     + Input Delay                        1.000
     = Beginpoint Arrival Time            1.000
     Timing Path:
     +-------------------------------------------------------------------------------+ 
     |        Instance         |     Arc     |   Cell   | Delay | Arrival | Required | 
     |                         |             |          |       |  Time   |   Time   | 
     |-------------------------+-------------+----------+-------+---------+----------| 
     |                         | i_href ^    |          |       |   1.000 |    3.151 | 
     | g79753                  | A ^ -> Y v  | INVX1    | 0.045 |   1.045 |    3.196 | 
     | g79726                  | B v -> Y ^  | NOR2X1   | 0.033 |   1.078 |    3.229 | 
     | g79692                  | B ^ -> Y v  | NAND2X1  | 0.026 |   1.104 |    3.254 | 
     | g79814                  | AN v -> Y v | NAND2BX1 | 0.025 |   1.129 |    3.280 | 
     | FE_OFC885_n_4           | A v -> Y ^  | INVX1    | 0.063 |   1.192 |    3.342 | 
     | FE_OFC1204_n_4          | A ^ -> Y v  | INVX1    | 0.128 |   1.319 |    3.470 | 
     | g79569                  | B v -> Y ^  | NOR2X1   | 0.128 |   1.447 |    3.598 | 
     | FE_OFC690_n_149         | A ^ -> Y ^  | BUFX2    | 0.116 |   1.563 |    3.714 | 
     | g79059                  | B ^ -> Y v  | NAND2X1  | 0.142 |   1.706 |    3.856 | 
     | line_buff_1_reg[188][1] | SE v        | SDFFQX1  | 0.001 |   1.706 |    3.857 | 
     +-------------------------------------------------------------------------------+ 
     Clock Rise Edge                      0.000
     + Source Insertion Delay            -0.257
     = Beginpoint Arrival Time           -0.257
     Other End Path:
     +-------------------------------------------------------------------------------+ 
     |        Instance         |    Arc     |   Cell    | Delay | Arrival | Required | 
     |                         |            |           |       |  Time   |   Time   | 
     |-------------------------+------------+-----------+-------+---------+----------| 
     |                         | clk ^      |           |       |  -0.257 |   -2.408 | 
     | CTS_ccl_a_buf_00160     | A ^ -> Y ^ | CLKBUFX20 | 0.180 |  -0.077 |   -2.228 | 
     | CTS_ccl_a_buf_00141     | A ^ -> Y ^ | CLKBUFX6  | 0.205 |   0.128 |   -2.023 | 
     | line_buff_1_reg[188][1] | CK ^       | SDFFQX1   | 0.002 |   0.130 |   -2.021 | 
     +-------------------------------------------------------------------------------+ 
Path 99: MET Setup Check with Pin line_buff_1_reg[188][4]/CK 
Endpoint:   line_buff_1_reg[188][4]/SE (v) checked with  leading edge of 'clk'
Beginpoint: i_href                     (^) triggered by  leading edge of 'clk'
Path Groups: {clk}
Analysis View: all
Other End Arrival Time          0.130
- Setup                         0.273
+ Phase Shift                   4.000
= Required Time                 3.857
- Arrival Time                  1.706
= Slack Time                    2.151
     Clock Rise Edge                      0.000
     + Input Delay                        1.000
     = Beginpoint Arrival Time            1.000
     Timing Path:
     +-------------------------------------------------------------------------------+ 
     |        Instance         |     Arc     |   Cell   | Delay | Arrival | Required | 
     |                         |             |          |       |  Time   |   Time   | 
     |-------------------------+-------------+----------+-------+---------+----------| 
     |                         | i_href ^    |          |       |   1.000 |    3.151 | 
     | g79753                  | A ^ -> Y v  | INVX1    | 0.045 |   1.045 |    3.196 | 
     | g79726                  | B v -> Y ^  | NOR2X1   | 0.033 |   1.078 |    3.229 | 
     | g79692                  | B ^ -> Y v  | NAND2X1  | 0.026 |   1.104 |    3.254 | 
     | g79814                  | AN v -> Y v | NAND2BX1 | 0.025 |   1.129 |    3.280 | 
     | FE_OFC885_n_4           | A v -> Y ^  | INVX1    | 0.063 |   1.192 |    3.342 | 
     | FE_OFC1204_n_4          | A ^ -> Y v  | INVX1    | 0.128 |   1.319 |    3.470 | 
     | g79569                  | B v -> Y ^  | NOR2X1   | 0.128 |   1.447 |    3.598 | 
     | FE_OFC690_n_149         | A ^ -> Y ^  | BUFX2    | 0.116 |   1.563 |    3.714 | 
     | g79059                  | B ^ -> Y v  | NAND2X1  | 0.142 |   1.706 |    3.856 | 
     | line_buff_1_reg[188][4] | SE v        | SDFFQX1  | 0.001 |   1.706 |    3.857 | 
     +-------------------------------------------------------------------------------+ 
     Clock Rise Edge                      0.000
     + Source Insertion Delay            -0.257
     = Beginpoint Arrival Time           -0.257
     Other End Path:
     +-------------------------------------------------------------------------------+ 
     |        Instance         |    Arc     |   Cell    | Delay | Arrival | Required | 
     |                         |            |           |       |  Time   |   Time   | 
     |-------------------------+------------+-----------+-------+---------+----------| 
     |                         | clk ^      |           |       |  -0.257 |   -2.408 | 
     | CTS_ccl_a_buf_00160     | A ^ -> Y ^ | CLKBUFX20 | 0.180 |  -0.077 |   -2.228 | 
     | CTS_ccl_a_buf_00141     | A ^ -> Y ^ | CLKBUFX6  | 0.205 |   0.128 |   -2.023 | 
     | line_buff_1_reg[188][4] | CK ^       | SDFFQX1   | 0.002 |   0.130 |   -2.021 | 
     +-------------------------------------------------------------------------------+ 
Path 100: MET Setup Check with Pin line_buff_1_reg[208][1]/CK 
Endpoint:   line_buff_1_reg[208][1]/SE (^) checked with  leading edge of 'clk'
Beginpoint: i_href                     (^) triggered by  leading edge of 'clk'
Path Groups: {clk}
Analysis View: all
Other End Arrival Time          0.129
- Setup                         0.288
+ Phase Shift                   4.000
= Required Time                 3.841
- Arrival Time                  1.690
= Slack Time                    2.151
     Clock Rise Edge                      0.000
     + Input Delay                        1.000
     = Beginpoint Arrival Time            1.000
     Timing Path:
     +-----------------------------------------------------------------------------+ 
     |        Instance         |    Arc     |  Cell   | Delay | Arrival | Required | 
     |                         |            |         |       |  Time   |   Time   | 
     |-------------------------+------------+---------+-------+---------+----------| 
     |                         | i_href ^   |         |       |   1.000 |    3.151 | 
     | g79753                  | A ^ -> Y v | INVX1   | 0.045 |   1.045 |    3.196 | 
     | g79726                  | B v -> Y ^ | NOR2X1  | 0.033 |   1.078 |    3.229 | 
     | g79692                  | B ^ -> Y v | NAND2X1 | 0.026 |   1.104 |    3.254 | 
     | g79649                  | B v -> Y ^ | NOR2X1  | 0.018 |   1.122 |    3.273 | 
     | FE_OFC560_n_97          | A ^ -> Y ^ | BUFX2   | 0.095 |   1.217 |    3.367 | 
     | g79575                  | B ^ -> Y v | NAND2X1 | 0.136 |   1.353 |    3.504 | 
     | FE_OFC800_n_139         | A v -> Y ^ | INVX1   | 0.080 |   1.433 |    3.584 | 
     | FE_OFC801_n_139         | A ^ -> Y v | INVX1   | 0.096 |   1.528 |    3.679 | 
     | g79433                  | B v -> Y ^ | NOR2X1  | 0.161 |   1.690 |    3.840 | 
     | line_buff_1_reg[208][1] | SE ^       | SDFFQX1 | 0.001 |   1.690 |    3.841 | 
     +-----------------------------------------------------------------------------+ 
     Clock Rise Edge                      0.000
     + Source Insertion Delay            -0.257
     = Beginpoint Arrival Time           -0.257
     Other End Path:
     +-------------------------------------------------------------------------------+ 
     |        Instance         |    Arc     |   Cell    | Delay | Arrival | Required | 
     |                         |            |           |       |  Time   |   Time   | 
     |-------------------------+------------+-----------+-------+---------+----------| 
     |                         | clk ^      |           |       |  -0.257 |   -2.408 | 
     | CTS_ccl_a_buf_00160     | A ^ -> Y ^ | CLKBUFX20 | 0.180 |  -0.077 |   -2.228 | 
     | CTS_ccl_a_buf_00111     | A ^ -> Y ^ | CLKBUFX6  | 0.204 |   0.127 |   -2.024 | 
     | line_buff_1_reg[208][1] | CK ^       | SDFFQX1   | 0.002 |   0.129 |   -2.022 | 
     +-------------------------------------------------------------------------------+ 
Path 101: MET Setup Check with Pin line_buff_0_reg[208][4]/CK 
Endpoint:   line_buff_0_reg[208][4]/SE (^) checked with  leading edge of 'clk'
Beginpoint: i_href                     (^) triggered by  leading edge of 'clk'
Path Groups: {clk}
Analysis View: all
Other End Arrival Time          0.129
- Setup                         0.288
+ Phase Shift                   4.000
= Required Time                 3.841
- Arrival Time                  1.690
= Slack Time                    2.151
     Clock Rise Edge                      0.000
     + Input Delay                        1.000
     = Beginpoint Arrival Time            1.000
     Timing Path:
     +-----------------------------------------------------------------------------+ 
     |        Instance         |    Arc     |  Cell   | Delay | Arrival | Required | 
     |                         |            |         |       |  Time   |   Time   | 
     |-------------------------+------------+---------+-------+---------+----------| 
     |                         | i_href ^   |         |       |   1.000 |    3.151 | 
     | g79753                  | A ^ -> Y v | INVX1   | 0.045 |   1.045 |    3.196 | 
     | g79726                  | B v -> Y ^ | NOR2X1  | 0.033 |   1.078 |    3.229 | 
     | g79692                  | B ^ -> Y v | NAND2X1 | 0.026 |   1.104 |    3.254 | 
     | g79649                  | B v -> Y ^ | NOR2X1  | 0.018 |   1.122 |    3.273 | 
     | FE_OFC560_n_97          | A ^ -> Y ^ | BUFX2   | 0.095 |   1.217 |    3.367 | 
     | g79575                  | B ^ -> Y v | NAND2X1 | 0.136 |   1.353 |    3.504 | 
     | FE_OFC800_n_139         | A v -> Y ^ | INVX1   | 0.080 |   1.433 |    3.584 | 
     | FE_OFC801_n_139         | A ^ -> Y v | INVX1   | 0.096 |   1.528 |    3.679 | 
     | g79433                  | B v -> Y ^ | NOR2X1  | 0.161 |   1.690 |    3.840 | 
     | line_buff_0_reg[208][4] | SE ^       | SDFFQX1 | 0.001 |   1.690 |    3.841 | 
     +-----------------------------------------------------------------------------+ 
     Clock Rise Edge                      0.000
     + Source Insertion Delay            -0.257
     = Beginpoint Arrival Time           -0.257
     Other End Path:
     +-------------------------------------------------------------------------------+ 
     |        Instance         |    Arc     |   Cell    | Delay | Arrival | Required | 
     |                         |            |           |       |  Time   |   Time   | 
     |-------------------------+------------+-----------+-------+---------+----------| 
     |                         | clk ^      |           |       |  -0.257 |   -2.408 | 
     | CTS_ccl_a_buf_00160     | A ^ -> Y ^ | CLKBUFX20 | 0.180 |  -0.077 |   -2.228 | 
     | CTS_ccl_a_buf_00111     | A ^ -> Y ^ | CLKBUFX6  | 0.204 |   0.127 |   -2.024 | 
     | line_buff_0_reg[208][4] | CK ^       | SDFFQX1   | 0.002 |   0.129 |   -2.022 | 
     +-------------------------------------------------------------------------------+ 
Path 102: MET Setup Check with Pin line_buff_0_reg[428][3]/CK 
Endpoint:   line_buff_0_reg[428][3]/SE (^) checked with  leading edge of 'clk'
Beginpoint: i_href                     (^) triggered by  leading edge of 'clk'
Path Groups: {clk}
Analysis View: all
Other End Arrival Time          0.133
- Setup                         0.273
+ Phase Shift                   4.000
= Required Time                 3.860
- Arrival Time                  1.709
= Slack Time                    2.151
     Clock Rise Edge                      0.000
     + Input Delay                        1.000
     = Beginpoint Arrival Time            1.000
     Timing Path:
     +-------------------------------------------------------------------------------+ 
     |        Instance         |     Arc     |   Cell   | Delay | Arrival | Required | 
     |                         |             |          |       |  Time   |   Time   | 
     |-------------------------+-------------+----------+-------+---------+----------| 
     |                         | i_href ^    |          |       |   1.000 |    3.151 | 
     | g79753                  | A ^ -> Y v  | INVX1    | 0.045 |   1.045 |    3.196 | 
     | g79726                  | B v -> Y ^  | NOR2X1   | 0.033 |   1.078 |    3.229 | 
     | g79692                  | B ^ -> Y v  | NAND2X1  | 0.026 |   1.104 |    3.254 | 
     | g79814                  | AN v -> Y v | NAND2BX1 | 0.025 |   1.129 |    3.280 | 
     | FE_OFC885_n_4           | A v -> Y ^  | INVX1    | 0.063 |   1.192 |    3.343 | 
     | g79571                  | B ^ -> Y v  | NAND2X1  | 0.142 |   1.334 |    3.484 | 
     | FE_OFC1168_n_146        | A v -> Y ^  | INVX1    | 0.139 |   1.472 |    3.623 | 
     | FE_OFC1169_n_146        | A ^ -> Y v  | INVX1    | 0.099 |   1.571 |    3.722 | 
     | g79502                  | B v -> Y ^  | NOR2X1   | 0.138 |   1.709 |    3.860 | 
     | line_buff_0_reg[428][3] | SE ^        | SDFFQX1  | 0.000 |   1.709 |    3.860 | 
     +-------------------------------------------------------------------------------+ 
     Clock Rise Edge                      0.000
     + Source Insertion Delay            -0.257
     = Beginpoint Arrival Time           -0.257
     Other End Path:
     +-------------------------------------------------------------------------------+ 
     |        Instance         |    Arc     |   Cell    | Delay | Arrival | Required | 
     |                         |            |           |       |  Time   |   Time   | 
     |-------------------------+------------+-----------+-------+---------+----------| 
     |                         | clk ^      |           |       |  -0.257 |   -2.408 | 
     | CTS_ccl_a_buf_00160     | A ^ -> Y ^ | CLKBUFX20 | 0.180 |  -0.077 |   -2.228 | 
     | CTS_ccl_a_buf_00108     | A ^ -> Y ^ | CLKBUFX6  | 0.208 |   0.131 |   -2.020 | 
     | line_buff_0_reg[428][3] | CK ^       | SDFFQX1   | 0.002 |   0.133 |   -2.018 | 
     +-------------------------------------------------------------------------------+ 
Path 103: MET Setup Check with Pin line_buff_0_reg[208][0]/CK 
Endpoint:   line_buff_0_reg[208][0]/SE (^) checked with  leading edge of 'clk'
Beginpoint: i_href                     (^) triggered by  leading edge of 'clk'
Path Groups: {clk}
Analysis View: all
Other End Arrival Time          0.129
- Setup                         0.288
+ Phase Shift                   4.000
= Required Time                 3.841
- Arrival Time                  1.690
= Slack Time                    2.151
     Clock Rise Edge                      0.000
     + Input Delay                        1.000
     = Beginpoint Arrival Time            1.000
     Timing Path:
     +-----------------------------------------------------------------------------+ 
     |        Instance         |    Arc     |  Cell   | Delay | Arrival | Required | 
     |                         |            |         |       |  Time   |   Time   | 
     |-------------------------+------------+---------+-------+---------+----------| 
     |                         | i_href ^   |         |       |   1.000 |    3.151 | 
     | g79753                  | A ^ -> Y v | INVX1   | 0.045 |   1.045 |    3.196 | 
     | g79726                  | B v -> Y ^ | NOR2X1  | 0.033 |   1.078 |    3.229 | 
     | g79692                  | B ^ -> Y v | NAND2X1 | 0.026 |   1.104 |    3.254 | 
     | g79649                  | B v -> Y ^ | NOR2X1  | 0.018 |   1.122 |    3.273 | 
     | FE_OFC560_n_97          | A ^ -> Y ^ | BUFX2   | 0.095 |   1.217 |    3.368 | 
     | g79575                  | B ^ -> Y v | NAND2X1 | 0.136 |   1.353 |    3.504 | 
     | FE_OFC800_n_139         | A v -> Y ^ | INVX1   | 0.080 |   1.433 |    3.584 | 
     | FE_OFC801_n_139         | A ^ -> Y v | INVX1   | 0.096 |   1.528 |    3.679 | 
     | g79433                  | B v -> Y ^ | NOR2X1  | 0.161 |   1.690 |    3.840 | 
     | line_buff_0_reg[208][0] | SE ^       | SDFFQX1 | 0.001 |   1.690 |    3.841 | 
     +-----------------------------------------------------------------------------+ 
     Clock Rise Edge                      0.000
     + Source Insertion Delay            -0.257
     = Beginpoint Arrival Time           -0.257
     Other End Path:
     +-------------------------------------------------------------------------------+ 
     |        Instance         |    Arc     |   Cell    | Delay | Arrival | Required | 
     |                         |            |           |       |  Time   |   Time   | 
     |-------------------------+------------+-----------+-------+---------+----------| 
     |                         | clk ^      |           |       |  -0.257 |   -2.408 | 
     | CTS_ccl_a_buf_00160     | A ^ -> Y ^ | CLKBUFX20 | 0.180 |  -0.077 |   -2.228 | 
     | CTS_ccl_a_buf_00111     | A ^ -> Y ^ | CLKBUFX6  | 0.204 |   0.127 |   -2.024 | 
     | line_buff_0_reg[208][0] | CK ^       | SDFFQX1   | 0.002 |   0.129 |   -2.022 | 
     +-------------------------------------------------------------------------------+ 
Path 104: MET Setup Check with Pin line_buff_1_reg[428][2]/CK 
Endpoint:   line_buff_1_reg[428][2]/SE (^) checked with  leading edge of 'clk'
Beginpoint: i_href                     (^) triggered by  leading edge of 'clk'
Path Groups: {clk}
Analysis View: all
Other End Arrival Time          0.133
- Setup                         0.273
+ Phase Shift                   4.000
= Required Time                 3.860
- Arrival Time                  1.709
= Slack Time                    2.151
     Clock Rise Edge                      0.000
     + Input Delay                        1.000
     = Beginpoint Arrival Time            1.000
     Timing Path:
     +-------------------------------------------------------------------------------+ 
     |        Instance         |     Arc     |   Cell   | Delay | Arrival | Required | 
     |                         |             |          |       |  Time   |   Time   | 
     |-------------------------+-------------+----------+-------+---------+----------| 
     |                         | i_href ^    |          |       |   1.000 |    3.151 | 
     | g79753                  | A ^ -> Y v  | INVX1    | 0.045 |   1.045 |    3.196 | 
     | g79726                  | B v -> Y ^  | NOR2X1   | 0.033 |   1.078 |    3.229 | 
     | g79692                  | B ^ -> Y v  | NAND2X1  | 0.026 |   1.104 |    3.255 | 
     | g79814                  | AN v -> Y v | NAND2BX1 | 0.025 |   1.129 |    3.280 | 
     | FE_OFC885_n_4           | A v -> Y ^  | INVX1    | 0.063 |   1.192 |    3.343 | 
     | g79571                  | B ^ -> Y v  | NAND2X1  | 0.142 |   1.334 |    3.484 | 
     | FE_OFC1168_n_146        | A v -> Y ^  | INVX1    | 0.139 |   1.472 |    3.623 | 
     | FE_OFC1169_n_146        | A ^ -> Y v  | INVX1    | 0.099 |   1.571 |    3.722 | 
     | g79502                  | B v -> Y ^  | NOR2X1   | 0.138 |   1.709 |    3.860 | 
     | line_buff_1_reg[428][2] | SE ^        | SDFFQX1  | 0.000 |   1.709 |    3.860 | 
     +-------------------------------------------------------------------------------+ 
     Clock Rise Edge                      0.000
     + Source Insertion Delay            -0.257
     = Beginpoint Arrival Time           -0.257
     Other End Path:
     +-------------------------------------------------------------------------------+ 
     |        Instance         |    Arc     |   Cell    | Delay | Arrival | Required | 
     |                         |            |           |       |  Time   |   Time   | 
     |-------------------------+------------+-----------+-------+---------+----------| 
     |                         | clk ^      |           |       |  -0.257 |   -2.408 | 
     | CTS_ccl_a_buf_00160     | A ^ -> Y ^ | CLKBUFX20 | 0.180 |  -0.077 |   -2.228 | 
     | CTS_ccl_a_buf_00108     | A ^ -> Y ^ | CLKBUFX6  | 0.208 |   0.131 |   -2.020 | 
     | line_buff_1_reg[428][2] | CK ^       | SDFFQX1   | 0.002 |   0.133 |   -2.018 | 
     +-------------------------------------------------------------------------------+ 
Path 105: MET Setup Check with Pin line_buff_0_reg[428][1]/CK 
Endpoint:   line_buff_0_reg[428][1]/SE (^) checked with  leading edge of 'clk'
Beginpoint: i_href                     (^) triggered by  leading edge of 'clk'
Path Groups: {clk}
Analysis View: all
Other End Arrival Time          0.133
- Setup                         0.273
+ Phase Shift                   4.000
= Required Time                 3.860
- Arrival Time                  1.709
= Slack Time                    2.151
     Clock Rise Edge                      0.000
     + Input Delay                        1.000
     = Beginpoint Arrival Time            1.000
     Timing Path:
     +-------------------------------------------------------------------------------+ 
     |        Instance         |     Arc     |   Cell   | Delay | Arrival | Required | 
     |                         |             |          |       |  Time   |   Time   | 
     |-------------------------+-------------+----------+-------+---------+----------| 
     |                         | i_href ^    |          |       |   1.000 |    3.151 | 
     | g79753                  | A ^ -> Y v  | INVX1    | 0.045 |   1.045 |    3.196 | 
     | g79726                  | B v -> Y ^  | NOR2X1   | 0.033 |   1.078 |    3.229 | 
     | g79692                  | B ^ -> Y v  | NAND2X1  | 0.026 |   1.104 |    3.255 | 
     | g79814                  | AN v -> Y v | NAND2BX1 | 0.025 |   1.129 |    3.280 | 
     | FE_OFC885_n_4           | A v -> Y ^  | INVX1    | 0.063 |   1.192 |    3.343 | 
     | g79571                  | B ^ -> Y v  | NAND2X1  | 0.142 |   1.334 |    3.484 | 
     | FE_OFC1168_n_146        | A v -> Y ^  | INVX1    | 0.139 |   1.472 |    3.623 | 
     | FE_OFC1169_n_146        | A ^ -> Y v  | INVX1    | 0.099 |   1.571 |    3.722 | 
     | g79502                  | B v -> Y ^  | NOR2X1   | 0.138 |   1.709 |    3.860 | 
     | line_buff_0_reg[428][1] | SE ^        | SDFFQX1  | 0.000 |   1.709 |    3.860 | 
     +-------------------------------------------------------------------------------+ 
     Clock Rise Edge                      0.000
     + Source Insertion Delay            -0.257
     = Beginpoint Arrival Time           -0.257
     Other End Path:
     +-------------------------------------------------------------------------------+ 
     |        Instance         |    Arc     |   Cell    | Delay | Arrival | Required | 
     |                         |            |           |       |  Time   |   Time   | 
     |-------------------------+------------+-----------+-------+---------+----------| 
     |                         | clk ^      |           |       |  -0.257 |   -2.408 | 
     | CTS_ccl_a_buf_00160     | A ^ -> Y ^ | CLKBUFX20 | 0.180 |  -0.077 |   -2.228 | 
     | CTS_ccl_a_buf_00108     | A ^ -> Y ^ | CLKBUFX6  | 0.208 |   0.131 |   -2.020 | 
     | line_buff_0_reg[428][1] | CK ^       | SDFFQX1   | 0.002 |   0.133 |   -2.018 | 
     +-------------------------------------------------------------------------------+ 
Path 106: MET Setup Check with Pin line_buff_1_reg[428][5]/CK 
Endpoint:   line_buff_1_reg[428][5]/SE (^) checked with  leading edge of 'clk'
Beginpoint: i_href                     (^) triggered by  leading edge of 'clk'
Path Groups: {clk}
Analysis View: all
Other End Arrival Time          0.133
- Setup                         0.273
+ Phase Shift                   4.000
= Required Time                 3.860
- Arrival Time                  1.709
= Slack Time                    2.151
     Clock Rise Edge                      0.000
     + Input Delay                        1.000
     = Beginpoint Arrival Time            1.000
     Timing Path:
     +-------------------------------------------------------------------------------+ 
     |        Instance         |     Arc     |   Cell   | Delay | Arrival | Required | 
     |                         |             |          |       |  Time   |   Time   | 
     |-------------------------+-------------+----------+-------+---------+----------| 
     |                         | i_href ^    |          |       |   1.000 |    3.151 | 
     | g79753                  | A ^ -> Y v  | INVX1    | 0.045 |   1.045 |    3.196 | 
     | g79726                  | B v -> Y ^  | NOR2X1   | 0.033 |   1.078 |    3.229 | 
     | g79692                  | B ^ -> Y v  | NAND2X1  | 0.026 |   1.104 |    3.255 | 
     | g79814                  | AN v -> Y v | NAND2BX1 | 0.025 |   1.129 |    3.280 | 
     | FE_OFC885_n_4           | A v -> Y ^  | INVX1    | 0.063 |   1.192 |    3.343 | 
     | g79571                  | B ^ -> Y v  | NAND2X1  | 0.142 |   1.334 |    3.485 | 
     | FE_OFC1168_n_146        | A v -> Y ^  | INVX1    | 0.139 |   1.472 |    3.623 | 
     | FE_OFC1169_n_146        | A ^ -> Y v  | INVX1    | 0.099 |   1.571 |    3.722 | 
     | g79502                  | B v -> Y ^  | NOR2X1   | 0.138 |   1.709 |    3.860 | 
     | line_buff_1_reg[428][5] | SE ^        | SDFFQX1  | 0.000 |   1.709 |    3.860 | 
     +-------------------------------------------------------------------------------+ 
     Clock Rise Edge                      0.000
     + Source Insertion Delay            -0.257
     = Beginpoint Arrival Time           -0.257
     Other End Path:
     +-------------------------------------------------------------------------------+ 
     |        Instance         |    Arc     |   Cell    | Delay | Arrival | Required | 
     |                         |            |           |       |  Time   |   Time   | 
     |-------------------------+------------+-----------+-------+---------+----------| 
     |                         | clk ^      |           |       |  -0.257 |   -2.408 | 
     | CTS_ccl_a_buf_00160     | A ^ -> Y ^ | CLKBUFX20 | 0.180 |  -0.077 |   -2.228 | 
     | CTS_ccl_a_buf_00108     | A ^ -> Y ^ | CLKBUFX6  | 0.208 |   0.131 |   -2.020 | 
     | line_buff_1_reg[428][5] | CK ^       | SDFFQX1   | 0.002 |   0.133 |   -2.018 | 
     +-------------------------------------------------------------------------------+ 
Path 107: MET Setup Check with Pin line_buff_1_reg[89][5]/CK 
Endpoint:   line_buff_1_reg[89][5]/SE (^) checked with  leading edge of 'clk'
Beginpoint: i_href                    (^) triggered by  leading edge of 'clk'
Path Groups: {clk}
Analysis View: all
Other End Arrival Time          0.122
- Setup                         0.281
+ Phase Shift                   4.000
= Required Time                 3.841
- Arrival Time                  1.690
= Slack Time                    2.151
     Clock Rise Edge                      0.000
     + Input Delay                        1.000
     = Beginpoint Arrival Time            1.000
     Timing Path:
     +----------------------------------------------------------------------------+ 
     |        Instance        |    Arc     |  Cell   | Delay | Arrival | Required | 
     |                        |            |         |       |  Time   |   Time   | 
     |------------------------+------------+---------+-------+---------+----------| 
     |                        | i_href ^   |         |       |   1.000 |    3.151 | 
     | g79753                 | A ^ -> Y v | INVX1   | 0.045 |   1.045 |    3.197 | 
     | g79110                 | C v -> Y ^ | NOR3X1  | 0.023 |   1.069 |    3.220 | 
     | FE_OFC1106_n_585       | A ^ -> Y v | INVX1   | 0.053 |   1.121 |    3.272 | 
     | FE_OFC1107_n_585       | A v -> Y ^ | INVX1   | 0.116 |   1.237 |    3.389 | 
     | g78678                 | B ^ -> Y v | NAND2X1 | 0.139 |   1.377 |    3.528 | 
     | FE_OFC871_n_1029       | A v -> Y ^ | INVX1   | 0.062 |   1.439 |    3.590 | 
     | FE_OFC872_n_1029       | A ^ -> Y v | INVX1   | 0.093 |   1.532 |    3.683 | 
     | g78387                 | B v -> Y ^ | NOR2X1  | 0.158 |   1.690 |    3.841 | 
     | line_buff_1_reg[89][5] | SE ^       | SDFFQX1 | 0.000 |   1.690 |    3.841 | 
     +----------------------------------------------------------------------------+ 
     Clock Rise Edge                      0.000
     + Source Insertion Delay            -0.257
     = Beginpoint Arrival Time           -0.257
     Other End Path:
     +------------------------------------------------------------------------------+ 
     |        Instance        |    Arc     |   Cell    | Delay | Arrival | Required | 
     |                        |            |           |       |  Time   |   Time   | 
     |------------------------+------------+-----------+-------+---------+----------| 
     |                        | clk ^      |           |       |  -0.257 |   -2.409 | 
     | CTS_ccl_a_buf_00159    | A ^ -> Y ^ | CLKBUFX20 | 0.176 |  -0.082 |   -2.233 | 
     | CTS_ccl_a_buf_00115    | A ^ -> Y ^ | CLKBUFX6  | 0.201 |   0.119 |   -2.032 | 
     | line_buff_1_reg[89][5] | CK ^       | SDFFQX1   | 0.004 |   0.122 |   -2.029 | 
     +------------------------------------------------------------------------------+ 
Path 108: MET Setup Check with Pin line_buff_1_reg[89][2]/CK 
Endpoint:   line_buff_1_reg[89][2]/SE (^) checked with  leading edge of 'clk'
Beginpoint: i_href                    (^) triggered by  leading edge of 'clk'
Path Groups: {clk}
Analysis View: all
Other End Arrival Time          0.122
- Setup                         0.281
+ Phase Shift                   4.000
= Required Time                 3.841
- Arrival Time                  1.690
= Slack Time                    2.151
     Clock Rise Edge                      0.000
     + Input Delay                        1.000
     = Beginpoint Arrival Time            1.000
     Timing Path:
     +----------------------------------------------------------------------------+ 
     |        Instance        |    Arc     |  Cell   | Delay | Arrival | Required | 
     |                        |            |         |       |  Time   |   Time   | 
     |------------------------+------------+---------+-------+---------+----------| 
     |                        | i_href ^   |         |       |   1.000 |    3.151 | 
     | g79753                 | A ^ -> Y v | INVX1   | 0.045 |   1.045 |    3.197 | 
     | g79110                 | C v -> Y ^ | NOR3X1  | 0.023 |   1.069 |    3.220 | 
     | FE_OFC1106_n_585       | A ^ -> Y v | INVX1   | 0.053 |   1.121 |    3.272 | 
     | FE_OFC1107_n_585       | A v -> Y ^ | INVX1   | 0.116 |   1.237 |    3.389 | 
     | g78678                 | B ^ -> Y v | NAND2X1 | 0.139 |   1.377 |    3.528 | 
     | FE_OFC871_n_1029       | A v -> Y ^ | INVX1   | 0.062 |   1.439 |    3.590 | 
     | FE_OFC872_n_1029       | A ^ -> Y v | INVX1   | 0.093 |   1.532 |    3.683 | 
     | g78387                 | B v -> Y ^ | NOR2X1  | 0.158 |   1.690 |    3.841 | 
     | line_buff_1_reg[89][2] | SE ^       | SDFFQX1 | 0.000 |   1.690 |    3.841 | 
     +----------------------------------------------------------------------------+ 
     Clock Rise Edge                      0.000
     + Source Insertion Delay            -0.257
     = Beginpoint Arrival Time           -0.257
     Other End Path:
     +------------------------------------------------------------------------------+ 
     |        Instance        |    Arc     |   Cell    | Delay | Arrival | Required | 
     |                        |            |           |       |  Time   |   Time   | 
     |------------------------+------------+-----------+-------+---------+----------| 
     |                        | clk ^      |           |       |  -0.257 |   -2.409 | 
     | CTS_ccl_a_buf_00159    | A ^ -> Y ^ | CLKBUFX20 | 0.176 |  -0.082 |   -2.233 | 
     | CTS_ccl_a_buf_00115    | A ^ -> Y ^ | CLKBUFX6  | 0.201 |   0.119 |   -2.032 | 
     | line_buff_1_reg[89][2] | CK ^       | SDFFQX1   | 0.004 |   0.122 |   -2.029 | 
     +------------------------------------------------------------------------------+ 
Path 109: MET Setup Check with Pin line_buff_1_reg[89][1]/CK 
Endpoint:   line_buff_1_reg[89][1]/SE (^) checked with  leading edge of 'clk'
Beginpoint: i_href                    (^) triggered by  leading edge of 'clk'
Path Groups: {clk}
Analysis View: all
Other End Arrival Time          0.122
- Setup                         0.281
+ Phase Shift                   4.000
= Required Time                 3.841
- Arrival Time                  1.690
= Slack Time                    2.151
     Clock Rise Edge                      0.000
     + Input Delay                        1.000
     = Beginpoint Arrival Time            1.000
     Timing Path:
     +----------------------------------------------------------------------------+ 
     |        Instance        |    Arc     |  Cell   | Delay | Arrival | Required | 
     |                        |            |         |       |  Time   |   Time   | 
     |------------------------+------------+---------+-------+---------+----------| 
     |                        | i_href ^   |         |       |   1.000 |    3.151 | 
     | g79753                 | A ^ -> Y v | INVX1   | 0.045 |   1.045 |    3.197 | 
     | g79110                 | C v -> Y ^ | NOR3X1  | 0.023 |   1.069 |    3.220 | 
     | FE_OFC1106_n_585       | A ^ -> Y v | INVX1   | 0.053 |   1.121 |    3.272 | 
     | FE_OFC1107_n_585       | A v -> Y ^ | INVX1   | 0.116 |   1.237 |    3.389 | 
     | g78678                 | B ^ -> Y v | NAND2X1 | 0.139 |   1.377 |    3.528 | 
     | FE_OFC871_n_1029       | A v -> Y ^ | INVX1   | 0.062 |   1.439 |    3.590 | 
     | FE_OFC872_n_1029       | A ^ -> Y v | INVX1   | 0.093 |   1.532 |    3.683 | 
     | g78387                 | B v -> Y ^ | NOR2X1  | 0.158 |   1.690 |    3.841 | 
     | line_buff_1_reg[89][1] | SE ^       | SDFFQX1 | 0.000 |   1.690 |    3.841 | 
     +----------------------------------------------------------------------------+ 
     Clock Rise Edge                      0.000
     + Source Insertion Delay            -0.257
     = Beginpoint Arrival Time           -0.257
     Other End Path:
     +------------------------------------------------------------------------------+ 
     |        Instance        |    Arc     |   Cell    | Delay | Arrival | Required | 
     |                        |            |           |       |  Time   |   Time   | 
     |------------------------+------------+-----------+-------+---------+----------| 
     |                        | clk ^      |           |       |  -0.257 |   -2.409 | 
     | CTS_ccl_a_buf_00159    | A ^ -> Y ^ | CLKBUFX20 | 0.176 |  -0.082 |   -2.233 | 
     | CTS_ccl_a_buf_00115    | A ^ -> Y ^ | CLKBUFX6  | 0.201 |   0.119 |   -2.032 | 
     | line_buff_1_reg[89][1] | CK ^       | SDFFQX1   | 0.004 |   0.122 |   -2.029 | 
     +------------------------------------------------------------------------------+ 
Path 110: MET Setup Check with Pin line_buff_1_reg[428][3]/CK 
Endpoint:   line_buff_1_reg[428][3]/SE (^) checked with  leading edge of 'clk'
Beginpoint: i_href                     (^) triggered by  leading edge of 'clk'
Path Groups: {clk}
Analysis View: all
Other End Arrival Time          0.133
- Setup                         0.273
+ Phase Shift                   4.000
= Required Time                 3.860
- Arrival Time                  1.709
= Slack Time                    2.151
     Clock Rise Edge                      0.000
     + Input Delay                        1.000
     = Beginpoint Arrival Time            1.000
     Timing Path:
     +-------------------------------------------------------------------------------+ 
     |        Instance         |     Arc     |   Cell   | Delay | Arrival | Required | 
     |                         |             |          |       |  Time   |   Time   | 
     |-------------------------+-------------+----------+-------+---------+----------| 
     |                         | i_href ^    |          |       |   1.000 |    3.151 | 
     | g79753                  | A ^ -> Y v  | INVX1    | 0.045 |   1.045 |    3.197 | 
     | g79726                  | B v -> Y ^  | NOR2X1   | 0.033 |   1.078 |    3.229 | 
     | g79692                  | B ^ -> Y v  | NAND2X1  | 0.026 |   1.104 |    3.255 | 
     | g79814                  | AN v -> Y v | NAND2BX1 | 0.025 |   1.129 |    3.280 | 
     | FE_OFC885_n_4           | A v -> Y ^  | INVX1    | 0.063 |   1.192 |    3.343 | 
     | g79571                  | B ^ -> Y v  | NAND2X1  | 0.142 |   1.334 |    3.485 | 
     | FE_OFC1168_n_146        | A v -> Y ^  | INVX1    | 0.139 |   1.472 |    3.624 | 
     | FE_OFC1169_n_146        | A ^ -> Y v  | INVX1    | 0.099 |   1.571 |    3.723 | 
     | g79502                  | B v -> Y ^  | NOR2X1   | 0.138 |   1.709 |    3.860 | 
     | line_buff_1_reg[428][3] | SE ^        | SDFFQX1  | 0.000 |   1.709 |    3.860 | 
     +-------------------------------------------------------------------------------+ 
     Clock Rise Edge                      0.000
     + Source Insertion Delay            -0.257
     = Beginpoint Arrival Time           -0.257
     Other End Path:
     +-------------------------------------------------------------------------------+ 
     |        Instance         |    Arc     |   Cell    | Delay | Arrival | Required | 
     |                         |            |           |       |  Time   |   Time   | 
     |-------------------------+------------+-----------+-------+---------+----------| 
     |                         | clk ^      |           |       |  -0.257 |   -2.409 | 
     | CTS_ccl_a_buf_00160     | A ^ -> Y ^ | CLKBUFX20 | 0.180 |  -0.077 |   -2.228 | 
     | CTS_ccl_a_buf_00108     | A ^ -> Y ^ | CLKBUFX6  | 0.208 |   0.131 |   -2.020 | 
     | line_buff_1_reg[428][3] | CK ^       | SDFFQX1   | 0.002 |   0.133 |   -2.018 | 
     +-------------------------------------------------------------------------------+ 
Path 111: MET Setup Check with Pin line_buff_1_reg[428][1]/CK 
Endpoint:   line_buff_1_reg[428][1]/SE (^) checked with  leading edge of 'clk'
Beginpoint: i_href                     (^) triggered by  leading edge of 'clk'
Path Groups: {clk}
Analysis View: all
Other End Arrival Time          0.133
- Setup                         0.273
+ Phase Shift                   4.000
= Required Time                 3.861
- Arrival Time                  1.709
= Slack Time                    2.151
     Clock Rise Edge                      0.000
     + Input Delay                        1.000
     = Beginpoint Arrival Time            1.000
     Timing Path:
     +-------------------------------------------------------------------------------+ 
     |        Instance         |     Arc     |   Cell   | Delay | Arrival | Required | 
     |                         |             |          |       |  Time   |   Time   | 
     |-------------------------+-------------+----------+-------+---------+----------| 
     |                         | i_href ^    |          |       |   1.000 |    3.151 | 
     | g79753                  | A ^ -> Y v  | INVX1    | 0.045 |   1.045 |    3.197 | 
     | g79726                  | B v -> Y ^  | NOR2X1   | 0.033 |   1.078 |    3.229 | 
     | g79692                  | B ^ -> Y v  | NAND2X1  | 0.026 |   1.104 |    3.255 | 
     | g79814                  | AN v -> Y v | NAND2BX1 | 0.025 |   1.129 |    3.280 | 
     | FE_OFC885_n_4           | A v -> Y ^  | INVX1    | 0.063 |   1.192 |    3.343 | 
     | g79571                  | B ^ -> Y v  | NAND2X1  | 0.142 |   1.334 |    3.485 | 
     | FE_OFC1168_n_146        | A v -> Y ^  | INVX1    | 0.139 |   1.472 |    3.624 | 
     | FE_OFC1169_n_146        | A ^ -> Y v  | INVX1    | 0.099 |   1.571 |    3.723 | 
     | g79502                  | B v -> Y ^  | NOR2X1   | 0.138 |   1.709 |    3.860 | 
     | line_buff_1_reg[428][1] | SE ^        | SDFFQX1  | 0.000 |   1.709 |    3.861 | 
     +-------------------------------------------------------------------------------+ 
     Clock Rise Edge                      0.000
     + Source Insertion Delay            -0.257
     = Beginpoint Arrival Time           -0.257
     Other End Path:
     +-------------------------------------------------------------------------------+ 
     |        Instance         |    Arc     |   Cell    | Delay | Arrival | Required | 
     |                         |            |           |       |  Time   |   Time   | 
     |-------------------------+------------+-----------+-------+---------+----------| 
     |                         | clk ^      |           |       |  -0.257 |   -2.409 | 
     | CTS_ccl_a_buf_00160     | A ^ -> Y ^ | CLKBUFX20 | 0.180 |  -0.077 |   -2.228 | 
     | CTS_ccl_a_buf_00108     | A ^ -> Y ^ | CLKBUFX6  | 0.208 |   0.131 |   -2.020 | 
     | line_buff_1_reg[428][1] | CK ^       | SDFFQX1   | 0.002 |   0.133 |   -2.018 | 
     +-------------------------------------------------------------------------------+ 
Path 112: MET Setup Check with Pin line_buff_1_reg[428][0]/CK 
Endpoint:   line_buff_1_reg[428][0]/SE (^) checked with  leading edge of 'clk'
Beginpoint: i_href                     (^) triggered by  leading edge of 'clk'
Path Groups: {clk}
Analysis View: all
Other End Arrival Time          0.133
- Setup                         0.273
+ Phase Shift                   4.000
= Required Time                 3.861
- Arrival Time                  1.709
= Slack Time                    2.151
     Clock Rise Edge                      0.000
     + Input Delay                        1.000
     = Beginpoint Arrival Time            1.000
     Timing Path:
     +-------------------------------------------------------------------------------+ 
     |        Instance         |     Arc     |   Cell   | Delay | Arrival | Required | 
     |                         |             |          |       |  Time   |   Time   | 
     |-------------------------+-------------+----------+-------+---------+----------| 
     |                         | i_href ^    |          |       |   1.000 |    3.151 | 
     | g79753                  | A ^ -> Y v  | INVX1    | 0.045 |   1.045 |    3.197 | 
     | g79726                  | B v -> Y ^  | NOR2X1   | 0.033 |   1.078 |    3.229 | 
     | g79692                  | B ^ -> Y v  | NAND2X1  | 0.026 |   1.104 |    3.255 | 
     | g79814                  | AN v -> Y v | NAND2BX1 | 0.025 |   1.129 |    3.280 | 
     | FE_OFC885_n_4           | A v -> Y ^  | INVX1    | 0.063 |   1.192 |    3.343 | 
     | g79571                  | B ^ -> Y v  | NAND2X1  | 0.142 |   1.334 |    3.485 | 
     | FE_OFC1168_n_146        | A v -> Y ^  | INVX1    | 0.139 |   1.472 |    3.624 | 
     | FE_OFC1169_n_146        | A ^ -> Y v  | INVX1    | 0.099 |   1.571 |    3.723 | 
     | g79502                  | B v -> Y ^  | NOR2X1   | 0.138 |   1.709 |    3.860 | 
     | line_buff_1_reg[428][0] | SE ^        | SDFFQX1  | 0.000 |   1.709 |    3.861 | 
     +-------------------------------------------------------------------------------+ 
     Clock Rise Edge                      0.000
     + Source Insertion Delay            -0.257
     = Beginpoint Arrival Time           -0.257
     Other End Path:
     +-------------------------------------------------------------------------------+ 
     |        Instance         |    Arc     |   Cell    | Delay | Arrival | Required | 
     |                         |            |           |       |  Time   |   Time   | 
     |-------------------------+------------+-----------+-------+---------+----------| 
     |                         | clk ^      |           |       |  -0.257 |   -2.409 | 
     | CTS_ccl_a_buf_00160     | A ^ -> Y ^ | CLKBUFX20 | 0.180 |  -0.077 |   -2.228 | 
     | CTS_ccl_a_buf_00108     | A ^ -> Y ^ | CLKBUFX6  | 0.208 |   0.131 |   -2.020 | 
     | line_buff_1_reg[428][0] | CK ^       | SDFFQX1   | 0.002 |   0.133 |   -2.018 | 
     +-------------------------------------------------------------------------------+ 
Path 113: MET Setup Check with Pin line_buff_0_reg[428][2]/CK 
Endpoint:   line_buff_0_reg[428][2]/SE (^) checked with  leading edge of 'clk'
Beginpoint: i_href                     (^) triggered by  leading edge of 'clk'
Path Groups: {clk}
Analysis View: all
Other End Arrival Time          0.133
- Setup                         0.273
+ Phase Shift                   4.000
= Required Time                 3.861
- Arrival Time                  1.709
= Slack Time                    2.151
     Clock Rise Edge                      0.000
     + Input Delay                        1.000
     = Beginpoint Arrival Time            1.000
     Timing Path:
     +-------------------------------------------------------------------------------+ 
     |        Instance         |     Arc     |   Cell   | Delay | Arrival | Required | 
     |                         |             |          |       |  Time   |   Time   | 
     |-------------------------+-------------+----------+-------+---------+----------| 
     |                         | i_href ^    |          |       |   1.000 |    3.151 | 
     | g79753                  | A ^ -> Y v  | INVX1    | 0.045 |   1.045 |    3.197 | 
     | g79726                  | B v -> Y ^  | NOR2X1   | 0.033 |   1.078 |    3.229 | 
     | g79692                  | B ^ -> Y v  | NAND2X1  | 0.026 |   1.104 |    3.255 | 
     | g79814                  | AN v -> Y v | NAND2BX1 | 0.025 |   1.129 |    3.280 | 
     | FE_OFC885_n_4           | A v -> Y ^  | INVX1    | 0.063 |   1.192 |    3.343 | 
     | g79571                  | B ^ -> Y v  | NAND2X1  | 0.142 |   1.334 |    3.485 | 
     | FE_OFC1168_n_146        | A v -> Y ^  | INVX1    | 0.139 |   1.472 |    3.624 | 
     | FE_OFC1169_n_146        | A ^ -> Y v  | INVX1    | 0.099 |   1.571 |    3.723 | 
     | g79502                  | B v -> Y ^  | NOR2X1   | 0.138 |   1.709 |    3.860 | 
     | line_buff_0_reg[428][2] | SE ^        | SDFFQX1  | 0.000 |   1.709 |    3.861 | 
     +-------------------------------------------------------------------------------+ 
     Clock Rise Edge                      0.000
     + Source Insertion Delay            -0.257
     = Beginpoint Arrival Time           -0.257
     Other End Path:
     +-------------------------------------------------------------------------------+ 
     |        Instance         |    Arc     |   Cell    | Delay | Arrival | Required | 
     |                         |            |           |       |  Time   |   Time   | 
     |-------------------------+------------+-----------+-------+---------+----------| 
     |                         | clk ^      |           |       |  -0.257 |   -2.409 | 
     | CTS_ccl_a_buf_00160     | A ^ -> Y ^ | CLKBUFX20 | 0.180 |  -0.077 |   -2.228 | 
     | CTS_ccl_a_buf_00108     | A ^ -> Y ^ | CLKBUFX6  | 0.208 |   0.131 |   -2.020 | 
     | line_buff_0_reg[428][2] | CK ^       | SDFFQX1   | 0.002 |   0.133 |   -2.018 | 
     +-------------------------------------------------------------------------------+ 
Path 114: MET Setup Check with Pin line_buff_0_reg[428][5]/CK 
Endpoint:   line_buff_0_reg[428][5]/SE (^) checked with  leading edge of 'clk'
Beginpoint: i_href                     (^) triggered by  leading edge of 'clk'
Path Groups: {clk}
Analysis View: all
Other End Arrival Time          0.133
- Setup                         0.273
+ Phase Shift                   4.000
= Required Time                 3.860
- Arrival Time                  1.709
= Slack Time                    2.151
     Clock Rise Edge                      0.000
     + Input Delay                        1.000
     = Beginpoint Arrival Time            1.000
     Timing Path:
     +-------------------------------------------------------------------------------+ 
     |        Instance         |     Arc     |   Cell   | Delay | Arrival | Required | 
     |                         |             |          |       |  Time   |   Time   | 
     |-------------------------+-------------+----------+-------+---------+----------| 
     |                         | i_href ^    |          |       |   1.000 |    3.151 | 
     | g79753                  | A ^ -> Y v  | INVX1    | 0.045 |   1.045 |    3.197 | 
     | g79726                  | B v -> Y ^  | NOR2X1   | 0.033 |   1.078 |    3.229 | 
     | g79692                  | B ^ -> Y v  | NAND2X1  | 0.026 |   1.104 |    3.255 | 
     | g79814                  | AN v -> Y v | NAND2BX1 | 0.025 |   1.129 |    3.280 | 
     | FE_OFC885_n_4           | A v -> Y ^  | INVX1    | 0.063 |   1.192 |    3.343 | 
     | g79571                  | B ^ -> Y v  | NAND2X1  | 0.142 |   1.333 |    3.485 | 
     | FE_OFC1168_n_146        | A v -> Y ^  | INVX1    | 0.139 |   1.472 |    3.624 | 
     | FE_OFC1169_n_146        | A ^ -> Y v  | INVX1    | 0.099 |   1.571 |    3.723 | 
     | g79502                  | B v -> Y ^  | NOR2X1   | 0.138 |   1.709 |    3.860 | 
     | line_buff_0_reg[428][5] | SE ^        | SDFFQX1  | 0.000 |   1.709 |    3.860 | 
     +-------------------------------------------------------------------------------+ 
     Clock Rise Edge                      0.000
     + Source Insertion Delay            -0.257
     = Beginpoint Arrival Time           -0.257
     Other End Path:
     +-------------------------------------------------------------------------------+ 
     |        Instance         |    Arc     |   Cell    | Delay | Arrival | Required | 
     |                         |            |           |       |  Time   |   Time   | 
     |-------------------------+------------+-----------+-------+---------+----------| 
     |                         | clk ^      |           |       |  -0.257 |   -2.409 | 
     | CTS_ccl_a_buf_00160     | A ^ -> Y ^ | CLKBUFX20 | 0.180 |  -0.077 |   -2.228 | 
     | CTS_ccl_a_buf_00108     | A ^ -> Y ^ | CLKBUFX6  | 0.208 |   0.131 |   -2.020 | 
     | line_buff_0_reg[428][5] | CK ^       | SDFFQX1   | 0.002 |   0.133 |   -2.018 | 
     +-------------------------------------------------------------------------------+ 
Path 115: MET Setup Check with Pin line_buff_1_reg[176][5]/CK 
Endpoint:   line_buff_1_reg[176][5]/SE (^) checked with  leading edge of 'clk'
Beginpoint: i_href                     (^) triggered by  leading edge of 'clk'
Path Groups: {clk}
Analysis View: all
Other End Arrival Time          0.129
- Setup                         0.288
+ Phase Shift                   4.000
= Required Time                 3.841
- Arrival Time                  1.689
= Slack Time                    2.152
     Clock Rise Edge                      0.000
     + Input Delay                        1.000
     = Beginpoint Arrival Time            1.000
     Timing Path:
     +-----------------------------------------------------------------------------+ 
     |        Instance         |    Arc     |  Cell   | Delay | Arrival | Required | 
     |                         |            |         |       |  Time   |   Time   | 
     |-------------------------+------------+---------+-------+---------+----------| 
     |                         | i_href ^   |         |       |   1.000 |    3.152 | 
     | g79753                  | A ^ -> Y v | INVX1   | 0.045 |   1.045 |    3.197 | 
     | g79726                  | B v -> Y ^ | NOR2X1  | 0.033 |   1.078 |    3.230 | 
     | g79692                  | B ^ -> Y v | NAND2X1 | 0.026 |   1.104 |    3.256 | 
     | g79649                  | B v -> Y ^ | NOR2X1  | 0.018 |   1.122 |    3.274 | 
     | FE_OFC560_n_97          | A ^ -> Y ^ | BUFX2   | 0.095 |   1.217 |    3.369 | 
     | g79575                  | B ^ -> Y v | NAND2X1 | 0.136 |   1.353 |    3.505 | 
     | FE_OFC800_n_139         | A v -> Y ^ | INVX1   | 0.080 |   1.433 |    3.585 | 
     | FE_OFC801_n_139         | A ^ -> Y v | INVX1   | 0.096 |   1.528 |    3.680 | 
     | g79432                  | B v -> Y ^ | NOR2X1  | 0.160 |   1.689 |    3.841 | 
     | line_buff_1_reg[176][5] | SE ^       | SDFFQX1 | 0.001 |   1.689 |    3.841 | 
     +-----------------------------------------------------------------------------+ 
     Clock Rise Edge                      0.000
     + Source Insertion Delay            -0.257
     = Beginpoint Arrival Time           -0.257
     Other End Path:
     +-------------------------------------------------------------------------------+ 
     |        Instance         |    Arc     |   Cell    | Delay | Arrival | Required | 
     |                         |            |           |       |  Time   |   Time   | 
     |-------------------------+------------+-----------+-------+---------+----------| 
     |                         | clk ^      |           |       |  -0.257 |   -2.410 | 
     | CTS_ccl_a_buf_00160     | A ^ -> Y ^ | CLKBUFX20 | 0.180 |  -0.077 |   -2.229 | 
     | CTS_ccl_a_buf_00141     | A ^ -> Y ^ | CLKBUFX6  | 0.205 |   0.128 |   -2.024 | 
     | line_buff_1_reg[176][5] | CK ^       | SDFFQX1   | 0.001 |   0.129 |   -2.023 | 
     +-------------------------------------------------------------------------------+ 
Path 116: MET Setup Check with Pin line_buff_1_reg[176][4]/CK 
Endpoint:   line_buff_1_reg[176][4]/SE (^) checked with  leading edge of 'clk'
Beginpoint: i_href                     (^) triggered by  leading edge of 'clk'
Path Groups: {clk}
Analysis View: all
Other End Arrival Time          0.129
- Setup                         0.288
+ Phase Shift                   4.000
= Required Time                 3.841
- Arrival Time                  1.689
= Slack Time                    2.152
     Clock Rise Edge                      0.000
     + Input Delay                        1.000
     = Beginpoint Arrival Time            1.000
     Timing Path:
     +-----------------------------------------------------------------------------+ 
     |        Instance         |    Arc     |  Cell   | Delay | Arrival | Required | 
     |                         |            |         |       |  Time   |   Time   | 
     |-------------------------+------------+---------+-------+---------+----------| 
     |                         | i_href ^   |         |       |   1.000 |    3.152 | 
     | g79753                  | A ^ -> Y v | INVX1   | 0.045 |   1.045 |    3.197 | 
     | g79726                  | B v -> Y ^ | NOR2X1  | 0.033 |   1.078 |    3.230 | 
     | g79692                  | B ^ -> Y v | NAND2X1 | 0.026 |   1.104 |    3.256 | 
     | g79649                  | B v -> Y ^ | NOR2X1  | 0.018 |   1.122 |    3.274 | 
     | FE_OFC560_n_97          | A ^ -> Y ^ | BUFX2   | 0.095 |   1.217 |    3.369 | 
     | g79575                  | B ^ -> Y v | NAND2X1 | 0.136 |   1.353 |    3.505 | 
     | FE_OFC800_n_139         | A v -> Y ^ | INVX1   | 0.080 |   1.433 |    3.585 | 
     | FE_OFC801_n_139         | A ^ -> Y v | INVX1   | 0.096 |   1.528 |    3.680 | 
     | g79432                  | B v -> Y ^ | NOR2X1  | 0.160 |   1.689 |    3.841 | 
     | line_buff_1_reg[176][4] | SE ^       | SDFFQX1 | 0.001 |   1.689 |    3.841 | 
     +-----------------------------------------------------------------------------+ 
     Clock Rise Edge                      0.000
     + Source Insertion Delay            -0.257
     = Beginpoint Arrival Time           -0.257
     Other End Path:
     +-------------------------------------------------------------------------------+ 
     |        Instance         |    Arc     |   Cell    | Delay | Arrival | Required | 
     |                         |            |           |       |  Time   |   Time   | 
     |-------------------------+------------+-----------+-------+---------+----------| 
     |                         | clk ^      |           |       |  -0.257 |   -2.410 | 
     | CTS_ccl_a_buf_00160     | A ^ -> Y ^ | CLKBUFX20 | 0.180 |  -0.077 |   -2.229 | 
     | CTS_ccl_a_buf_00141     | A ^ -> Y ^ | CLKBUFX6  | 0.205 |   0.128 |   -2.024 | 
     | line_buff_1_reg[176][4] | CK ^       | SDFFQX1   | 0.001 |   0.129 |   -2.023 | 
     +-------------------------------------------------------------------------------+ 
Path 117: MET Setup Check with Pin line_buff_1_reg[176][1]/CK 
Endpoint:   line_buff_1_reg[176][1]/SE (^) checked with  leading edge of 'clk'
Beginpoint: i_href                     (^) triggered by  leading edge of 'clk'
Path Groups: {clk}
Analysis View: all
Other End Arrival Time          0.129
- Setup                         0.288
+ Phase Shift                   4.000
= Required Time                 3.841
- Arrival Time                  1.689
= Slack Time                    2.152
     Clock Rise Edge                      0.000
     + Input Delay                        1.000
     = Beginpoint Arrival Time            1.000
     Timing Path:
     +-----------------------------------------------------------------------------+ 
     |        Instance         |    Arc     |  Cell   | Delay | Arrival | Required | 
     |                         |            |         |       |  Time   |   Time   | 
     |-------------------------+------------+---------+-------+---------+----------| 
     |                         | i_href ^   |         |       |   1.000 |    3.152 | 
     | g79753                  | A ^ -> Y v | INVX1   | 0.045 |   1.045 |    3.198 | 
     | g79726                  | B v -> Y ^ | NOR2X1  | 0.033 |   1.078 |    3.230 | 
     | g79692                  | B ^ -> Y v | NAND2X1 | 0.026 |   1.104 |    3.256 | 
     | g79649                  | B v -> Y ^ | NOR2X1  | 0.018 |   1.122 |    3.274 | 
     | FE_OFC560_n_97          | A ^ -> Y ^ | BUFX2   | 0.095 |   1.217 |    3.369 | 
     | g79575                  | B ^ -> Y v | NAND2X1 | 0.136 |   1.353 |    3.505 | 
     | FE_OFC800_n_139         | A v -> Y ^ | INVX1   | 0.080 |   1.433 |    3.585 | 
     | FE_OFC801_n_139         | A ^ -> Y v | INVX1   | 0.096 |   1.528 |    3.681 | 
     | g79432                  | B v -> Y ^ | NOR2X1  | 0.160 |   1.689 |    3.841 | 
     | line_buff_1_reg[176][1] | SE ^       | SDFFQX1 | 0.001 |   1.689 |    3.841 | 
     +-----------------------------------------------------------------------------+ 
     Clock Rise Edge                      0.000
     + Source Insertion Delay            -0.257
     = Beginpoint Arrival Time           -0.257
     Other End Path:
     +-------------------------------------------------------------------------------+ 
     |        Instance         |    Arc     |   Cell    | Delay | Arrival | Required | 
     |                         |            |           |       |  Time   |   Time   | 
     |-------------------------+------------+-----------+-------+---------+----------| 
     |                         | clk ^      |           |       |  -0.257 |   -2.410 | 
     | CTS_ccl_a_buf_00160     | A ^ -> Y ^ | CLKBUFX20 | 0.180 |  -0.077 |   -2.229 | 
     | CTS_ccl_a_buf_00141     | A ^ -> Y ^ | CLKBUFX6  | 0.205 |   0.128 |   -2.025 | 
     | line_buff_1_reg[176][1] | CK ^       | SDFFQX1   | 0.001 |   0.129 |   -2.023 | 
     +-------------------------------------------------------------------------------+ 
Path 118: MET Setup Check with Pin line_buff_1_reg[176][2]/CK 
Endpoint:   line_buff_1_reg[176][2]/SE (^) checked with  leading edge of 'clk'
Beginpoint: i_href                     (^) triggered by  leading edge of 'clk'
Path Groups: {clk}
Analysis View: all
Other End Arrival Time          0.129
- Setup                         0.288
+ Phase Shift                   4.000
= Required Time                 3.841
- Arrival Time                  1.689
= Slack Time                    2.152
     Clock Rise Edge                      0.000
     + Input Delay                        1.000
     = Beginpoint Arrival Time            1.000
     Timing Path:
     +-----------------------------------------------------------------------------+ 
     |        Instance         |    Arc     |  Cell   | Delay | Arrival | Required | 
     |                         |            |         |       |  Time   |   Time   | 
     |-------------------------+------------+---------+-------+---------+----------| 
     |                         | i_href ^   |         |       |   1.000 |    3.152 | 
     | g79753                  | A ^ -> Y v | INVX1   | 0.045 |   1.045 |    3.198 | 
     | g79726                  | B v -> Y ^ | NOR2X1  | 0.033 |   1.078 |    3.230 | 
     | g79692                  | B ^ -> Y v | NAND2X1 | 0.026 |   1.104 |    3.256 | 
     | g79649                  | B v -> Y ^ | NOR2X1  | 0.018 |   1.122 |    3.274 | 
     | FE_OFC560_n_97          | A ^ -> Y ^ | BUFX2   | 0.095 |   1.217 |    3.369 | 
     | g79575                  | B ^ -> Y v | NAND2X1 | 0.136 |   1.353 |    3.505 | 
     | FE_OFC800_n_139         | A v -> Y ^ | INVX1   | 0.080 |   1.433 |    3.585 | 
     | FE_OFC801_n_139         | A ^ -> Y v | INVX1   | 0.096 |   1.528 |    3.681 | 
     | g79432                  | B v -> Y ^ | NOR2X1  | 0.160 |   1.689 |    3.841 | 
     | line_buff_1_reg[176][2] | SE ^       | SDFFQX1 | 0.000 |   1.689 |    3.841 | 
     +-----------------------------------------------------------------------------+ 
     Clock Rise Edge                      0.000
     + Source Insertion Delay            -0.257
     = Beginpoint Arrival Time           -0.257
     Other End Path:
     +-------------------------------------------------------------------------------+ 
     |        Instance         |    Arc     |   Cell    | Delay | Arrival | Required | 
     |                         |            |           |       |  Time   |   Time   | 
     |-------------------------+------------+-----------+-------+---------+----------| 
     |                         | clk ^      |           |       |  -0.257 |   -2.410 | 
     | CTS_ccl_a_buf_00160     | A ^ -> Y ^ | CLKBUFX20 | 0.180 |  -0.077 |   -2.230 | 
     | CTS_ccl_a_buf_00141     | A ^ -> Y ^ | CLKBUFX6  | 0.205 |   0.128 |   -2.025 | 
     | line_buff_1_reg[176][2] | CK ^       | SDFFQX1   | 0.001 |   0.129 |   -2.024 | 
     +-------------------------------------------------------------------------------+ 
Path 119: MET Setup Check with Pin line_buff_0_reg[176][1]/CK 
Endpoint:   line_buff_0_reg[176][1]/SE (^) checked with  leading edge of 'clk'
Beginpoint: i_href                     (^) triggered by  leading edge of 'clk'
Path Groups: {clk}
Analysis View: all
Other End Arrival Time          0.129
- Setup                         0.288
+ Phase Shift                   4.000
= Required Time                 3.841
- Arrival Time                  1.689
= Slack Time                    2.152
     Clock Rise Edge                      0.000
     + Input Delay                        1.000
     = Beginpoint Arrival Time            1.000
     Timing Path:
     +-----------------------------------------------------------------------------+ 
     |        Instance         |    Arc     |  Cell   | Delay | Arrival | Required | 
     |                         |            |         |       |  Time   |   Time   | 
     |-------------------------+------------+---------+-------+---------+----------| 
     |                         | i_href ^   |         |       |   1.000 |    3.152 | 
     | g79753                  | A ^ -> Y v | INVX1   | 0.045 |   1.045 |    3.198 | 
     | g79726                  | B v -> Y ^ | NOR2X1  | 0.033 |   1.078 |    3.230 | 
     | g79692                  | B ^ -> Y v | NAND2X1 | 0.026 |   1.104 |    3.256 | 
     | g79649                  | B v -> Y ^ | NOR2X1  | 0.018 |   1.122 |    3.274 | 
     | FE_OFC560_n_97          | A ^ -> Y ^ | BUFX2   | 0.095 |   1.217 |    3.369 | 
     | g79575                  | B ^ -> Y v | NAND2X1 | 0.136 |   1.353 |    3.505 | 
     | FE_OFC800_n_139         | A v -> Y ^ | INVX1   | 0.080 |   1.433 |    3.585 | 
     | FE_OFC801_n_139         | A ^ -> Y v | INVX1   | 0.096 |   1.528 |    3.681 | 
     | g79432                  | B v -> Y ^ | NOR2X1  | 0.160 |   1.689 |    3.841 | 
     | line_buff_0_reg[176][1] | SE ^       | SDFFQX1 | 0.000 |   1.689 |    3.841 | 
     +-----------------------------------------------------------------------------+ 
     Clock Rise Edge                      0.000
     + Source Insertion Delay            -0.257
     = Beginpoint Arrival Time           -0.257
     Other End Path:
     +-------------------------------------------------------------------------------+ 
     |        Instance         |    Arc     |   Cell    | Delay | Arrival | Required | 
     |                         |            |           |       |  Time   |   Time   | 
     |-------------------------+------------+-----------+-------+---------+----------| 
     |                         | clk ^      |           |       |  -0.257 |   -2.410 | 
     | CTS_ccl_a_buf_00160     | A ^ -> Y ^ | CLKBUFX20 | 0.180 |  -0.077 |   -2.230 | 
     | CTS_ccl_a_buf_00141     | A ^ -> Y ^ | CLKBUFX6  | 0.205 |   0.128 |   -2.025 | 
     | line_buff_0_reg[176][1] | CK ^       | SDFFQX1   | 0.001 |   0.129 |   -2.024 | 
     +-------------------------------------------------------------------------------+ 
Path 120: MET Setup Check with Pin line_buff_0_reg[176][0]/CK 
Endpoint:   line_buff_0_reg[176][0]/SE (^) checked with  leading edge of 'clk'
Beginpoint: i_href                     (^) triggered by  leading edge of 'clk'
Path Groups: {clk}
Analysis View: all
Other End Arrival Time          0.129
- Setup                         0.288
+ Phase Shift                   4.000
= Required Time                 3.841
- Arrival Time                  1.689
= Slack Time                    2.152
     Clock Rise Edge                      0.000
     + Input Delay                        1.000
     = Beginpoint Arrival Time            1.000
     Timing Path:
     +-----------------------------------------------------------------------------+ 
     |        Instance         |    Arc     |  Cell   | Delay | Arrival | Required | 
     |                         |            |         |       |  Time   |   Time   | 
     |-------------------------+------------+---------+-------+---------+----------| 
     |                         | i_href ^   |         |       |   1.000 |    3.152 | 
     | g79753                  | A ^ -> Y v | INVX1   | 0.045 |   1.045 |    3.198 | 
     | g79726                  | B v -> Y ^ | NOR2X1  | 0.033 |   1.078 |    3.230 | 
     | g79692                  | B ^ -> Y v | NAND2X1 | 0.026 |   1.104 |    3.256 | 
     | g79649                  | B v -> Y ^ | NOR2X1  | 0.018 |   1.122 |    3.274 | 
     | FE_OFC560_n_97          | A ^ -> Y ^ | BUFX2   | 0.095 |   1.217 |    3.369 | 
     | g79575                  | B ^ -> Y v | NAND2X1 | 0.136 |   1.353 |    3.505 | 
     | FE_OFC800_n_139         | A v -> Y ^ | INVX1   | 0.080 |   1.433 |    3.585 | 
     | FE_OFC801_n_139         | A ^ -> Y v | INVX1   | 0.096 |   1.528 |    3.681 | 
     | g79432                  | B v -> Y ^ | NOR2X1  | 0.160 |   1.689 |    3.841 | 
     | line_buff_0_reg[176][0] | SE ^       | SDFFQX1 | 0.000 |   1.689 |    3.841 | 
     +-----------------------------------------------------------------------------+ 
     Clock Rise Edge                      0.000
     + Source Insertion Delay            -0.257
     = Beginpoint Arrival Time           -0.257
     Other End Path:
     +-------------------------------------------------------------------------------+ 
     |        Instance         |    Arc     |   Cell    | Delay | Arrival | Required | 
     |                         |            |           |       |  Time   |   Time   | 
     |-------------------------+------------+-----------+-------+---------+----------| 
     |                         | clk ^      |           |       |  -0.257 |   -2.410 | 
     | CTS_ccl_a_buf_00160     | A ^ -> Y ^ | CLKBUFX20 | 0.180 |  -0.077 |   -2.230 | 
     | CTS_ccl_a_buf_00141     | A ^ -> Y ^ | CLKBUFX6  | 0.205 |   0.128 |   -2.025 | 
     | line_buff_0_reg[176][0] | CK ^       | SDFFQX1   | 0.001 |   0.129 |   -2.024 | 
     +-------------------------------------------------------------------------------+ 
Path 121: MET Setup Check with Pin line_buff_1_reg[452][2]/CK 
Endpoint:   line_buff_1_reg[452][2]/SE (^) checked with  leading edge of 'clk'
Beginpoint: i_href                     (^) triggered by  leading edge of 'clk'
Path Groups: {clk}
Analysis View: all
Other End Arrival Time          0.135
- Setup                         0.273
+ Phase Shift                   4.000
= Required Time                 3.862
- Arrival Time                  1.709
= Slack Time                    2.153
     Clock Rise Edge                      0.000
     + Input Delay                        1.000
     = Beginpoint Arrival Time            1.000
     Timing Path:
     +-------------------------------------------------------------------------------+ 
     |        Instance         |     Arc     |   Cell   | Delay | Arrival | Required | 
     |                         |             |          |       |  Time   |   Time   | 
     |-------------------------+-------------+----------+-------+---------+----------| 
     |                         | i_href ^    |          |       |   1.000 |    3.153 | 
     | g79753                  | A ^ -> Y v  | INVX1    | 0.045 |   1.045 |    3.198 | 
     | g79726                  | B v -> Y ^  | NOR2X1   | 0.033 |   1.078 |    3.230 | 
     | g79692                  | B ^ -> Y v  | NAND2X1  | 0.026 |   1.104 |    3.256 | 
     | g79814                  | AN v -> Y v | NAND2BX1 | 0.025 |   1.129 |    3.281 | 
     | FE_OFC885_n_4           | A v -> Y ^  | INVX1    | 0.063 |   1.192 |    3.344 | 
     | g79571                  | B ^ -> Y v  | NAND2X1  | 0.142 |   1.334 |    3.486 | 
     | FE_OFC1168_n_146        | A v -> Y ^  | INVX1    | 0.139 |   1.472 |    3.625 | 
     | FE_OFC1169_n_146        | A ^ -> Y v  | INVX1    | 0.099 |   1.571 |    3.724 | 
     | g79309                  | B v -> Y ^  | NOR2X1   | 0.138 |   1.709 |    3.861 | 
     | line_buff_1_reg[452][2] | SE ^        | SDFFQX1  | 0.000 |   1.709 |    3.862 | 
     +-------------------------------------------------------------------------------+ 
     Clock Rise Edge                      0.000
     + Source Insertion Delay            -0.257
     = Beginpoint Arrival Time           -0.257
     Other End Path:
     +-------------------------------------------------------------------------------+ 
     |        Instance         |    Arc     |   Cell    | Delay | Arrival | Required | 
     |                         |            |           |       |  Time   |   Time   | 
     |-------------------------+------------+-----------+-------+---------+----------| 
     |                         | clk ^      |           |       |  -0.257 |   -2.410 | 
     | CTS_ccl_a_buf_00160     | A ^ -> Y ^ | CLKBUFX20 | 0.180 |  -0.077 |   -2.230 | 
     | CTS_ccl_a_buf_00112     | A ^ -> Y ^ | CLKBUFX6  | 0.210 |   0.133 |   -2.020 | 
     | line_buff_1_reg[452][2] | CK ^       | SDFFQX1   | 0.002 |   0.135 |   -2.018 | 
     +-------------------------------------------------------------------------------+ 
Path 122: MET Setup Check with Pin line_buff_0_reg[176][4]/CK 
Endpoint:   line_buff_0_reg[176][4]/SE (^) checked with  leading edge of 'clk'
Beginpoint: i_href                     (^) triggered by  leading edge of 'clk'
Path Groups: {clk}
Analysis View: all
Other End Arrival Time          0.130
- Setup                         0.288
+ Phase Shift                   4.000
= Required Time                 3.842
- Arrival Time                  1.689
= Slack Time                    2.153
     Clock Rise Edge                      0.000
     + Input Delay                        1.000
     = Beginpoint Arrival Time            1.000
     Timing Path:
     +-----------------------------------------------------------------------------+ 
     |        Instance         |    Arc     |  Cell   | Delay | Arrival | Required | 
     |                         |            |         |       |  Time   |   Time   | 
     |-------------------------+------------+---------+-------+---------+----------| 
     |                         | i_href ^   |         |       |   1.000 |    3.153 | 
     | g79753                  | A ^ -> Y v | INVX1   | 0.045 |   1.045 |    3.198 | 
     | g79726                  | B v -> Y ^ | NOR2X1  | 0.033 |   1.078 |    3.231 | 
     | g79692                  | B ^ -> Y v | NAND2X1 | 0.026 |   1.104 |    3.256 | 
     | g79649                  | B v -> Y ^ | NOR2X1  | 0.018 |   1.122 |    3.275 | 
     | FE_OFC560_n_97          | A ^ -> Y ^ | BUFX2   | 0.095 |   1.217 |    3.370 | 
     | g79575                  | B ^ -> Y v | NAND2X1 | 0.136 |   1.353 |    3.506 | 
     | FE_OFC800_n_139         | A v -> Y ^ | INVX1   | 0.080 |   1.433 |    3.586 | 
     | FE_OFC801_n_139         | A ^ -> Y v | INVX1   | 0.096 |   1.528 |    3.681 | 
     | g79432                  | B v -> Y ^ | NOR2X1  | 0.160 |   1.689 |    3.841 | 
     | line_buff_0_reg[176][4] | SE ^       | SDFFQX1 | 0.001 |   1.689 |    3.842 | 
     +-----------------------------------------------------------------------------+ 
     Clock Rise Edge                      0.000
     + Source Insertion Delay            -0.257
     = Beginpoint Arrival Time           -0.257
     Other End Path:
     +-------------------------------------------------------------------------------+ 
     |        Instance         |    Arc     |   Cell    | Delay | Arrival | Required | 
     |                         |            |           |       |  Time   |   Time   | 
     |-------------------------+------------+-----------+-------+---------+----------| 
     |                         | clk ^      |           |       |  -0.257 |   -2.410 | 
     | CTS_ccl_a_buf_00160     | A ^ -> Y ^ | CLKBUFX20 | 0.180 |  -0.077 |   -2.230 | 
     | CTS_ccl_a_buf_00141     | A ^ -> Y ^ | CLKBUFX6  | 0.205 |   0.128 |   -2.025 | 
     | line_buff_0_reg[176][4] | CK ^       | SDFFQX1   | 0.002 |   0.130 |   -2.023 | 
     +-------------------------------------------------------------------------------+ 
Path 123: MET Setup Check with Pin line_buff_0_reg[176][3]/CK 
Endpoint:   line_buff_0_reg[176][3]/SE (^) checked with  leading edge of 'clk'
Beginpoint: i_href                     (^) triggered by  leading edge of 'clk'
Path Groups: {clk}
Analysis View: all
Other End Arrival Time          0.130
- Setup                         0.288
+ Phase Shift                   4.000
= Required Time                 3.842
- Arrival Time                  1.689
= Slack Time                    2.153
     Clock Rise Edge                      0.000
     + Input Delay                        1.000
     = Beginpoint Arrival Time            1.000
     Timing Path:
     +-----------------------------------------------------------------------------+ 
     |        Instance         |    Arc     |  Cell   | Delay | Arrival | Required | 
     |                         |            |         |       |  Time   |   Time   | 
     |-------------------------+------------+---------+-------+---------+----------| 
     |                         | i_href ^   |         |       |   1.000 |    3.153 | 
     | g79753                  | A ^ -> Y v | INVX1   | 0.045 |   1.045 |    3.198 | 
     | g79726                  | B v -> Y ^ | NOR2X1  | 0.033 |   1.078 |    3.231 | 
     | g79692                  | B ^ -> Y v | NAND2X1 | 0.026 |   1.104 |    3.257 | 
     | g79649                  | B v -> Y ^ | NOR2X1  | 0.018 |   1.122 |    3.275 | 
     | FE_OFC560_n_97          | A ^ -> Y ^ | BUFX2   | 0.095 |   1.217 |    3.370 | 
     | g79575                  | B ^ -> Y v | NAND2X1 | 0.136 |   1.353 |    3.506 | 
     | FE_OFC800_n_139         | A v -> Y ^ | INVX1   | 0.080 |   1.433 |    3.586 | 
     | FE_OFC801_n_139         | A ^ -> Y v | INVX1   | 0.096 |   1.528 |    3.681 | 
     | g79432                  | B v -> Y ^ | NOR2X1  | 0.160 |   1.689 |    3.842 | 
     | line_buff_0_reg[176][3] | SE ^       | SDFFQX1 | 0.001 |   1.689 |    3.842 | 
     +-----------------------------------------------------------------------------+ 
     Clock Rise Edge                      0.000
     + Source Insertion Delay            -0.257
     = Beginpoint Arrival Time           -0.257
     Other End Path:
     +-------------------------------------------------------------------------------+ 
     |        Instance         |    Arc     |   Cell    | Delay | Arrival | Required | 
     |                         |            |           |       |  Time   |   Time   | 
     |-------------------------+------------+-----------+-------+---------+----------| 
     |                         | clk ^      |           |       |  -0.257 |   -2.410 | 
     | CTS_ccl_a_buf_00160     | A ^ -> Y ^ | CLKBUFX20 | 0.180 |  -0.077 |   -2.230 | 
     | CTS_ccl_a_buf_00141     | A ^ -> Y ^ | CLKBUFX6  | 0.205 |   0.128 |   -2.025 | 
     | line_buff_0_reg[176][3] | CK ^       | SDFFQX1   | 0.002 |   0.130 |   -2.023 | 
     +-------------------------------------------------------------------------------+ 
Path 124: MET Setup Check with Pin line_buff_0_reg[176][5]/CK 
Endpoint:   line_buff_0_reg[176][5]/SE (^) checked with  leading edge of 'clk'
Beginpoint: i_href                     (^) triggered by  leading edge of 'clk'
Path Groups: {clk}
Analysis View: all
Other End Arrival Time          0.130
- Setup                         0.288
+ Phase Shift                   4.000
= Required Time                 3.842
- Arrival Time                  1.689
= Slack Time                    2.153
     Clock Rise Edge                      0.000
     + Input Delay                        1.000
     = Beginpoint Arrival Time            1.000
     Timing Path:
     +-----------------------------------------------------------------------------+ 
     |        Instance         |    Arc     |  Cell   | Delay | Arrival | Required | 
     |                         |            |         |       |  Time   |   Time   | 
     |-------------------------+------------+---------+-------+---------+----------| 
     |                         | i_href ^   |         |       |   1.000 |    3.153 | 
     | g79753                  | A ^ -> Y v | INVX1   | 0.045 |   1.045 |    3.198 | 
     | g79726                  | B v -> Y ^ | NOR2X1  | 0.033 |   1.078 |    3.231 | 
     | g79692                  | B ^ -> Y v | NAND2X1 | 0.026 |   1.104 |    3.257 | 
     | g79649                  | B v -> Y ^ | NOR2X1  | 0.018 |   1.122 |    3.275 | 
     | FE_OFC560_n_97          | A ^ -> Y ^ | BUFX2   | 0.095 |   1.217 |    3.370 | 
     | g79575                  | B ^ -> Y v | NAND2X1 | 0.136 |   1.353 |    3.506 | 
     | FE_OFC800_n_139         | A v -> Y ^ | INVX1   | 0.080 |   1.433 |    3.586 | 
     | FE_OFC801_n_139         | A ^ -> Y v | INVX1   | 0.096 |   1.528 |    3.681 | 
     | g79432                  | B v -> Y ^ | NOR2X1  | 0.160 |   1.689 |    3.842 | 
     | line_buff_0_reg[176][5] | SE ^       | SDFFQX1 | 0.000 |   1.689 |    3.842 | 
     +-----------------------------------------------------------------------------+ 
     Clock Rise Edge                      0.000
     + Source Insertion Delay            -0.257
     = Beginpoint Arrival Time           -0.257
     Other End Path:
     +-------------------------------------------------------------------------------+ 
     |        Instance         |    Arc     |   Cell    | Delay | Arrival | Required | 
     |                         |            |           |       |  Time   |   Time   | 
     |-------------------------+------------+-----------+-------+---------+----------| 
     |                         | clk ^      |           |       |  -0.257 |   -2.411 | 
     | CTS_ccl_a_buf_00160     | A ^ -> Y ^ | CLKBUFX20 | 0.180 |  -0.077 |   -2.230 | 
     | CTS_ccl_a_buf_00141     | A ^ -> Y ^ | CLKBUFX6  | 0.205 |   0.128 |   -2.025 | 
     | line_buff_0_reg[176][5] | CK ^       | SDFFQX1   | 0.002 |   0.130 |   -2.023 | 
     +-------------------------------------------------------------------------------+ 
Path 125: MET Setup Check with Pin line_buff_1_reg[140][4]/CK 
Endpoint:   line_buff_1_reg[140][4]/SE (v) checked with  leading edge of 'clk'
Beginpoint: i_href                     (^) triggered by  leading edge of 'clk'
Path Groups: {clk}
Analysis View: all
Other End Arrival Time          0.127
- Setup                         0.270
+ Phase Shift                   4.000
= Required Time                 3.858
- Arrival Time                  1.704
= Slack Time                    2.154
     Clock Rise Edge                      0.000
     + Input Delay                        1.000
     = Beginpoint Arrival Time            1.000
     Timing Path:
     +-------------------------------------------------------------------------------+ 
     |        Instance         |     Arc     |   Cell   | Delay | Arrival | Required | 
     |                         |             |          |       |  Time   |   Time   | 
     |-------------------------+-------------+----------+-------+---------+----------| 
     |                         | i_href ^    |          |       |   1.000 |    3.154 | 
     | g79753                  | A ^ -> Y v  | INVX1    | 0.045 |   1.045 |    3.199 | 
     | g79726                  | B v -> Y ^  | NOR2X1   | 0.033 |   1.078 |    3.232 | 
     | g79692                  | B ^ -> Y v  | NAND2X1  | 0.026 |   1.104 |    3.257 | 
     | g79814                  | AN v -> Y v | NAND2BX1 | 0.025 |   1.129 |    3.283 | 
     | FE_OFC885_n_4           | A v -> Y ^  | INVX1    | 0.063 |   1.192 |    3.346 | 
     | FE_OFC1204_n_4          | A ^ -> Y v  | INVX1    | 0.128 |   1.319 |    3.473 | 
     | g79569                  | B v -> Y ^  | NOR2X1   | 0.128 |   1.447 |    3.601 | 
     | FE_OFC690_n_149         | A ^ -> Y ^  | BUFX2    | 0.116 |   1.563 |    3.717 | 
     | g79207                  | B ^ -> Y v  | NAND2X1  | 0.140 |   1.703 |    3.857 | 
     | line_buff_1_reg[140][4] | SE v        | SDFFQX1  | 0.001 |   1.704 |    3.858 | 
     +-------------------------------------------------------------------------------+ 
     Clock Rise Edge                      0.000
     + Source Insertion Delay            -0.257
     = Beginpoint Arrival Time           -0.257
     Other End Path:
     +-------------------------------------------------------------------------------+ 
     |        Instance         |    Arc     |   Cell    | Delay | Arrival | Required | 
     |                         |            |           |       |  Time   |   Time   | 
     |-------------------------+------------+-----------+-------+---------+----------| 
     |                         | clk ^      |           |       |  -0.257 |   -2.411 | 
     | CTS_ccl_a_buf_00160     | A ^ -> Y ^ | CLKBUFX20 | 0.180 |  -0.077 |   -2.231 | 
     | CTS_ccl_a_buf_00146     | A ^ -> Y ^ | CLKBUFX6  | 0.203 |   0.125 |   -2.028 | 
     | line_buff_1_reg[140][4] | CK ^       | SDFFQX1   | 0.002 |   0.127 |   -2.026 | 
     +-------------------------------------------------------------------------------+ 
Path 126: MET Setup Check with Pin line_buff_1_reg[140][3]/CK 
Endpoint:   line_buff_1_reg[140][3]/SE (v) checked with  leading edge of 'clk'
Beginpoint: i_href                     (^) triggered by  leading edge of 'clk'
Path Groups: {clk}
Analysis View: all
Other End Arrival Time          0.128
- Setup                         0.270
+ Phase Shift                   4.000
= Required Time                 3.858
- Arrival Time                  1.704
= Slack Time                    2.154
     Clock Rise Edge                      0.000
     + Input Delay                        1.000
     = Beginpoint Arrival Time            1.000
     Timing Path:
     +-------------------------------------------------------------------------------+ 
     |        Instance         |     Arc     |   Cell   | Delay | Arrival | Required | 
     |                         |             |          |       |  Time   |   Time   | 
     |-------------------------+-------------+----------+-------+---------+----------| 
     |                         | i_href ^    |          |       |   1.000 |    3.154 | 
     | g79753                  | A ^ -> Y v  | INVX1    | 0.045 |   1.045 |    3.199 | 
     | g79726                  | B v -> Y ^  | NOR2X1   | 0.033 |   1.078 |    3.232 | 
     | g79692                  | B ^ -> Y v  | NAND2X1  | 0.026 |   1.104 |    3.258 | 
     | g79814                  | AN v -> Y v | NAND2BX1 | 0.025 |   1.129 |    3.283 | 
     | FE_OFC885_n_4           | A v -> Y ^  | INVX1    | 0.063 |   1.192 |    3.346 | 
     | FE_OFC1204_n_4          | A ^ -> Y v  | INVX1    | 0.128 |   1.319 |    3.473 | 
     | g79569                  | B v -> Y ^  | NOR2X1   | 0.128 |   1.447 |    3.601 | 
     | FE_OFC690_n_149         | A ^ -> Y ^  | BUFX2    | 0.116 |   1.563 |    3.717 | 
     | g79207                  | B ^ -> Y v  | NAND2X1  | 0.140 |   1.703 |    3.857 | 
     | line_buff_1_reg[140][3] | SE v        | SDFFQX1  | 0.001 |   1.704 |    3.858 | 
     +-------------------------------------------------------------------------------+ 
     Clock Rise Edge                      0.000
     + Source Insertion Delay            -0.257
     = Beginpoint Arrival Time           -0.257
     Other End Path:
     +-------------------------------------------------------------------------------+ 
     |        Instance         |    Arc     |   Cell    | Delay | Arrival | Required | 
     |                         |            |           |       |  Time   |   Time   | 
     |-------------------------+------------+-----------+-------+---------+----------| 
     |                         | clk ^      |           |       |  -0.257 |   -2.411 | 
     | CTS_ccl_a_buf_00160     | A ^ -> Y ^ | CLKBUFX20 | 0.180 |  -0.077 |   -2.231 | 
     | CTS_ccl_a_buf_00146     | A ^ -> Y ^ | CLKBUFX6  | 0.203 |   0.125 |   -2.029 | 
     | line_buff_1_reg[140][3] | CK ^       | SDFFQX1   | 0.002 |   0.128 |   -2.026 | 
     +-------------------------------------------------------------------------------+ 
Path 127: MET Setup Check with Pin line_buff_1_reg[244][2]/CK 
Endpoint:   line_buff_1_reg[244][2]/SE (v) checked with  leading edge of 'clk'
Beginpoint: i_href                     (^) triggered by  leading edge of 'clk'
Path Groups: {clk}
Analysis View: all
Other End Arrival Time          0.139
- Setup                         0.274
+ Phase Shift                   4.000
= Required Time                 3.864
- Arrival Time                  1.710
= Slack Time                    2.154
     Clock Rise Edge                      0.000
     + Input Delay                        1.000
     = Beginpoint Arrival Time            1.000
     Timing Path:
     +-------------------------------------------------------------------------------+ 
     |        Instance         |     Arc     |   Cell   | Delay | Arrival | Required | 
     |                         |             |          |       |  Time   |   Time   | 
     |-------------------------+-------------+----------+-------+---------+----------| 
     |                         | i_href ^    |          |       |   1.000 |    3.154 | 
     | g79753                  | A ^ -> Y v  | INVX1    | 0.045 |   1.045 |    3.199 | 
     | g79726                  | B v -> Y ^  | NOR2X1   | 0.033 |   1.078 |    3.232 | 
     | g79692                  | B ^ -> Y v  | NAND2X1  | 0.026 |   1.104 |    3.258 | 
     | g79814                  | AN v -> Y v | NAND2BX1 | 0.025 |   1.129 |    3.283 | 
     | FE_OFC885_n_4           | A v -> Y ^  | INVX1    | 0.063 |   1.192 |    3.346 | 
     | FE_OFC1204_n_4          | A ^ -> Y v  | INVX1    | 0.128 |   1.319 |    3.473 | 
     | g79569                  | B v -> Y ^  | NOR2X1   | 0.128 |   1.447 |    3.601 | 
     | FE_OFC690_n_149         | A ^ -> Y ^  | BUFX2    | 0.116 |   1.563 |    3.717 | 
     | g79042                  | B ^ -> Y v  | NAND2X1  | 0.146 |   1.709 |    3.864 | 
     | line_buff_1_reg[244][2] | SE v        | SDFFQX1  | 0.001 |   1.710 |    3.864 | 
     +-------------------------------------------------------------------------------+ 
     Clock Rise Edge                      0.000
     + Source Insertion Delay            -0.257
     = Beginpoint Arrival Time           -0.257
     Other End Path:
     +-------------------------------------------------------------------------------+ 
     |        Instance         |    Arc     |   Cell    | Delay | Arrival | Required | 
     |                         |            |           |       |  Time   |   Time   | 
     |-------------------------+------------+-----------+-------+---------+----------| 
     |                         | clk ^      |           |       |  -0.257 |   -2.411 | 
     | CTS_ccl_a_buf_00160     | A ^ -> Y ^ | CLKBUFX20 | 0.180 |  -0.077 |   -2.231 | 
     | CTS_ccl_a_buf_00135     | A ^ -> Y ^ | CLKBUFX6  | 0.214 |   0.137 |   -2.017 | 
     | line_buff_1_reg[244][2] | CK ^       | SDFFQX1   | 0.002 |   0.139 |   -2.015 | 
     +-------------------------------------------------------------------------------+ 
Path 128: MET Setup Check with Pin line_buff_1_reg[244][1]/CK 
Endpoint:   line_buff_1_reg[244][1]/SE (v) checked with  leading edge of 'clk'
Beginpoint: i_href                     (^) triggered by  leading edge of 'clk'
Path Groups: {clk}
Analysis View: all
Other End Arrival Time          0.139
- Setup                         0.274
+ Phase Shift                   4.000
= Required Time                 3.864
- Arrival Time                  1.710
= Slack Time                    2.154
     Clock Rise Edge                      0.000
     + Input Delay                        1.000
     = Beginpoint Arrival Time            1.000
     Timing Path:
     +-------------------------------------------------------------------------------+ 
     |        Instance         |     Arc     |   Cell   | Delay | Arrival | Required | 
     |                         |             |          |       |  Time   |   Time   | 
     |-------------------------+-------------+----------+-------+---------+----------| 
     |                         | i_href ^    |          |       |   1.000 |    3.154 | 
     | g79753                  | A ^ -> Y v  | INVX1    | 0.045 |   1.045 |    3.199 | 
     | g79726                  | B v -> Y ^  | NOR2X1   | 0.033 |   1.078 |    3.232 | 
     | g79692                  | B ^ -> Y v  | NAND2X1  | 0.026 |   1.104 |    3.258 | 
     | g79814                  | AN v -> Y v | NAND2BX1 | 0.025 |   1.129 |    3.283 | 
     | FE_OFC885_n_4           | A v -> Y ^  | INVX1    | 0.063 |   1.192 |    3.346 | 
     | FE_OFC1204_n_4          | A ^ -> Y v  | INVX1    | 0.128 |   1.319 |    3.473 | 
     | g79569                  | B v -> Y ^  | NOR2X1   | 0.128 |   1.447 |    3.601 | 
     | FE_OFC690_n_149         | A ^ -> Y ^  | BUFX2    | 0.116 |   1.563 |    3.717 | 
     | g79042                  | B ^ -> Y v  | NAND2X1  | 0.146 |   1.709 |    3.864 | 
     | line_buff_1_reg[244][1] | SE v        | SDFFQX1  | 0.001 |   1.710 |    3.864 | 
     +-------------------------------------------------------------------------------+ 
     Clock Rise Edge                      0.000
     + Source Insertion Delay            -0.257
     = Beginpoint Arrival Time           -0.257
     Other End Path:
     +-------------------------------------------------------------------------------+ 
     |        Instance         |    Arc     |   Cell    | Delay | Arrival | Required | 
     |                         |            |           |       |  Time   |   Time   | 
     |-------------------------+------------+-----------+-------+---------+----------| 
     |                         | clk ^      |           |       |  -0.257 |   -2.411 | 
     | CTS_ccl_a_buf_00160     | A ^ -> Y ^ | CLKBUFX20 | 0.180 |  -0.077 |   -2.231 | 
     | CTS_ccl_a_buf_00135     | A ^ -> Y ^ | CLKBUFX6  | 0.214 |   0.137 |   -2.017 | 
     | line_buff_1_reg[244][1] | CK ^       | SDFFQX1   | 0.002 |   0.139 |   -2.015 | 
     +-------------------------------------------------------------------------------+ 
Path 129: MET Setup Check with Pin line_buff_0_reg[244][1]/CK 
Endpoint:   line_buff_0_reg[244][1]/SE (v) checked with  leading edge of 'clk'
Beginpoint: i_href                     (^) triggered by  leading edge of 'clk'
Path Groups: {clk}
Analysis View: all
Other End Arrival Time          0.139
- Setup                         0.274
+ Phase Shift                   4.000
= Required Time                 3.864
- Arrival Time                  1.710
= Slack Time                    2.154
     Clock Rise Edge                      0.000
     + Input Delay                        1.000
     = Beginpoint Arrival Time            1.000
     Timing Path:
     +-------------------------------------------------------------------------------+ 
     |        Instance         |     Arc     |   Cell   | Delay | Arrival | Required | 
     |                         |             |          |       |  Time   |   Time   | 
     |-------------------------+-------------+----------+-------+---------+----------| 
     |                         | i_href ^    |          |       |   1.000 |    3.154 | 
     | g79753                  | A ^ -> Y v  | INVX1    | 0.045 |   1.045 |    3.200 | 
     | g79726                  | B v -> Y ^  | NOR2X1   | 0.033 |   1.078 |    3.232 | 
     | g79692                  | B ^ -> Y v  | NAND2X1  | 0.026 |   1.104 |    3.258 | 
     | g79814                  | AN v -> Y v | NAND2BX1 | 0.025 |   1.129 |    3.283 | 
     | FE_OFC885_n_4           | A v -> Y ^  | INVX1    | 0.063 |   1.192 |    3.346 | 
     | FE_OFC1204_n_4          | A ^ -> Y v  | INVX1    | 0.128 |   1.319 |    3.473 | 
     | g79569                  | B v -> Y ^  | NOR2X1   | 0.128 |   1.447 |    3.601 | 
     | FE_OFC690_n_149         | A ^ -> Y ^  | BUFX2    | 0.116 |   1.563 |    3.717 | 
     | g79042                  | B ^ -> Y v  | NAND2X1  | 0.146 |   1.710 |    3.864 | 
     | line_buff_0_reg[244][1] | SE v        | SDFFQX1  | 0.001 |   1.710 |    3.864 | 
     +-------------------------------------------------------------------------------+ 
     Clock Rise Edge                      0.000
     + Source Insertion Delay            -0.257
     = Beginpoint Arrival Time           -0.257
     Other End Path:
     +-------------------------------------------------------------------------------+ 
     |        Instance         |    Arc     |   Cell    | Delay | Arrival | Required | 
     |                         |            |           |       |  Time   |   Time   | 
     |-------------------------+------------+-----------+-------+---------+----------| 
     |                         | clk ^      |           |       |  -0.257 |   -2.412 | 
     | CTS_ccl_a_buf_00160     | A ^ -> Y ^ | CLKBUFX20 | 0.180 |  -0.077 |   -2.231 | 
     | CTS_ccl_a_buf_00135     | A ^ -> Y ^ | CLKBUFX6  | 0.214 |   0.137 |   -2.017 | 
     | line_buff_0_reg[244][1] | CK ^       | SDFFQX1   | 0.002 |   0.139 |   -2.015 | 
     +-------------------------------------------------------------------------------+ 
Path 130: MET Setup Check with Pin line_buff_1_reg[140][1]/CK 
Endpoint:   line_buff_1_reg[140][1]/SE (v) checked with  leading edge of 'clk'
Beginpoint: i_href                     (^) triggered by  leading edge of 'clk'
Path Groups: {clk}
Analysis View: all
Other End Arrival Time          0.128
- Setup                         0.270
+ Phase Shift                   4.000
= Required Time                 3.858
- Arrival Time                  1.704
= Slack Time                    2.154
     Clock Rise Edge                      0.000
     + Input Delay                        1.000
     = Beginpoint Arrival Time            1.000
     Timing Path:
     +-------------------------------------------------------------------------------+ 
     |        Instance         |     Arc     |   Cell   | Delay | Arrival | Required | 
     |                         |             |          |       |  Time   |   Time   | 
     |-------------------------+-------------+----------+-------+---------+----------| 
     |                         | i_href ^    |          |       |   1.000 |    3.154 | 
     | g79753                  | A ^ -> Y v  | INVX1    | 0.045 |   1.045 |    3.200 | 
     | g79726                  | B v -> Y ^  | NOR2X1   | 0.033 |   1.078 |    3.232 | 
     | g79692                  | B ^ -> Y v  | NAND2X1  | 0.026 |   1.104 |    3.258 | 
     | g79814                  | AN v -> Y v | NAND2BX1 | 0.025 |   1.129 |    3.283 | 
     | FE_OFC885_n_4           | A v -> Y ^  | INVX1    | 0.063 |   1.192 |    3.346 | 
     | FE_OFC1204_n_4          | A ^ -> Y v  | INVX1    | 0.128 |   1.319 |    3.473 | 
     | g79569                  | B v -> Y ^  | NOR2X1   | 0.128 |   1.447 |    3.601 | 
     | FE_OFC690_n_149         | A ^ -> Y ^  | BUFX2    | 0.116 |   1.563 |    3.717 | 
     | g79207                  | B ^ -> Y v  | NAND2X1  | 0.140 |   1.703 |    3.857 | 
     | line_buff_1_reg[140][1] | SE v        | SDFFQX1  | 0.001 |   1.704 |    3.858 | 
     +-------------------------------------------------------------------------------+ 
     Clock Rise Edge                      0.000
     + Source Insertion Delay            -0.257
     = Beginpoint Arrival Time           -0.257
     Other End Path:
     +-------------------------------------------------------------------------------+ 
     |        Instance         |    Arc     |   Cell    | Delay | Arrival | Required | 
     |                         |            |           |       |  Time   |   Time   | 
     |-------------------------+------------+-----------+-------+---------+----------| 
     |                         | clk ^      |           |       |  -0.257 |   -2.412 | 
     | CTS_ccl_a_buf_00160     | A ^ -> Y ^ | CLKBUFX20 | 0.180 |  -0.077 |   -2.231 | 
     | CTS_ccl_a_buf_00146     | A ^ -> Y ^ | CLKBUFX6  | 0.203 |   0.125 |   -2.029 | 
     | line_buff_1_reg[140][1] | CK ^       | SDFFQX1   | 0.002 |   0.128 |   -2.026 | 
     +-------------------------------------------------------------------------------+ 
Path 131: MET Setup Check with Pin line_buff_0_reg[140][4]/CK 
Endpoint:   line_buff_0_reg[140][4]/SE (v) checked with  leading edge of 'clk'
Beginpoint: i_href                     (^) triggered by  leading edge of 'clk'
Path Groups: {clk}
Analysis View: all
Other End Arrival Time          0.128
- Setup                         0.270
+ Phase Shift                   4.000
= Required Time                 3.858
- Arrival Time                  1.704
= Slack Time                    2.154
     Clock Rise Edge                      0.000
     + Input Delay                        1.000
     = Beginpoint Arrival Time            1.000
     Timing Path:
     +-------------------------------------------------------------------------------+ 
     |        Instance         |     Arc     |   Cell   | Delay | Arrival | Required | 
     |                         |             |          |       |  Time   |   Time   | 
     |-------------------------+-------------+----------+-------+---------+----------| 
     |                         | i_href ^    |          |       |   1.000 |    3.154 | 
     | g79753                  | A ^ -> Y v  | INVX1    | 0.045 |   1.045 |    3.200 | 
     | g79726                  | B v -> Y ^  | NOR2X1   | 0.033 |   1.078 |    3.232 | 
     | g79692                  | B ^ -> Y v  | NAND2X1  | 0.026 |   1.104 |    3.258 | 
     | g79814                  | AN v -> Y v | NAND2BX1 | 0.025 |   1.129 |    3.283 | 
     | FE_OFC885_n_4           | A v -> Y ^  | INVX1    | 0.063 |   1.192 |    3.346 | 
     | FE_OFC1204_n_4          | A ^ -> Y v  | INVX1    | 0.128 |   1.319 |    3.473 | 
     | g79569                  | B v -> Y ^  | NOR2X1   | 0.128 |   1.447 |    3.601 | 
     | FE_OFC690_n_149         | A ^ -> Y ^  | BUFX2    | 0.116 |   1.563 |    3.717 | 
     | g79207                  | B ^ -> Y v  | NAND2X1  | 0.140 |   1.703 |    3.857 | 
     | line_buff_0_reg[140][4] | SE v        | SDFFQX1  | 0.001 |   1.704 |    3.858 | 
     +-------------------------------------------------------------------------------+ 
     Clock Rise Edge                      0.000
     + Source Insertion Delay            -0.257
     = Beginpoint Arrival Time           -0.257
     Other End Path:
     +-------------------------------------------------------------------------------+ 
     |        Instance         |    Arc     |   Cell    | Delay | Arrival | Required | 
     |                         |            |           |       |  Time   |   Time   | 
     |-------------------------+------------+-----------+-------+---------+----------| 
     |                         | clk ^      |           |       |  -0.257 |   -2.412 | 
     | CTS_ccl_a_buf_00160     | A ^ -> Y ^ | CLKBUFX20 | 0.180 |  -0.077 |   -2.231 | 
     | CTS_ccl_a_buf_00146     | A ^ -> Y ^ | CLKBUFX6  | 0.203 |   0.125 |   -2.029 | 
     | line_buff_0_reg[140][4] | CK ^       | SDFFQX1   | 0.002 |   0.128 |   -2.026 | 
     +-------------------------------------------------------------------------------+ 
Path 132: MET Setup Check with Pin line_buff_0_reg[140][3]/CK 
Endpoint:   line_buff_0_reg[140][3]/SE (v) checked with  leading edge of 'clk'
Beginpoint: i_href                     (^) triggered by  leading edge of 'clk'
Path Groups: {clk}
Analysis View: all
Other End Arrival Time          0.128
- Setup                         0.270
+ Phase Shift                   4.000
= Required Time                 3.858
- Arrival Time                  1.704
= Slack Time                    2.154
     Clock Rise Edge                      0.000
     + Input Delay                        1.000
     = Beginpoint Arrival Time            1.000
     Timing Path:
     +-------------------------------------------------------------------------------+ 
     |        Instance         |     Arc     |   Cell   | Delay | Arrival | Required | 
     |                         |             |          |       |  Time   |   Time   | 
     |-------------------------+-------------+----------+-------+---------+----------| 
     |                         | i_href ^    |          |       |   1.000 |    3.154 | 
     | g79753                  | A ^ -> Y v  | INVX1    | 0.045 |   1.045 |    3.200 | 
     | g79726                  | B v -> Y ^  | NOR2X1   | 0.033 |   1.078 |    3.232 | 
     | g79692                  | B ^ -> Y v  | NAND2X1  | 0.026 |   1.104 |    3.258 | 
     | g79814                  | AN v -> Y v | NAND2BX1 | 0.025 |   1.129 |    3.283 | 
     | FE_OFC885_n_4           | A v -> Y ^  | INVX1    | 0.063 |   1.192 |    3.346 | 
     | FE_OFC1204_n_4          | A ^ -> Y v  | INVX1    | 0.128 |   1.319 |    3.473 | 
     | g79569                  | B v -> Y ^  | NOR2X1   | 0.128 |   1.447 |    3.601 | 
     | FE_OFC690_n_149         | A ^ -> Y ^  | BUFX2    | 0.116 |   1.563 |    3.717 | 
     | g79207                  | B ^ -> Y v  | NAND2X1  | 0.140 |   1.703 |    3.857 | 
     | line_buff_0_reg[140][3] | SE v        | SDFFQX1  | 0.001 |   1.704 |    3.858 | 
     +-------------------------------------------------------------------------------+ 
     Clock Rise Edge                      0.000
     + Source Insertion Delay            -0.257
     = Beginpoint Arrival Time           -0.257
     Other End Path:
     +-------------------------------------------------------------------------------+ 
     |        Instance         |    Arc     |   Cell    | Delay | Arrival | Required | 
     |                         |            |           |       |  Time   |   Time   | 
     |-------------------------+------------+-----------+-------+---------+----------| 
     |                         | clk ^      |           |       |  -0.257 |   -2.412 | 
     | CTS_ccl_a_buf_00160     | A ^ -> Y ^ | CLKBUFX20 | 0.180 |  -0.077 |   -2.231 | 
     | CTS_ccl_a_buf_00146     | A ^ -> Y ^ | CLKBUFX6  | 0.203 |   0.125 |   -2.029 | 
     | line_buff_0_reg[140][3] | CK ^       | SDFFQX1   | 0.002 |   0.128 |   -2.026 | 
     +-------------------------------------------------------------------------------+ 
Path 133: MET Setup Check with Pin line_buff_0_reg[140][0]/CK 
Endpoint:   line_buff_0_reg[140][0]/SE (v) checked with  leading edge of 'clk'
Beginpoint: i_href                     (^) triggered by  leading edge of 'clk'
Path Groups: {clk}
Analysis View: all
Other End Arrival Time          0.128
- Setup                         0.270
+ Phase Shift                   4.000
= Required Time                 3.858
- Arrival Time                  1.704
= Slack Time                    2.154
     Clock Rise Edge                      0.000
     + Input Delay                        1.000
     = Beginpoint Arrival Time            1.000
     Timing Path:
     +-------------------------------------------------------------------------------+ 
     |        Instance         |     Arc     |   Cell   | Delay | Arrival | Required | 
     |                         |             |          |       |  Time   |   Time   | 
     |-------------------------+-------------+----------+-------+---------+----------| 
     |                         | i_href ^    |          |       |   1.000 |    3.154 | 
     | g79753                  | A ^ -> Y v  | INVX1    | 0.045 |   1.045 |    3.200 | 
     | g79726                  | B v -> Y ^  | NOR2X1   | 0.033 |   1.078 |    3.232 | 
     | g79692                  | B ^ -> Y v  | NAND2X1  | 0.026 |   1.104 |    3.258 | 
     | g79814                  | AN v -> Y v | NAND2BX1 | 0.025 |   1.129 |    3.283 | 
     | FE_OFC885_n_4           | A v -> Y ^  | INVX1    | 0.063 |   1.192 |    3.346 | 
     | FE_OFC1204_n_4          | A ^ -> Y v  | INVX1    | 0.128 |   1.319 |    3.473 | 
     | g79569                  | B v -> Y ^  | NOR2X1   | 0.128 |   1.447 |    3.601 | 
     | FE_OFC690_n_149         | A ^ -> Y ^  | BUFX2    | 0.116 |   1.563 |    3.717 | 
     | g79207                  | B ^ -> Y v  | NAND2X1  | 0.140 |   1.703 |    3.857 | 
     | line_buff_0_reg[140][0] | SE v        | SDFFQX1  | 0.001 |   1.704 |    3.858 | 
     +-------------------------------------------------------------------------------+ 
     Clock Rise Edge                      0.000
     + Source Insertion Delay            -0.257
     = Beginpoint Arrival Time           -0.257
     Other End Path:
     +-------------------------------------------------------------------------------+ 
     |        Instance         |    Arc     |   Cell    | Delay | Arrival | Required | 
     |                         |            |           |       |  Time   |   Time   | 
     |-------------------------+------------+-----------+-------+---------+----------| 
     |                         | clk ^      |           |       |  -0.257 |   -2.412 | 
     | CTS_ccl_a_buf_00160     | A ^ -> Y ^ | CLKBUFX20 | 0.180 |  -0.077 |   -2.231 | 
     | CTS_ccl_a_buf_00146     | A ^ -> Y ^ | CLKBUFX6  | 0.203 |   0.125 |   -2.029 | 
     | line_buff_0_reg[140][0] | CK ^       | SDFFQX1   | 0.002 |   0.128 |   -2.026 | 
     +-------------------------------------------------------------------------------+ 
Path 134: MET Setup Check with Pin line_buff_1_reg[140][0]/CK 
Endpoint:   line_buff_1_reg[140][0]/SE (v) checked with  leading edge of 'clk'
Beginpoint: i_href                     (^) triggered by  leading edge of 'clk'
Path Groups: {clk}
Analysis View: all
Other End Arrival Time          0.128
- Setup                         0.270
+ Phase Shift                   4.000
= Required Time                 3.858
- Arrival Time                  1.703
= Slack Time                    2.155
     Clock Rise Edge                      0.000
     + Input Delay                        1.000
     = Beginpoint Arrival Time            1.000
     Timing Path:
     +-------------------------------------------------------------------------------+ 
     |        Instance         |     Arc     |   Cell   | Delay | Arrival | Required | 
     |                         |             |          |       |  Time   |   Time   | 
     |-------------------------+-------------+----------+-------+---------+----------| 
     |                         | i_href ^    |          |       |   1.000 |    3.155 | 
     | g79753                  | A ^ -> Y v  | INVX1    | 0.045 |   1.045 |    3.200 | 
     | g79726                  | B v -> Y ^  | NOR2X1   | 0.033 |   1.078 |    3.233 | 
     | g79692                  | B ^ -> Y v  | NAND2X1  | 0.026 |   1.104 |    3.258 | 
     | g79814                  | AN v -> Y v | NAND2BX1 | 0.025 |   1.129 |    3.284 | 
     | FE_OFC885_n_4           | A v -> Y ^  | INVX1    | 0.063 |   1.192 |    3.347 | 
     | FE_OFC1204_n_4          | A ^ -> Y v  | INVX1    | 0.128 |   1.319 |    3.474 | 
     | g79569                  | B v -> Y ^  | NOR2X1   | 0.128 |   1.447 |    3.602 | 
     | FE_OFC690_n_149         | A ^ -> Y ^  | BUFX2    | 0.116 |   1.563 |    3.718 | 
     | g79207                  | B ^ -> Y v  | NAND2X1  | 0.140 |   1.703 |    3.858 | 
     | line_buff_1_reg[140][0] | SE v        | SDFFQX1  | 0.000 |   1.703 |    3.858 | 
     +-------------------------------------------------------------------------------+ 
     Clock Rise Edge                      0.000
     + Source Insertion Delay            -0.257
     = Beginpoint Arrival Time           -0.257
     Other End Path:
     +-------------------------------------------------------------------------------+ 
     |        Instance         |    Arc     |   Cell    | Delay | Arrival | Required | 
     |                         |            |           |       |  Time   |   Time   | 
     |-------------------------+------------+-----------+-------+---------+----------| 
     |                         | clk ^      |           |       |  -0.257 |   -2.412 | 
     | CTS_ccl_a_buf_00160     | A ^ -> Y ^ | CLKBUFX20 | 0.180 |  -0.077 |   -2.232 | 
     | CTS_ccl_a_buf_00144     | A ^ -> Y ^ | CLKBUFX6  | 0.204 |   0.127 |   -2.028 | 
     | line_buff_1_reg[140][0] | CK ^       | SDFFQX1   | 0.002 |   0.128 |   -2.027 | 
     +-------------------------------------------------------------------------------+ 
Path 135: MET Setup Check with Pin line_buff_0_reg[188][3]/CK 
Endpoint:   line_buff_0_reg[188][3]/SE (v) checked with  leading edge of 'clk'
Beginpoint: i_href                     (^) triggered by  leading edge of 'clk'
Path Groups: {clk}
Analysis View: all
Other End Arrival Time          0.133
- Setup                         0.272
+ Phase Shift                   4.000
= Required Time                 3.861
- Arrival Time                  1.706
= Slack Time                    2.155
     Clock Rise Edge                      0.000
     + Input Delay                        1.000
     = Beginpoint Arrival Time            1.000
     Timing Path:
     +-------------------------------------------------------------------------------+ 
     |        Instance         |     Arc     |   Cell   | Delay | Arrival | Required | 
     |                         |             |          |       |  Time   |   Time   | 
     |-------------------------+-------------+----------+-------+---------+----------| 
     |                         | i_href ^    |          |       |   1.000 |    3.155 | 
     | g79753                  | A ^ -> Y v  | INVX1    | 0.045 |   1.045 |    3.200 | 
     | g79726                  | B v -> Y ^  | NOR2X1   | 0.033 |   1.078 |    3.233 | 
     | g79692                  | B ^ -> Y v  | NAND2X1  | 0.026 |   1.104 |    3.259 | 
     | g79814                  | AN v -> Y v | NAND2BX1 | 0.025 |   1.129 |    3.284 | 
     | FE_OFC885_n_4           | A v -> Y ^  | INVX1    | 0.063 |   1.192 |    3.347 | 
     | FE_OFC1204_n_4          | A ^ -> Y v  | INVX1    | 0.128 |   1.319 |    3.474 | 
     | g79569                  | B v -> Y ^  | NOR2X1   | 0.128 |   1.447 |    3.602 | 
     | FE_OFC690_n_149         | A ^ -> Y ^  | BUFX2    | 0.116 |   1.563 |    3.718 | 
     | g79059                  | B ^ -> Y v  | NAND2X1  | 0.142 |   1.706 |    3.861 | 
     | line_buff_0_reg[188][3] | SE v        | SDFFQX1  | 0.001 |   1.706 |    3.861 | 
     +-------------------------------------------------------------------------------+ 
     Clock Rise Edge                      0.000
     + Source Insertion Delay            -0.257
     = Beginpoint Arrival Time           -0.257
     Other End Path:
     +-------------------------------------------------------------------------------+ 
     |        Instance         |    Arc     |   Cell    | Delay | Arrival | Required | 
     |                         |            |           |       |  Time   |   Time   | 
     |-------------------------+------------+-----------+-------+---------+----------| 
     |                         | clk ^      |           |       |  -0.257 |   -2.412 | 
     | CTS_ccl_a_buf_00160     | A ^ -> Y ^ | CLKBUFX20 | 0.180 |  -0.077 |   -2.232 | 
     | CTS_ccl_a_buf_00142     | A ^ -> Y ^ | CLKBUFX6  | 0.208 |   0.131 |   -2.024 | 
     | line_buff_0_reg[188][3] | CK ^       | SDFFQX1   | 0.002 |   0.133 |   -2.022 | 
     +-------------------------------------------------------------------------------+ 
Path 136: MET Setup Check with Pin line_buff_0_reg[140][1]/CK 
Endpoint:   line_buff_0_reg[140][1]/SE (v) checked with  leading edge of 'clk'
Beginpoint: i_href                     (^) triggered by  leading edge of 'clk'
Path Groups: {clk}
Analysis View: all
Other End Arrival Time          0.128
- Setup                         0.270
+ Phase Shift                   4.000
= Required Time                 3.858
- Arrival Time                  1.703
= Slack Time                    2.155
     Clock Rise Edge                      0.000
     + Input Delay                        1.000
     = Beginpoint Arrival Time            1.000
     Timing Path:
     +-------------------------------------------------------------------------------+ 
     |        Instance         |     Arc     |   Cell   | Delay | Arrival | Required | 
     |                         |             |          |       |  Time   |   Time   | 
     |-------------------------+-------------+----------+-------+---------+----------| 
     |                         | i_href ^    |          |       |   1.000 |    3.155 | 
     | g79753                  | A ^ -> Y v  | INVX1    | 0.045 |   1.045 |    3.200 | 
     | g79726                  | B v -> Y ^  | NOR2X1   | 0.033 |   1.078 |    3.233 | 
     | g79692                  | B ^ -> Y v  | NAND2X1  | 0.026 |   1.104 |    3.259 | 
     | g79814                  | AN v -> Y v | NAND2BX1 | 0.025 |   1.129 |    3.284 | 
     | FE_OFC885_n_4           | A v -> Y ^  | INVX1    | 0.063 |   1.192 |    3.347 | 
     | FE_OFC1204_n_4          | A ^ -> Y v  | INVX1    | 0.128 |   1.319 |    3.474 | 
     | g79569                  | B v -> Y ^  | NOR2X1   | 0.128 |   1.447 |    3.602 | 
     | FE_OFC690_n_149         | A ^ -> Y ^  | BUFX2    | 0.116 |   1.563 |    3.718 | 
     | g79207                  | B ^ -> Y v  | NAND2X1  | 0.140 |   1.703 |    3.858 | 
     | line_buff_0_reg[140][1] | SE v        | SDFFQX1  | 0.000 |   1.703 |    3.858 | 
     +-------------------------------------------------------------------------------+ 
     Clock Rise Edge                      0.000
     + Source Insertion Delay            -0.257
     = Beginpoint Arrival Time           -0.257
     Other End Path:
     +-------------------------------------------------------------------------------+ 
     |        Instance         |    Arc     |   Cell    | Delay | Arrival | Required | 
     |                         |            |           |       |  Time   |   Time   | 
     |-------------------------+------------+-----------+-------+---------+----------| 
     |                         | clk ^      |           |       |  -0.257 |   -2.412 | 
     | CTS_ccl_a_buf_00160     | A ^ -> Y ^ | CLKBUFX20 | 0.180 |  -0.077 |   -2.232 | 
     | CTS_ccl_a_buf_00144     | A ^ -> Y ^ | CLKBUFX6  | 0.204 |   0.127 |   -2.028 | 
     | line_buff_0_reg[140][1] | CK ^       | SDFFQX1   | 0.002 |   0.128 |   -2.027 | 
     +-------------------------------------------------------------------------------+ 
Path 137: MET Setup Check with Pin line_buff_0_reg[554][3]/CK 
Endpoint:   line_buff_0_reg[554][3]/SE (^) checked with  leading edge of 'clk'
Beginpoint: i_href                     (^) triggered by  leading edge of 'clk'
Path Groups: {clk}
Analysis View: all
Other End Arrival Time          0.122
- Setup                         0.282
+ Phase Shift                   4.000
= Required Time                 3.841
- Arrival Time                  1.686
= Slack Time                    2.155
     Clock Rise Edge                      0.000
     + Input Delay                        1.000
     = Beginpoint Arrival Time            1.000
     Timing Path:
     +-----------------------------------------------------------------------------+ 
     |        Instance         |    Arc     |  Cell   | Delay | Arrival | Required | 
     |                         |            |         |       |  Time   |   Time   | 
     |-------------------------+------------+---------+-------+---------+----------| 
     |                         | i_href ^   |         |       |   1.000 |    3.155 | 
     | g79753                  | A ^ -> Y v | INVX1   | 0.045 |   1.045 |    3.200 | 
     | g79726                  | B v -> Y ^ | NOR2X1  | 0.033 |   1.078 |    3.233 | 
     | g79667                  | B ^ -> Y v | NAND2X1 | 0.028 |   1.106 |    3.261 | 
     | g79647                  | B v -> Y ^ | NOR2X1  | 0.017 |   1.123 |    3.278 | 
     | FE_OFC562_n_99          | A ^ -> Y ^ | BUFX2   | 0.095 |   1.218 |    3.373 | 
     | g79584                  | B ^ -> Y v | NAND2X1 | 0.150 |   1.367 |    3.522 | 
     | FE_OFC855_n_121         | A v -> Y ^ | INVX1   | 0.065 |   1.433 |    3.588 | 
     | FE_OFC856_n_121         | A ^ -> Y v | INVX1   | 0.094 |   1.526 |    3.681 | 
     | g79092                  | B v -> Y ^ | NOR2X1  | 0.159 |   1.685 |    3.840 | 
     | line_buff_0_reg[554][3] | SE ^       | SDFFQX1 | 0.001 |   1.686 |    3.841 | 
     +-----------------------------------------------------------------------------+ 
     Clock Rise Edge                      0.000
     + Source Insertion Delay            -0.257
     = Beginpoint Arrival Time           -0.257
     Other End Path:
     +-------------------------------------------------------------------------------+ 
     |        Instance         |    Arc     |   Cell    | Delay | Arrival | Required | 
     |                         |            |           |       |  Time   |   Time   | 
     |-------------------------+------------+-----------+-------+---------+----------| 
     |                         | clk ^      |           |       |  -0.257 |   -2.412 | 
     | CTS_ccl_a_buf_00159     | A ^ -> Y ^ | CLKBUFX20 | 0.176 |  -0.082 |   -2.237 | 
     | CTS_ccl_a_buf_00099     | A ^ -> Y ^ | CLKBUFX6  | 0.200 |   0.118 |   -2.037 | 
     | line_buff_0_reg[554][3] | CK ^       | SDFFQX1   | 0.005 |   0.122 |   -2.033 | 
     +-------------------------------------------------------------------------------+ 
Path 138: MET Setup Check with Pin line_buff_1_reg[140][5]/CK 
Endpoint:   line_buff_1_reg[140][5]/SE (v) checked with  leading edge of 'clk'
Beginpoint: i_href                     (^) triggered by  leading edge of 'clk'
Path Groups: {clk}
Analysis View: all
Other End Arrival Time          0.129
- Setup                         0.270
+ Phase Shift                   4.000
= Required Time                 3.859
- Arrival Time                  1.704
= Slack Time                    2.155
     Clock Rise Edge                      0.000
     + Input Delay                        1.000
     = Beginpoint Arrival Time            1.000
     Timing Path:
     +-------------------------------------------------------------------------------+ 
     |        Instance         |     Arc     |   Cell   | Delay | Arrival | Required | 
     |                         |             |          |       |  Time   |   Time   | 
     |-------------------------+-------------+----------+-------+---------+----------| 
     |                         | i_href ^    |          |       |   1.000 |    3.155 | 
     | g79753                  | A ^ -> Y v  | INVX1    | 0.045 |   1.045 |    3.201 | 
     | g79726                  | B v -> Y ^  | NOR2X1   | 0.033 |   1.078 |    3.233 | 
     | g79692                  | B ^ -> Y v  | NAND2X1  | 0.026 |   1.104 |    3.259 | 
     | g79814                  | AN v -> Y v | NAND2BX1 | 0.025 |   1.129 |    3.284 | 
     | FE_OFC885_n_4           | A v -> Y ^  | INVX1    | 0.063 |   1.192 |    3.347 | 
     | FE_OFC1204_n_4          | A ^ -> Y v  | INVX1    | 0.128 |   1.319 |    3.474 | 
     | g79569                  | B v -> Y ^  | NOR2X1   | 0.128 |   1.447 |    3.602 | 
     | FE_OFC690_n_149         | A ^ -> Y ^  | BUFX2    | 0.116 |   1.563 |    3.718 | 
     | g79207                  | B ^ -> Y v  | NAND2X1  | 0.140 |   1.703 |    3.858 | 
     | line_buff_1_reg[140][5] | SE v        | SDFFQX1  | 0.001 |   1.704 |    3.859 | 
     +-------------------------------------------------------------------------------+ 
     Clock Rise Edge                      0.000
     + Source Insertion Delay            -0.257
     = Beginpoint Arrival Time           -0.257
     Other End Path:
     +-------------------------------------------------------------------------------+ 
     |        Instance         |    Arc     |   Cell    | Delay | Arrival | Required | 
     |                         |            |           |       |  Time   |   Time   | 
     |-------------------------+------------+-----------+-------+---------+----------| 
     |                         | clk ^      |           |       |  -0.257 |   -2.413 | 
     | CTS_ccl_a_buf_00160     | A ^ -> Y ^ | CLKBUFX20 | 0.180 |  -0.077 |   -2.232 | 
     | CTS_ccl_a_buf_00144     | A ^ -> Y ^ | CLKBUFX6  | 0.204 |   0.127 |   -2.029 | 
     | line_buff_1_reg[140][5] | CK ^       | SDFFQX1   | 0.002 |   0.129 |   -2.027 | 
     +-------------------------------------------------------------------------------+ 
Path 139: MET Setup Check with Pin line_buff_0_reg[140][5]/CK 
Endpoint:   line_buff_0_reg[140][5]/SE (v) checked with  leading edge of 'clk'
Beginpoint: i_href                     (^) triggered by  leading edge of 'clk'
Path Groups: {clk}
Analysis View: all
Other End Arrival Time          0.129
- Setup                         0.270
+ Phase Shift                   4.000
= Required Time                 3.859
- Arrival Time                  1.704
= Slack Time                    2.155
     Clock Rise Edge                      0.000
     + Input Delay                        1.000
     = Beginpoint Arrival Time            1.000
     Timing Path:
     +-------------------------------------------------------------------------------+ 
     |        Instance         |     Arc     |   Cell   | Delay | Arrival | Required | 
     |                         |             |          |       |  Time   |   Time   | 
     |-------------------------+-------------+----------+-------+---------+----------| 
     |                         | i_href ^    |          |       |   1.000 |    3.155 | 
     | g79753                  | A ^ -> Y v  | INVX1    | 0.045 |   1.045 |    3.201 | 
     | g79726                  | B v -> Y ^  | NOR2X1   | 0.033 |   1.078 |    3.233 | 
     | g79692                  | B ^ -> Y v  | NAND2X1  | 0.026 |   1.104 |    3.259 | 
     | g79814                  | AN v -> Y v | NAND2BX1 | 0.025 |   1.129 |    3.284 | 
     | FE_OFC885_n_4           | A v -> Y ^  | INVX1    | 0.063 |   1.192 |    3.347 | 
     | FE_OFC1204_n_4          | A ^ -> Y v  | INVX1    | 0.128 |   1.319 |    3.474 | 
     | g79569                  | B v -> Y ^  | NOR2X1   | 0.128 |   1.447 |    3.602 | 
     | FE_OFC690_n_149         | A ^ -> Y ^  | BUFX2    | 0.116 |   1.563 |    3.718 | 
     | g79207                  | B ^ -> Y v  | NAND2X1  | 0.140 |   1.703 |    3.858 | 
     | line_buff_0_reg[140][5] | SE v        | SDFFQX1  | 0.001 |   1.704 |    3.859 | 
     +-------------------------------------------------------------------------------+ 
     Clock Rise Edge                      0.000
     + Source Insertion Delay            -0.257
     = Beginpoint Arrival Time           -0.257
     Other End Path:
     +-------------------------------------------------------------------------------+ 
     |        Instance         |    Arc     |   Cell    | Delay | Arrival | Required | 
     |                         |            |           |       |  Time   |   Time   | 
     |-------------------------+------------+-----------+-------+---------+----------| 
     |                         | clk ^      |           |       |  -0.257 |   -2.413 | 
     | CTS_ccl_a_buf_00160     | A ^ -> Y ^ | CLKBUFX20 | 0.180 |  -0.077 |   -2.232 | 
     | CTS_ccl_a_buf_00144     | A ^ -> Y ^ | CLKBUFX6  | 0.204 |   0.127 |   -2.029 | 
     | line_buff_0_reg[140][5] | CK ^       | SDFFQX1   | 0.002 |   0.129 |   -2.027 | 
     +-------------------------------------------------------------------------------+ 
Path 140: MET Setup Check with Pin line_buff_1_reg[554][3]/CK 
Endpoint:   line_buff_1_reg[554][3]/SE (^) checked with  leading edge of 'clk'
Beginpoint: i_href                     (^) triggered by  leading edge of 'clk'
Path Groups: {clk}
Analysis View: all
Other End Arrival Time          0.122
- Setup                         0.282
+ Phase Shift                   4.000
= Required Time                 3.841
- Arrival Time                  1.686
= Slack Time                    2.155
     Clock Rise Edge                      0.000
     + Input Delay                        1.000
     = Beginpoint Arrival Time            1.000
     Timing Path:
     +-----------------------------------------------------------------------------+ 
     |        Instance         |    Arc     |  Cell   | Delay | Arrival | Required | 
     |                         |            |         |       |  Time   |   Time   | 
     |-------------------------+------------+---------+-------+---------+----------| 
     |                         | i_href ^   |         |       |   1.000 |    3.155 | 
     | g79753                  | A ^ -> Y v | INVX1   | 0.045 |   1.045 |    3.201 | 
     | g79726                  | B v -> Y ^ | NOR2X1  | 0.033 |   1.078 |    3.233 | 
     | g79667                  | B ^ -> Y v | NAND2X1 | 0.028 |   1.106 |    3.261 | 
     | g79647                  | B v -> Y ^ | NOR2X1  | 0.017 |   1.123 |    3.278 | 
     | FE_OFC562_n_99          | A ^ -> Y ^ | BUFX2   | 0.095 |   1.218 |    3.373 | 
     | g79584                  | B ^ -> Y v | NAND2X1 | 0.150 |   1.367 |    3.522 | 
     | FE_OFC855_n_121         | A v -> Y ^ | INVX1   | 0.065 |   1.432 |    3.588 | 
     | FE_OFC856_n_121         | A ^ -> Y v | INVX1   | 0.094 |   1.526 |    3.681 | 
     | g79092                  | B v -> Y ^ | NOR2X1  | 0.159 |   1.685 |    3.840 | 
     | line_buff_1_reg[554][3] | SE ^       | SDFFQX1 | 0.001 |   1.686 |    3.841 | 
     +-----------------------------------------------------------------------------+ 
     Clock Rise Edge                      0.000
     + Source Insertion Delay            -0.257
     = Beginpoint Arrival Time           -0.257
     Other End Path:
     +-------------------------------------------------------------------------------+ 
     |        Instance         |    Arc     |   Cell    | Delay | Arrival | Required | 
     |                         |            |           |       |  Time   |   Time   | 
     |-------------------------+------------+-----------+-------+---------+----------| 
     |                         | clk ^      |           |       |  -0.257 |   -2.413 | 
     | CTS_ccl_a_buf_00159     | A ^ -> Y ^ | CLKBUFX20 | 0.176 |  -0.082 |   -2.237 | 
     | CTS_ccl_a_buf_00099     | A ^ -> Y ^ | CLKBUFX6  | 0.200 |   0.118 |   -2.037 | 
     | line_buff_1_reg[554][3] | CK ^       | SDFFQX1   | 0.005 |   0.122 |   -2.033 | 
     +-------------------------------------------------------------------------------+ 
Path 141: MET Setup Check with Pin line_buff_1_reg[554][2]/CK 
Endpoint:   line_buff_1_reg[554][2]/SE (^) checked with  leading edge of 'clk'
Beginpoint: i_href                     (^) triggered by  leading edge of 'clk'
Path Groups: {clk}
Analysis View: all
Other End Arrival Time          0.122
- Setup                         0.282
+ Phase Shift                   4.000
= Required Time                 3.841
- Arrival Time                  1.686
= Slack Time                    2.155
     Clock Rise Edge                      0.000
     + Input Delay                        1.000
     = Beginpoint Arrival Time            1.000
     Timing Path:
     +-----------------------------------------------------------------------------+ 
     |        Instance         |    Arc     |  Cell   | Delay | Arrival | Required | 
     |                         |            |         |       |  Time   |   Time   | 
     |-------------------------+------------+---------+-------+---------+----------| 
     |                         | i_href ^   |         |       |   1.000 |    3.155 | 
     | g79753                  | A ^ -> Y v | INVX1   | 0.045 |   1.045 |    3.201 | 
     | g79726                  | B v -> Y ^ | NOR2X1  | 0.033 |   1.078 |    3.233 | 
     | g79667                  | B ^ -> Y v | NAND2X1 | 0.028 |   1.106 |    3.261 | 
     | g79647                  | B v -> Y ^ | NOR2X1  | 0.017 |   1.123 |    3.278 | 
     | FE_OFC562_n_99          | A ^ -> Y ^ | BUFX2   | 0.095 |   1.218 |    3.373 | 
     | g79584                  | B ^ -> Y v | NAND2X1 | 0.150 |   1.367 |    3.522 | 
     | FE_OFC855_n_121         | A v -> Y ^ | INVX1   | 0.065 |   1.432 |    3.588 | 
     | FE_OFC856_n_121         | A ^ -> Y v | INVX1   | 0.094 |   1.526 |    3.681 | 
     | g79092                  | B v -> Y ^ | NOR2X1  | 0.159 |   1.685 |    3.840 | 
     | line_buff_1_reg[554][2] | SE ^       | SDFFQX1 | 0.001 |   1.686 |    3.841 | 
     +-----------------------------------------------------------------------------+ 
     Clock Rise Edge                      0.000
     + Source Insertion Delay            -0.257
     = Beginpoint Arrival Time           -0.257
     Other End Path:
     +-------------------------------------------------------------------------------+ 
     |        Instance         |    Arc     |   Cell    | Delay | Arrival | Required | 
     |                         |            |           |       |  Time   |   Time   | 
     |-------------------------+------------+-----------+-------+---------+----------| 
     |                         | clk ^      |           |       |  -0.257 |   -2.413 | 
     | CTS_ccl_a_buf_00159     | A ^ -> Y ^ | CLKBUFX20 | 0.176 |  -0.082 |   -2.237 | 
     | CTS_ccl_a_buf_00099     | A ^ -> Y ^ | CLKBUFX6  | 0.200 |   0.118 |   -2.037 | 
     | line_buff_1_reg[554][2] | CK ^       | SDFFQX1   | 0.005 |   0.122 |   -2.033 | 
     +-------------------------------------------------------------------------------+ 
Path 142: MET Setup Check with Pin line_buff_1_reg[244][3]/CK 
Endpoint:   line_buff_1_reg[244][3]/SE (v) checked with  leading edge of 'clk'
Beginpoint: i_href                     (^) triggered by  leading edge of 'clk'
Path Groups: {clk}
Analysis View: all
Other End Arrival Time          0.139
- Setup                         0.274
+ Phase Shift                   4.000
= Required Time                 3.865
- Arrival Time                  1.710
= Slack Time                    2.155
     Clock Rise Edge                      0.000
     + Input Delay                        1.000
     = Beginpoint Arrival Time            1.000
     Timing Path:
     +-------------------------------------------------------------------------------+ 
     |        Instance         |     Arc     |   Cell   | Delay | Arrival | Required | 
     |                         |             |          |       |  Time   |   Time   | 
     |-------------------------+-------------+----------+-------+---------+----------| 
     |                         | i_href ^    |          |       |   1.000 |    3.155 | 
     | g79753                  | A ^ -> Y v  | INVX1    | 0.045 |   1.045 |    3.201 | 
     | g79726                  | B v -> Y ^  | NOR2X1   | 0.033 |   1.078 |    3.233 | 
     | g79692                  | B ^ -> Y v  | NAND2X1  | 0.026 |   1.104 |    3.259 | 
     | g79814                  | AN v -> Y v | NAND2BX1 | 0.025 |   1.129 |    3.284 | 
     | FE_OFC885_n_4           | A v -> Y ^  | INVX1    | 0.063 |   1.192 |    3.347 | 
     | FE_OFC1204_n_4          | A ^ -> Y v  | INVX1    | 0.128 |   1.319 |    3.475 | 
     | g79569                  | B v -> Y ^  | NOR2X1   | 0.128 |   1.447 |    3.602 | 
     | FE_OFC690_n_149         | A ^ -> Y ^  | BUFX2    | 0.116 |   1.563 |    3.719 | 
     | g79042                  | B ^ -> Y v  | NAND2X1  | 0.146 |   1.710 |    3.865 | 
     | line_buff_1_reg[244][3] | SE v        | SDFFQX1  | 0.000 |   1.710 |    3.865 | 
     +-------------------------------------------------------------------------------+ 
     Clock Rise Edge                      0.000
     + Source Insertion Delay            -0.257
     = Beginpoint Arrival Time           -0.257
     Other End Path:
     +-------------------------------------------------------------------------------+ 
     |        Instance         |    Arc     |   Cell    | Delay | Arrival | Required | 
     |                         |            |           |       |  Time   |   Time   | 
     |-------------------------+------------+-----------+-------+---------+----------| 
     |                         | clk ^      |           |       |  -0.257 |   -2.413 | 
     | CTS_ccl_a_buf_00160     | A ^ -> Y ^ | CLKBUFX20 | 0.180 |  -0.077 |   -2.232 | 
     | CTS_ccl_a_buf_00135     | A ^ -> Y ^ | CLKBUFX6  | 0.214 |   0.137 |   -2.018 | 
     | line_buff_1_reg[244][3] | CK ^       | SDFFQX1   | 0.002 |   0.139 |   -2.016 | 
     +-------------------------------------------------------------------------------+ 
Path 143: MET Setup Check with Pin line_buff_1_reg[88][5]/CK 
Endpoint:   line_buff_1_reg[88][5]/SE (^) checked with  leading edge of 'clk'
Beginpoint: i_href                    (^) triggered by  leading edge of 'clk'
Path Groups: {clk}
Analysis View: all
Other End Arrival Time          0.122
- Setup                         0.285
+ Phase Shift                   4.000
= Required Time                 3.838
- Arrival Time                  1.682
= Slack Time                    2.155
     Clock Rise Edge                      0.000
     + Input Delay                        1.000
     = Beginpoint Arrival Time            1.000
     Timing Path:
     +----------------------------------------------------------------------------+ 
     |        Instance        |    Arc     |  Cell   | Delay | Arrival | Required | 
     |                        |            |         |       |  Time   |   Time   | 
     |------------------------+------------+---------+-------+---------+----------| 
     |                        | i_href ^   |         |       |   1.000 |    3.155 | 
     | g79753                 | A ^ -> Y v | INVX1   | 0.045 |   1.045 |    3.201 | 
     | g79726                 | B v -> Y ^ | NOR2X1  | 0.033 |   1.078 |    3.233 | 
     | g79692                 | B ^ -> Y v | NAND2X1 | 0.026 |   1.104 |    3.259 | 
     | g79649                 | B v -> Y ^ | NOR2X1  | 0.018 |   1.122 |    3.277 | 
     | FE_OFC560_n_97         | A ^ -> Y ^ | BUFX2   | 0.095 |   1.217 |    3.372 | 
     | g79526                 | B ^ -> Y v | NAND2X1 | 0.140 |   1.356 |    3.512 | 
     | FE_OFC828_n_173        | A v -> Y ^ | INVXL   | 0.077 |   1.433 |    3.588 | 
     | FE_OFC829_n_173        | A ^ -> Y v | INVX1   | 0.091 |   1.524 |    3.679 | 
     | g78958                 | B v -> Y ^ | NOR2X1  | 0.159 |   1.682 |    3.837 | 
     | line_buff_1_reg[88][5] | SE ^       | SDFFQX1 | 0.000 |   1.682 |    3.838 | 
     +----------------------------------------------------------------------------+ 
     Clock Rise Edge                      0.000
     + Source Insertion Delay            -0.257
     = Beginpoint Arrival Time           -0.257
     Other End Path:
     +------------------------------------------------------------------------------+ 
     |        Instance        |    Arc     |   Cell    | Delay | Arrival | Required | 
     |                        |            |           |       |  Time   |   Time   | 
     |------------------------+------------+-----------+-------+---------+----------| 
     |                        | clk ^      |           |       |  -0.257 |   -2.413 | 
     | CTS_ccl_a_buf_00159    | A ^ -> Y ^ | CLKBUFX20 | 0.176 |  -0.082 |   -2.237 | 
     | CTS_ccl_a_buf_00115    | A ^ -> Y ^ | CLKBUFX6  | 0.201 |   0.119 |   -2.036 | 
     | line_buff_1_reg[88][5] | CK ^       | SDFFQX1   | 0.004 |   0.122 |   -2.033 | 
     +------------------------------------------------------------------------------+ 
Path 144: MET Setup Check with Pin line_buff_1_reg[88][2]/CK 
Endpoint:   line_buff_1_reg[88][2]/SE (^) checked with  leading edge of 'clk'
Beginpoint: i_href                    (^) triggered by  leading edge of 'clk'
Path Groups: {clk}
Analysis View: all
Other End Arrival Time          0.122
- Setup                         0.285
+ Phase Shift                   4.000
= Required Time                 3.838
- Arrival Time                  1.682
= Slack Time                    2.155
     Clock Rise Edge                      0.000
     + Input Delay                        1.000
     = Beginpoint Arrival Time            1.000
     Timing Path:
     +----------------------------------------------------------------------------+ 
     |        Instance        |    Arc     |  Cell   | Delay | Arrival | Required | 
     |                        |            |         |       |  Time   |   Time   | 
     |------------------------+------------+---------+-------+---------+----------| 
     |                        | i_href ^   |         |       |   1.000 |    3.155 | 
     | g79753                 | A ^ -> Y v | INVX1   | 0.045 |   1.045 |    3.201 | 
     | g79726                 | B v -> Y ^ | NOR2X1  | 0.033 |   1.078 |    3.233 | 
     | g79692                 | B ^ -> Y v | NAND2X1 | 0.026 |   1.104 |    3.259 | 
     | g79649                 | B v -> Y ^ | NOR2X1  | 0.018 |   1.122 |    3.277 | 
     | FE_OFC560_n_97         | A ^ -> Y ^ | BUFX2   | 0.095 |   1.217 |    3.372 | 
     | g79526                 | B ^ -> Y v | NAND2X1 | 0.140 |   1.356 |    3.512 | 
     | FE_OFC828_n_173        | A v -> Y ^ | INVXL   | 0.077 |   1.433 |    3.588 | 
     | FE_OFC829_n_173        | A ^ -> Y v | INVX1   | 0.091 |   1.524 |    3.679 | 
     | g78958                 | B v -> Y ^ | NOR2X1  | 0.159 |   1.682 |    3.837 | 
     | line_buff_1_reg[88][2] | SE ^       | SDFFQX1 | 0.000 |   1.682 |    3.838 | 
     +----------------------------------------------------------------------------+ 
     Clock Rise Edge                      0.000
     + Source Insertion Delay            -0.257
     = Beginpoint Arrival Time           -0.257
     Other End Path:
     +------------------------------------------------------------------------------+ 
     |        Instance        |    Arc     |   Cell    | Delay | Arrival | Required | 
     |                        |            |           |       |  Time   |   Time   | 
     |------------------------+------------+-----------+-------+---------+----------| 
     |                        | clk ^      |           |       |  -0.257 |   -2.413 | 
     | CTS_ccl_a_buf_00159    | A ^ -> Y ^ | CLKBUFX20 | 0.176 |  -0.082 |   -2.237 | 
     | CTS_ccl_a_buf_00115    | A ^ -> Y ^ | CLKBUFX6  | 0.201 |   0.119 |   -2.036 | 
     | line_buff_1_reg[88][2] | CK ^       | SDFFQX1   | 0.004 |   0.122 |   -2.033 | 
     +------------------------------------------------------------------------------+ 
Path 145: MET Setup Check with Pin line_buff_1_reg[140][2]/CK 
Endpoint:   line_buff_1_reg[140][2]/SE (v) checked with  leading edge of 'clk'
Beginpoint: i_href                     (^) triggered by  leading edge of 'clk'
Path Groups: {clk}
Analysis View: all
Other End Arrival Time          0.129
- Setup                         0.270
+ Phase Shift                   4.000
= Required Time                 3.859
- Arrival Time                  1.704
= Slack Time                    2.155
     Clock Rise Edge                      0.000
     + Input Delay                        1.000
     = Beginpoint Arrival Time            1.000
     Timing Path:
     +-------------------------------------------------------------------------------+ 
     |        Instance         |     Arc     |   Cell   | Delay | Arrival | Required | 
     |                         |             |          |       |  Time   |   Time   | 
     |-------------------------+-------------+----------+-------+---------+----------| 
     |                         | i_href ^    |          |       |   1.000 |    3.155 | 
     | g79753                  | A ^ -> Y v  | INVX1    | 0.045 |   1.045 |    3.201 | 
     | g79726                  | B v -> Y ^  | NOR2X1   | 0.033 |   1.078 |    3.233 | 
     | g79692                  | B ^ -> Y v  | NAND2X1  | 0.026 |   1.104 |    3.259 | 
     | g79814                  | AN v -> Y v | NAND2BX1 | 0.025 |   1.129 |    3.284 | 
     | FE_OFC885_n_4           | A v -> Y ^  | INVX1    | 0.063 |   1.192 |    3.347 | 
     | FE_OFC1204_n_4          | A ^ -> Y v  | INVX1    | 0.128 |   1.319 |    3.475 | 
     | g79569                  | B v -> Y ^  | NOR2X1   | 0.128 |   1.447 |    3.602 | 
     | FE_OFC690_n_149         | A ^ -> Y ^  | BUFX2    | 0.116 |   1.563 |    3.719 | 
     | g79207                  | B ^ -> Y v  | NAND2X1  | 0.140 |   1.703 |    3.858 | 
     | line_buff_1_reg[140][2] | SE v        | SDFFQX1  | 0.000 |   1.704 |    3.859 | 
     +-------------------------------------------------------------------------------+ 
     Clock Rise Edge                      0.000
     + Source Insertion Delay            -0.257
     = Beginpoint Arrival Time           -0.257
     Other End Path:
     +-------------------------------------------------------------------------------+ 
     |        Instance         |    Arc     |   Cell    | Delay | Arrival | Required | 
     |                         |            |           |       |  Time   |   Time   | 
     |-------------------------+------------+-----------+-------+---------+----------| 
     |                         | clk ^      |           |       |  -0.257 |   -2.413 | 
     | CTS_ccl_a_buf_00160     | A ^ -> Y ^ | CLKBUFX20 | 0.180 |  -0.077 |   -2.232 | 
     | CTS_ccl_a_buf_00144     | A ^ -> Y ^ | CLKBUFX6  | 0.204 |   0.127 |   -2.029 | 
     | line_buff_1_reg[140][2] | CK ^       | SDFFQX1   | 0.002 |   0.129 |   -2.027 | 
     +-------------------------------------------------------------------------------+ 
Path 146: MET Setup Check with Pin line_buff_1_reg[244][0]/CK 
Endpoint:   line_buff_1_reg[244][0]/SE (v) checked with  leading edge of 'clk'
Beginpoint: i_href                     (^) triggered by  leading edge of 'clk'
Path Groups: {clk}
Analysis View: all
Other End Arrival Time          0.139
- Setup                         0.274
+ Phase Shift                   4.000
= Required Time                 3.865
- Arrival Time                  1.710
= Slack Time                    2.155
     Clock Rise Edge                      0.000
     + Input Delay                        1.000
     = Beginpoint Arrival Time            1.000
     Timing Path:
     +-------------------------------------------------------------------------------+ 
     |        Instance         |     Arc     |   Cell   | Delay | Arrival | Required | 
     |                         |             |          |       |  Time   |   Time   | 
     |-------------------------+-------------+----------+-------+---------+----------| 
     |                         | i_href ^    |          |       |   1.000 |    3.155 | 
     | g79753                  | A ^ -> Y v  | INVX1    | 0.045 |   1.045 |    3.201 | 
     | g79726                  | B v -> Y ^  | NOR2X1   | 0.033 |   1.078 |    3.233 | 
     | g79692                  | B ^ -> Y v  | NAND2X1  | 0.026 |   1.104 |    3.259 | 
     | g79814                  | AN v -> Y v | NAND2BX1 | 0.025 |   1.129 |    3.284 | 
     | FE_OFC885_n_4           | A v -> Y ^  | INVX1    | 0.063 |   1.192 |    3.347 | 
     | FE_OFC1204_n_4          | A ^ -> Y v  | INVX1    | 0.128 |   1.319 |    3.475 | 
     | g79569                  | B v -> Y ^  | NOR2X1   | 0.128 |   1.447 |    3.602 | 
     | FE_OFC690_n_149         | A ^ -> Y ^  | BUFX2    | 0.116 |   1.563 |    3.719 | 
     | g79042                  | B ^ -> Y v  | NAND2X1  | 0.146 |   1.710 |    3.865 | 
     | line_buff_1_reg[244][0] | SE v        | SDFFQX1  | 0.000 |   1.710 |    3.865 | 
     +-------------------------------------------------------------------------------+ 
     Clock Rise Edge                      0.000
     + Source Insertion Delay            -0.257
     = Beginpoint Arrival Time           -0.257
     Other End Path:
     +-------------------------------------------------------------------------------+ 
     |        Instance         |    Arc     |   Cell    | Delay | Arrival | Required | 
     |                         |            |           |       |  Time   |   Time   | 
     |-------------------------+------------+-----------+-------+---------+----------| 
     |                         | clk ^      |           |       |  -0.257 |   -2.413 | 
     | CTS_ccl_a_buf_00160     | A ^ -> Y ^ | CLKBUFX20 | 0.180 |  -0.077 |   -2.233 | 
     | CTS_ccl_a_buf_00135     | A ^ -> Y ^ | CLKBUFX6  | 0.214 |   0.137 |   -2.018 | 
     | line_buff_1_reg[244][0] | CK ^       | SDFFQX1   | 0.002 |   0.139 |   -2.016 | 
     +-------------------------------------------------------------------------------+ 
Path 147: MET Setup Check with Pin line_buff_0_reg[188][2]/CK 
Endpoint:   line_buff_0_reg[188][2]/SE (v) checked with  leading edge of 'clk'
Beginpoint: i_href                     (^) triggered by  leading edge of 'clk'
Path Groups: {clk}
Analysis View: all
Other End Arrival Time          0.133
- Setup                         0.272
+ Phase Shift                   4.000
= Required Time                 3.861
- Arrival Time                  1.706
= Slack Time                    2.155
     Clock Rise Edge                      0.000
     + Input Delay                        1.000
     = Beginpoint Arrival Time            1.000
     Timing Path:
     +-------------------------------------------------------------------------------+ 
     |        Instance         |     Arc     |   Cell   | Delay | Arrival | Required | 
     |                         |             |          |       |  Time   |   Time   | 
     |-------------------------+-------------+----------+-------+---------+----------| 
     |                         | i_href ^    |          |       |   1.000 |    3.155 | 
     | g79753                  | A ^ -> Y v  | INVX1    | 0.045 |   1.045 |    3.201 | 
     | g79726                  | B v -> Y ^  | NOR2X1   | 0.033 |   1.078 |    3.233 | 
     | g79692                  | B ^ -> Y v  | NAND2X1  | 0.026 |   1.104 |    3.259 | 
     | g79814                  | AN v -> Y v | NAND2BX1 | 0.025 |   1.129 |    3.284 | 
     | FE_OFC885_n_4           | A v -> Y ^  | INVX1    | 0.063 |   1.192 |    3.347 | 
     | FE_OFC1204_n_4          | A ^ -> Y v  | INVX1    | 0.128 |   1.319 |    3.475 | 
     | g79569                  | B v -> Y ^  | NOR2X1   | 0.128 |   1.447 |    3.602 | 
     | FE_OFC690_n_149         | A ^ -> Y ^  | BUFX2    | 0.116 |   1.563 |    3.719 | 
     | g79059                  | B ^ -> Y v  | NAND2X1  | 0.142 |   1.706 |    3.861 | 
     | line_buff_0_reg[188][2] | SE v        | SDFFQX1  | 0.000 |   1.706 |    3.861 | 
     +-------------------------------------------------------------------------------+ 
     Clock Rise Edge                      0.000
     + Source Insertion Delay            -0.257
     = Beginpoint Arrival Time           -0.257
     Other End Path:
     +-------------------------------------------------------------------------------+ 
     |        Instance         |    Arc     |   Cell    | Delay | Arrival | Required | 
     |                         |            |           |       |  Time   |   Time   | 
     |-------------------------+------------+-----------+-------+---------+----------| 
     |                         | clk ^      |           |       |  -0.257 |   -2.413 | 
     | CTS_ccl_a_buf_00160     | A ^ -> Y ^ | CLKBUFX20 | 0.180 |  -0.077 |   -2.233 | 
     | CTS_ccl_a_buf_00142     | A ^ -> Y ^ | CLKBUFX6  | 0.208 |   0.131 |   -2.024 | 
     | line_buff_0_reg[188][2] | CK ^       | SDFFQX1   | 0.002 |   0.133 |   -2.022 | 
     +-------------------------------------------------------------------------------+ 
Path 148: MET Setup Check with Pin line_buff_0_reg[140][2]/CK 
Endpoint:   line_buff_0_reg[140][2]/SE (v) checked with  leading edge of 'clk'
Beginpoint: i_href                     (^) triggered by  leading edge of 'clk'
Path Groups: {clk}
Analysis View: all
Other End Arrival Time          0.129
- Setup                         0.270
+ Phase Shift                   4.000
= Required Time                 3.859
- Arrival Time                  1.704
= Slack Time                    2.155
     Clock Rise Edge                      0.000
     + Input Delay                        1.000
     = Beginpoint Arrival Time            1.000
     Timing Path:
     +-------------------------------------------------------------------------------+ 
     |        Instance         |     Arc     |   Cell   | Delay | Arrival | Required | 
     |                         |             |          |       |  Time   |   Time   | 
     |-------------------------+-------------+----------+-------+---------+----------| 
     |                         | i_href ^    |          |       |   1.000 |    3.155 | 
     | g79753                  | A ^ -> Y v  | INVX1    | 0.045 |   1.045 |    3.201 | 
     | g79726                  | B v -> Y ^  | NOR2X1   | 0.033 |   1.078 |    3.233 | 
     | g79692                  | B ^ -> Y v  | NAND2X1  | 0.026 |   1.104 |    3.259 | 
     | g79814                  | AN v -> Y v | NAND2BX1 | 0.025 |   1.129 |    3.284 | 
     | FE_OFC885_n_4           | A v -> Y ^  | INVX1    | 0.063 |   1.192 |    3.347 | 
     | FE_OFC1204_n_4          | A ^ -> Y v  | INVX1    | 0.128 |   1.319 |    3.475 | 
     | g79569                  | B v -> Y ^  | NOR2X1   | 0.128 |   1.447 |    3.602 | 
     | FE_OFC690_n_149         | A ^ -> Y ^  | BUFX2    | 0.116 |   1.563 |    3.719 | 
     | g79207                  | B ^ -> Y v  | NAND2X1  | 0.140 |   1.703 |    3.858 | 
     | line_buff_0_reg[140][2] | SE v        | SDFFQX1  | 0.000 |   1.704 |    3.859 | 
     +-------------------------------------------------------------------------------+ 
     Clock Rise Edge                      0.000
     + Source Insertion Delay            -0.257
     = Beginpoint Arrival Time           -0.257
     Other End Path:
     +-------------------------------------------------------------------------------+ 
     |        Instance         |    Arc     |   Cell    | Delay | Arrival | Required | 
     |                         |            |           |       |  Time   |   Time   | 
     |-------------------------+------------+-----------+-------+---------+----------| 
     |                         | clk ^      |           |       |  -0.257 |   -2.413 | 
     | CTS_ccl_a_buf_00160     | A ^ -> Y ^ | CLKBUFX20 | 0.180 |  -0.077 |   -2.233 | 
     | CTS_ccl_a_buf_00144     | A ^ -> Y ^ | CLKBUFX6  | 0.204 |   0.127 |   -2.029 | 
     | line_buff_0_reg[140][2] | CK ^       | SDFFQX1   | 0.002 |   0.129 |   -2.027 | 
     +-------------------------------------------------------------------------------+ 
Path 149: MET Setup Check with Pin line_buff_1_reg[212][5]/CK 
Endpoint:   line_buff_1_reg[212][5]/SE (v) checked with  leading edge of 'clk'
Beginpoint: i_href                     (^) triggered by  leading edge of 'clk'
Path Groups: {clk}
Analysis View: all
Other End Arrival Time          0.134
- Setup                         0.272
+ Phase Shift                   4.000
= Required Time                 3.862
- Arrival Time                  1.706
= Slack Time                    2.156
     Clock Rise Edge                      0.000
     + Input Delay                        1.000
     = Beginpoint Arrival Time            1.000
     Timing Path:
     +-------------------------------------------------------------------------------+ 
     |        Instance         |     Arc     |   Cell   | Delay | Arrival | Required | 
     |                         |             |          |       |  Time   |   Time   | 
     |-------------------------+-------------+----------+-------+---------+----------| 
     |                         | i_href ^    |          |       |   1.000 |    3.156 | 
     | g79753                  | A ^ -> Y v  | INVX1    | 0.045 |   1.045 |    3.201 | 
     | g79726                  | B v -> Y ^  | NOR2X1   | 0.033 |   1.078 |    3.234 | 
     | g79692                  | B ^ -> Y v  | NAND2X1  | 0.026 |   1.104 |    3.259 | 
     | g79814                  | AN v -> Y v | NAND2BX1 | 0.025 |   1.129 |    3.285 | 
     | FE_OFC885_n_4           | A v -> Y ^  | INVX1    | 0.063 |   1.192 |    3.347 | 
     | FE_OFC1204_n_4          | A ^ -> Y v  | INVX1    | 0.128 |   1.319 |    3.475 | 
     | g79569                  | B v -> Y ^  | NOR2X1   | 0.128 |   1.447 |    3.603 | 
     | FE_OFC690_n_149         | A ^ -> Y ^  | BUFX2    | 0.116 |   1.563 |    3.719 | 
     | g79162                  | B ^ -> Y v  | NAND2X1  | 0.142 |   1.706 |    3.862 | 
     | line_buff_1_reg[212][5] | SE v        | SDFFQX1  | 0.000 |   1.706 |    3.862 | 
     +-------------------------------------------------------------------------------+ 
     Clock Rise Edge                      0.000
     + Source Insertion Delay            -0.257
     = Beginpoint Arrival Time           -0.257
     Other End Path:
     +-------------------------------------------------------------------------------+ 
     |        Instance         |    Arc     |   Cell    | Delay | Arrival | Required | 
     |                         |            |           |       |  Time   |   Time   | 
     |-------------------------+------------+-----------+-------+---------+----------| 
     |                         | clk ^      |           |       |  -0.257 |   -2.413 | 
     | CTS_ccl_a_buf_00160     | A ^ -> Y ^ | CLKBUFX20 | 0.180 |  -0.077 |   -2.233 | 
     | CTS_ccl_a_buf_00112     | A ^ -> Y ^ | CLKBUFX6  | 0.210 |   0.133 |   -2.023 | 
     | line_buff_1_reg[212][5] | CK ^       | SDFFQX1   | 0.001 |   0.134 |   -2.022 | 
     +-------------------------------------------------------------------------------+ 
Path 150: MET Setup Check with Pin line_buff_1_reg[188][3]/CK 
Endpoint:   line_buff_1_reg[188][3]/SE (v) checked with  leading edge of 'clk'
Beginpoint: i_href                     (^) triggered by  leading edge of 'clk'
Path Groups: {clk}
Analysis View: all
Other End Arrival Time          0.134
- Setup                         0.272
+ Phase Shift                   4.000
= Required Time                 3.862
- Arrival Time                  1.706
= Slack Time                    2.156
     Clock Rise Edge                      0.000
     + Input Delay                        1.000
     = Beginpoint Arrival Time            1.000
     Timing Path:
     +-------------------------------------------------------------------------------+ 
     |        Instance         |     Arc     |   Cell   | Delay | Arrival | Required | 
     |                         |             |          |       |  Time   |   Time   | 
     |-------------------------+-------------+----------+-------+---------+----------| 
     |                         | i_href ^    |          |       |   1.000 |    3.156 | 
     | g79753                  | A ^ -> Y v  | INVX1    | 0.045 |   1.045 |    3.201 | 
     | g79726                  | B v -> Y ^  | NOR2X1   | 0.033 |   1.078 |    3.234 | 
     | g79692                  | B ^ -> Y v  | NAND2X1  | 0.026 |   1.104 |    3.259 | 
     | g79814                  | AN v -> Y v | NAND2BX1 | 0.025 |   1.129 |    3.285 | 
     | FE_OFC885_n_4           | A v -> Y ^  | INVX1    | 0.063 |   1.192 |    3.348 | 
     | FE_OFC1204_n_4          | A ^ -> Y v  | INVX1    | 0.128 |   1.319 |    3.475 | 
     | g79569                  | B v -> Y ^  | NOR2X1   | 0.128 |   1.447 |    3.603 | 
     | FE_OFC690_n_149         | A ^ -> Y ^  | BUFX2    | 0.116 |   1.563 |    3.719 | 
     | g79059                  | B ^ -> Y v  | NAND2X1  | 0.142 |   1.706 |    3.861 | 
     | line_buff_1_reg[188][3] | SE v        | SDFFQX1  | 0.001 |   1.706 |    3.862 | 
     +-------------------------------------------------------------------------------+ 
     Clock Rise Edge                      0.000
     + Source Insertion Delay            -0.257
     = Beginpoint Arrival Time           -0.257
     Other End Path:
     +-------------------------------------------------------------------------------+ 
     |        Instance         |    Arc     |   Cell    | Delay | Arrival | Required | 
     |                         |            |           |       |  Time   |   Time   | 
     |-------------------------+------------+-----------+-------+---------+----------| 
     |                         | clk ^      |           |       |  -0.257 |   -2.413 | 
     | CTS_ccl_a_buf_00160     | A ^ -> Y ^ | CLKBUFX20 | 0.180 |  -0.077 |   -2.233 | 
     | CTS_ccl_a_buf_00142     | A ^ -> Y ^ | CLKBUFX6  | 0.208 |   0.131 |   -2.025 | 
     | line_buff_1_reg[188][3] | CK ^       | SDFFQX1   | 0.003 |   0.134 |   -2.022 | 
     +-------------------------------------------------------------------------------+ 
Path 151: MET Setup Check with Pin line_buff_1_reg[188][0]/CK 
Endpoint:   line_buff_1_reg[188][0]/SE (v) checked with  leading edge of 'clk'
Beginpoint: i_href                     (^) triggered by  leading edge of 'clk'
Path Groups: {clk}
Analysis View: all
Other End Arrival Time          0.134
- Setup                         0.272
+ Phase Shift                   4.000
= Required Time                 3.862
- Arrival Time                  1.706
= Slack Time                    2.156
     Clock Rise Edge                      0.000
     + Input Delay                        1.000
     = Beginpoint Arrival Time            1.000
     Timing Path:
     +-------------------------------------------------------------------------------+ 
     |        Instance         |     Arc     |   Cell   | Delay | Arrival | Required | 
     |                         |             |          |       |  Time   |   Time   | 
     |-------------------------+-------------+----------+-------+---------+----------| 
     |                         | i_href ^    |          |       |   1.000 |    3.156 | 
     | g79753                  | A ^ -> Y v  | INVX1    | 0.045 |   1.045 |    3.201 | 
     | g79726                  | B v -> Y ^  | NOR2X1   | 0.033 |   1.078 |    3.234 | 
     | g79692                  | B ^ -> Y v  | NAND2X1  | 0.026 |   1.104 |    3.259 | 
     | g79814                  | AN v -> Y v | NAND2BX1 | 0.025 |   1.129 |    3.285 | 
     | FE_OFC885_n_4           | A v -> Y ^  | INVX1    | 0.063 |   1.192 |    3.348 | 
     | FE_OFC1204_n_4          | A ^ -> Y v  | INVX1    | 0.128 |   1.319 |    3.475 | 
     | g79569                  | B v -> Y ^  | NOR2X1   | 0.128 |   1.447 |    3.603 | 
     | FE_OFC690_n_149         | A ^ -> Y ^  | BUFX2    | 0.116 |   1.563 |    3.719 | 
     | g79059                  | B ^ -> Y v  | NAND2X1  | 0.142 |   1.706 |    3.861 | 
     | line_buff_1_reg[188][0] | SE v        | SDFFQX1  | 0.001 |   1.706 |    3.862 | 
     +-------------------------------------------------------------------------------+ 
     Clock Rise Edge                      0.000
     + Source Insertion Delay            -0.257
     = Beginpoint Arrival Time           -0.257
     Other End Path:
     +-------------------------------------------------------------------------------+ 
     |        Instance         |    Arc     |   Cell    | Delay | Arrival | Required | 
     |                         |            |           |       |  Time   |   Time   | 
     |-------------------------+------------+-----------+-------+---------+----------| 
     |                         | clk ^      |           |       |  -0.257 |   -2.413 | 
     | CTS_ccl_a_buf_00160     | A ^ -> Y ^ | CLKBUFX20 | 0.180 |  -0.077 |   -2.233 | 
     | CTS_ccl_a_buf_00142     | A ^ -> Y ^ | CLKBUFX6  | 0.208 |   0.131 |   -2.025 | 
     | line_buff_1_reg[188][0] | CK ^       | SDFFQX1   | 0.003 |   0.134 |   -2.022 | 
     +-------------------------------------------------------------------------------+ 
Path 152: MET Setup Check with Pin line_buff_0_reg[188][5]/CK 
Endpoint:   line_buff_0_reg[188][5]/SE (v) checked with  leading edge of 'clk'
Beginpoint: i_href                     (^) triggered by  leading edge of 'clk'
Path Groups: {clk}
Analysis View: all
Other End Arrival Time          0.134
- Setup                         0.272
+ Phase Shift                   4.000
= Required Time                 3.862
- Arrival Time                  1.706
= Slack Time                    2.156
     Clock Rise Edge                      0.000
     + Input Delay                        1.000
     = Beginpoint Arrival Time            1.000
     Timing Path:
     +-------------------------------------------------------------------------------+ 
     |        Instance         |     Arc     |   Cell   | Delay | Arrival | Required | 
     |                         |             |          |       |  Time   |   Time   | 
     |-------------------------+-------------+----------+-------+---------+----------| 
     |                         | i_href ^    |          |       |   1.000 |    3.156 | 
     | g79753                  | A ^ -> Y v  | INVX1    | 0.045 |   1.045 |    3.201 | 
     | g79726                  | B v -> Y ^  | NOR2X1   | 0.033 |   1.078 |    3.234 | 
     | g79692                  | B ^ -> Y v  | NAND2X1  | 0.026 |   1.104 |    3.259 | 
     | g79814                  | AN v -> Y v | NAND2BX1 | 0.025 |   1.129 |    3.285 | 
     | FE_OFC885_n_4           | A v -> Y ^  | INVX1    | 0.063 |   1.192 |    3.348 | 
     | FE_OFC1204_n_4          | A ^ -> Y v  | INVX1    | 0.128 |   1.319 |    3.475 | 
     | g79569                  | B v -> Y ^  | NOR2X1   | 0.128 |   1.447 |    3.603 | 
     | FE_OFC690_n_149         | A ^ -> Y ^  | BUFX2    | 0.116 |   1.563 |    3.719 | 
     | g79059                  | B ^ -> Y v  | NAND2X1  | 0.142 |   1.706 |    3.861 | 
     | line_buff_0_reg[188][5] | SE v        | SDFFQX1  | 0.001 |   1.706 |    3.862 | 
     +-------------------------------------------------------------------------------+ 
     Clock Rise Edge                      0.000
     + Source Insertion Delay            -0.257
     = Beginpoint Arrival Time           -0.257
     Other End Path:
     +-------------------------------------------------------------------------------+ 
     |        Instance         |    Arc     |   Cell    | Delay | Arrival | Required | 
     |                         |            |           |       |  Time   |   Time   | 
     |-------------------------+------------+-----------+-------+---------+----------| 
     |                         | clk ^      |           |       |  -0.257 |   -2.413 | 
     | CTS_ccl_a_buf_00160     | A ^ -> Y ^ | CLKBUFX20 | 0.180 |  -0.077 |   -2.233 | 
     | CTS_ccl_a_buf_00142     | A ^ -> Y ^ | CLKBUFX6  | 0.208 |   0.131 |   -2.025 | 
     | line_buff_0_reg[188][5] | CK ^       | SDFFQX1   | 0.003 |   0.134 |   -2.022 | 
     +-------------------------------------------------------------------------------+ 
Path 153: MET Setup Check with Pin line_buff_0_reg[188][4]/CK 
Endpoint:   line_buff_0_reg[188][4]/SE (v) checked with  leading edge of 'clk'
Beginpoint: i_href                     (^) triggered by  leading edge of 'clk'
Path Groups: {clk}
Analysis View: all
Other End Arrival Time          0.134
- Setup                         0.272
+ Phase Shift                   4.000
= Required Time                 3.862
- Arrival Time                  1.706
= Slack Time                    2.156
     Clock Rise Edge                      0.000
     + Input Delay                        1.000
     = Beginpoint Arrival Time            1.000
     Timing Path:
     +-------------------------------------------------------------------------------+ 
     |        Instance         |     Arc     |   Cell   | Delay | Arrival | Required | 
     |                         |             |          |       |  Time   |   Time   | 
     |-------------------------+-------------+----------+-------+---------+----------| 
     |                         | i_href ^    |          |       |   1.000 |    3.156 | 
     | g79753                  | A ^ -> Y v  | INVX1    | 0.045 |   1.045 |    3.201 | 
     | g79726                  | B v -> Y ^  | NOR2X1   | 0.033 |   1.078 |    3.234 | 
     | g79692                  | B ^ -> Y v  | NAND2X1  | 0.026 |   1.104 |    3.259 | 
     | g79814                  | AN v -> Y v | NAND2BX1 | 0.025 |   1.129 |    3.285 | 
     | FE_OFC885_n_4           | A v -> Y ^  | INVX1    | 0.063 |   1.192 |    3.348 | 
     | FE_OFC1204_n_4          | A ^ -> Y v  | INVX1    | 0.128 |   1.319 |    3.475 | 
     | g79569                  | B v -> Y ^  | NOR2X1   | 0.128 |   1.447 |    3.603 | 
     | FE_OFC690_n_149         | A ^ -> Y ^  | BUFX2    | 0.116 |   1.563 |    3.719 | 
     | g79059                  | B ^ -> Y v  | NAND2X1  | 0.142 |   1.706 |    3.861 | 
     | line_buff_0_reg[188][4] | SE v        | SDFFQX1  | 0.001 |   1.706 |    3.862 | 
     +-------------------------------------------------------------------------------+ 
     Clock Rise Edge                      0.000
     + Source Insertion Delay            -0.257
     = Beginpoint Arrival Time           -0.257
     Other End Path:
     +-------------------------------------------------------------------------------+ 
     |        Instance         |    Arc     |   Cell    | Delay | Arrival | Required | 
     |                         |            |           |       |  Time   |   Time   | 
     |-------------------------+------------+-----------+-------+---------+----------| 
     |                         | clk ^      |           |       |  -0.257 |   -2.413 | 
     | CTS_ccl_a_buf_00160     | A ^ -> Y ^ | CLKBUFX20 | 0.180 |  -0.077 |   -2.233 | 
     | CTS_ccl_a_buf_00142     | A ^ -> Y ^ | CLKBUFX6  | 0.208 |   0.131 |   -2.025 | 
     | line_buff_0_reg[188][4] | CK ^       | SDFFQX1   | 0.003 |   0.134 |   -2.022 | 
     +-------------------------------------------------------------------------------+ 
Path 154: MET Setup Check with Pin line_buff_0_reg[212][5]/CK 
Endpoint:   line_buff_0_reg[212][5]/SE (v) checked with  leading edge of 'clk'
Beginpoint: i_href                     (^) triggered by  leading edge of 'clk'
Path Groups: {clk}
Analysis View: all
Other End Arrival Time          0.134
- Setup                         0.272
+ Phase Shift                   4.000
= Required Time                 3.862
- Arrival Time                  1.706
= Slack Time                    2.156
     Clock Rise Edge                      0.000
     + Input Delay                        1.000
     = Beginpoint Arrival Time            1.000
     Timing Path:
     +-------------------------------------------------------------------------------+ 
     |        Instance         |     Arc     |   Cell   | Delay | Arrival | Required | 
     |                         |             |          |       |  Time   |   Time   | 
     |-------------------------+-------------+----------+-------+---------+----------| 
     |                         | i_href ^    |          |       |   1.000 |    3.156 | 
     | g79753                  | A ^ -> Y v  | INVX1    | 0.045 |   1.045 |    3.201 | 
     | g79726                  | B v -> Y ^  | NOR2X1   | 0.033 |   1.078 |    3.234 | 
     | g79692                  | B ^ -> Y v  | NAND2X1  | 0.026 |   1.104 |    3.260 | 
     | g79814                  | AN v -> Y v | NAND2BX1 | 0.025 |   1.129 |    3.285 | 
     | FE_OFC885_n_4           | A v -> Y ^  | INVX1    | 0.063 |   1.192 |    3.348 | 
     | FE_OFC1204_n_4          | A ^ -> Y v  | INVX1    | 0.128 |   1.319 |    3.475 | 
     | g79569                  | B v -> Y ^  | NOR2X1   | 0.128 |   1.447 |    3.603 | 
     | FE_OFC690_n_149         | A ^ -> Y ^  | BUFX2    | 0.116 |   1.563 |    3.719 | 
     | g79162                  | B ^ -> Y v  | NAND2X1  | 0.142 |   1.706 |    3.862 | 
     | line_buff_0_reg[212][5] | SE v        | SDFFQX1  | 0.000 |   1.706 |    3.862 | 
     +-------------------------------------------------------------------------------+ 
     Clock Rise Edge                      0.000
     + Source Insertion Delay            -0.257
     = Beginpoint Arrival Time           -0.257
     Other End Path:
     +-------------------------------------------------------------------------------+ 
     |        Instance         |    Arc     |   Cell    | Delay | Arrival | Required | 
     |                         |            |           |       |  Time   |   Time   | 
     |-------------------------+------------+-----------+-------+---------+----------| 
     |                         | clk ^      |           |       |  -0.257 |   -2.413 | 
     | CTS_ccl_a_buf_00160     | A ^ -> Y ^ | CLKBUFX20 | 0.180 |  -0.077 |   -2.233 | 
     | CTS_ccl_a_buf_00112     | A ^ -> Y ^ | CLKBUFX6  | 0.210 |   0.133 |   -2.023 | 
     | line_buff_0_reg[212][5] | CK ^       | SDFFQX1   | 0.001 |   0.134 |   -2.022 | 
     +-------------------------------------------------------------------------------+ 
Path 155: MET Setup Check with Pin line_buff_1_reg[212][2]/CK 
Endpoint:   line_buff_1_reg[212][2]/SE (v) checked with  leading edge of 'clk'
Beginpoint: i_href                     (^) triggered by  leading edge of 'clk'
Path Groups: {clk}
Analysis View: all
Other End Arrival Time          0.134
- Setup                         0.272
+ Phase Shift                   4.000
= Required Time                 3.862
- Arrival Time                  1.706
= Slack Time                    2.156
     Clock Rise Edge                      0.000
     + Input Delay                        1.000
     = Beginpoint Arrival Time            1.000
     Timing Path:
     +-------------------------------------------------------------------------------+ 
     |        Instance         |     Arc     |   Cell   | Delay | Arrival | Required | 
     |                         |             |          |       |  Time   |   Time   | 
     |-------------------------+-------------+----------+-------+---------+----------| 
     |                         | i_href ^    |          |       |   1.000 |    3.156 | 
     | g79753                  | A ^ -> Y v  | INVX1    | 0.045 |   1.045 |    3.202 | 
     | g79726                  | B v -> Y ^  | NOR2X1   | 0.033 |   1.078 |    3.234 | 
     | g79692                  | B ^ -> Y v  | NAND2X1  | 0.026 |   1.104 |    3.260 | 
     | g79814                  | AN v -> Y v | NAND2BX1 | 0.025 |   1.129 |    3.285 | 
     | FE_OFC885_n_4           | A v -> Y ^  | INVX1    | 0.063 |   1.192 |    3.348 | 
     | FE_OFC1204_n_4          | A ^ -> Y v  | INVX1    | 0.128 |   1.319 |    3.475 | 
     | g79569                  | B v -> Y ^  | NOR2X1   | 0.128 |   1.447 |    3.603 | 
     | FE_OFC690_n_149         | A ^ -> Y ^  | BUFX2    | 0.116 |   1.563 |    3.719 | 
     | g79162                  | B ^ -> Y v  | NAND2X1  | 0.142 |   1.706 |    3.862 | 
     | line_buff_1_reg[212][2] | SE v        | SDFFQX1  | 0.000 |   1.706 |    3.862 | 
     +-------------------------------------------------------------------------------+ 
     Clock Rise Edge                      0.000
     + Source Insertion Delay            -0.257
     = Beginpoint Arrival Time           -0.257
     Other End Path:
     +-------------------------------------------------------------------------------+ 
     |        Instance         |    Arc     |   Cell    | Delay | Arrival | Required | 
     |                         |            |           |       |  Time   |   Time   | 
     |-------------------------+------------+-----------+-------+---------+----------| 
     |                         | clk ^      |           |       |  -0.257 |   -2.414 | 
     | CTS_ccl_a_buf_00160     | A ^ -> Y ^ | CLKBUFX20 | 0.180 |  -0.077 |   -2.233 | 
     | CTS_ccl_a_buf_00112     | A ^ -> Y ^ | CLKBUFX6  | 0.210 |   0.133 |   -2.023 | 
     | line_buff_1_reg[212][2] | CK ^       | SDFFQX1   | 0.002 |   0.134 |   -2.022 | 
     +-------------------------------------------------------------------------------+ 
Path 156: MET Setup Check with Pin line_buff_0_reg[212][1]/CK 
Endpoint:   line_buff_0_reg[212][1]/SE (v) checked with  leading edge of 'clk'
Beginpoint: i_href                     (^) triggered by  leading edge of 'clk'
Path Groups: {clk}
Analysis View: all
Other End Arrival Time          0.135
- Setup                         0.272
+ Phase Shift                   4.000
= Required Time                 3.862
- Arrival Time                  1.706
= Slack Time                    2.156
     Clock Rise Edge                      0.000
     + Input Delay                        1.000
     = Beginpoint Arrival Time            1.000
     Timing Path:
     +-------------------------------------------------------------------------------+ 
     |        Instance         |     Arc     |   Cell   | Delay | Arrival | Required | 
     |                         |             |          |       |  Time   |   Time   | 
     |-------------------------+-------------+----------+-------+---------+----------| 
     |                         | i_href ^    |          |       |   1.000 |    3.156 | 
     | g79753                  | A ^ -> Y v  | INVX1    | 0.045 |   1.045 |    3.202 | 
     | g79726                  | B v -> Y ^  | NOR2X1   | 0.033 |   1.078 |    3.234 | 
     | g79692                  | B ^ -> Y v  | NAND2X1  | 0.026 |   1.104 |    3.260 | 
     | g79814                  | AN v -> Y v | NAND2BX1 | 0.025 |   1.129 |    3.285 | 
     | FE_OFC885_n_4           | A v -> Y ^  | INVX1    | 0.063 |   1.192 |    3.348 | 
     | FE_OFC1204_n_4          | A ^ -> Y v  | INVX1    | 0.128 |   1.319 |    3.476 | 
     | g79569                  | B v -> Y ^  | NOR2X1   | 0.128 |   1.447 |    3.603 | 
     | FE_OFC690_n_149         | A ^ -> Y ^  | BUFX2    | 0.116 |   1.563 |    3.720 | 
     | g79162                  | B ^ -> Y v  | NAND2X1  | 0.142 |   1.706 |    3.862 | 
     | line_buff_0_reg[212][1] | SE v        | SDFFQX1  | 0.000 |   1.706 |    3.862 | 
     +-------------------------------------------------------------------------------+ 
     Clock Rise Edge                      0.000
     + Source Insertion Delay            -0.257
     = Beginpoint Arrival Time           -0.257
     Other End Path:
     +-------------------------------------------------------------------------------+ 
     |        Instance         |    Arc     |   Cell    | Delay | Arrival | Required | 
     |                         |            |           |       |  Time   |   Time   | 
     |-------------------------+------------+-----------+-------+---------+----------| 
     |                         | clk ^      |           |       |  -0.257 |   -2.414 | 
     | CTS_ccl_a_buf_00160     | A ^ -> Y ^ | CLKBUFX20 | 0.180 |  -0.077 |   -2.233 | 
     | CTS_ccl_a_buf_00112     | A ^ -> Y ^ | CLKBUFX6  | 0.210 |   0.133 |   -2.023 | 
     | line_buff_0_reg[212][1] | CK ^       | SDFFQX1   | 0.002 |   0.135 |   -2.022 | 
     +-------------------------------------------------------------------------------+ 
Path 157: MET Setup Check with Pin line_buff_0_reg[180][1]/CK 
Endpoint:   line_buff_0_reg[180][1]/SE (v) checked with  leading edge of 'clk'
Beginpoint: i_href                     (^) triggered by  leading edge of 'clk'
Path Groups: {clk}
Analysis View: all
Other End Arrival Time          0.129
- Setup                         0.269
+ Phase Shift                   4.000
= Required Time                 3.859
- Arrival Time                  1.702
= Slack Time                    2.157
     Clock Rise Edge                      0.000
     + Input Delay                        1.000
     = Beginpoint Arrival Time            1.000
     Timing Path:
     +-------------------------------------------------------------------------------+ 
     |        Instance         |     Arc     |   Cell   | Delay | Arrival | Required | 
     |                         |             |          |       |  Time   |   Time   | 
     |-------------------------+-------------+----------+-------+---------+----------| 
     |                         | i_href ^    |          |       |   1.000 |    3.157 | 
     | g79753                  | A ^ -> Y v  | INVX1    | 0.045 |   1.045 |    3.203 | 
     | g79726                  | B v -> Y ^  | NOR2X1   | 0.033 |   1.078 |    3.235 | 
     | g79692                  | B ^ -> Y v  | NAND2X1  | 0.026 |   1.104 |    3.261 | 
     | g79814                  | AN v -> Y v | NAND2BX1 | 0.025 |   1.129 |    3.286 | 
     | FE_OFC885_n_4           | A v -> Y ^  | INVX1    | 0.063 |   1.192 |    3.349 | 
     | FE_OFC1204_n_4          | A ^ -> Y v  | INVX1    | 0.128 |   1.319 |    3.477 | 
     | g79569                  | B v -> Y ^  | NOR2X1   | 0.128 |   1.447 |    3.604 | 
     | FE_OFC690_n_149         | A ^ -> Y ^  | BUFX2    | 0.116 |   1.563 |    3.721 | 
     | g79196                  | B ^ -> Y v  | NAND2X1  | 0.138 |   1.701 |    3.858 | 
     | line_buff_0_reg[180][1] | SE v        | SDFFQX1  | 0.001 |   1.702 |    3.859 | 
     +-------------------------------------------------------------------------------+ 
     Clock Rise Edge                      0.000
     + Source Insertion Delay            -0.257
     = Beginpoint Arrival Time           -0.257
     Other End Path:
     +-------------------------------------------------------------------------------+ 
     |        Instance         |    Arc     |   Cell    | Delay | Arrival | Required | 
     |                         |            |           |       |  Time   |   Time   | 
     |-------------------------+------------+-----------+-------+---------+----------| 
     |                         | clk ^      |           |       |  -0.257 |   -2.415 | 
     | CTS_ccl_a_buf_00160     | A ^ -> Y ^ | CLKBUFX20 | 0.180 |  -0.077 |   -2.234 | 
     | CTS_ccl_a_buf_00141     | A ^ -> Y ^ | CLKBUFX6  | 0.205 |   0.128 |   -2.030 | 
     | line_buff_0_reg[180][1] | CK ^       | SDFFQX1   | 0.001 |   0.129 |   -2.028 | 
     +-------------------------------------------------------------------------------+ 
Path 158: MET Setup Check with Pin line_buff_1_reg[180][5]/CK 
Endpoint:   line_buff_1_reg[180][5]/SE (v) checked with  leading edge of 'clk'
Beginpoint: i_href                     (^) triggered by  leading edge of 'clk'
Path Groups: {clk}
Analysis View: all
Other End Arrival Time          0.129
- Setup                         0.269
+ Phase Shift                   4.000
= Required Time                 3.859
- Arrival Time                  1.702
= Slack Time                    2.157
     Clock Rise Edge                      0.000
     + Input Delay                        1.000
     = Beginpoint Arrival Time            1.000
     Timing Path:
     +-------------------------------------------------------------------------------+ 
     |        Instance         |     Arc     |   Cell   | Delay | Arrival | Required | 
     |                         |             |          |       |  Time   |   Time   | 
     |-------------------------+-------------+----------+-------+---------+----------| 
     |                         | i_href ^    |          |       |   1.000 |    3.157 | 
     | g79753                  | A ^ -> Y v  | INVX1    | 0.045 |   1.045 |    3.203 | 
     | g79726                  | B v -> Y ^  | NOR2X1   | 0.033 |   1.078 |    3.235 | 
     | g79692                  | B ^ -> Y v  | NAND2X1  | 0.026 |   1.104 |    3.261 | 
     | g79814                  | AN v -> Y v | NAND2BX1 | 0.025 |   1.129 |    3.286 | 
     | FE_OFC885_n_4           | A v -> Y ^  | INVX1    | 0.063 |   1.192 |    3.349 | 
     | FE_OFC1204_n_4          | A ^ -> Y v  | INVX1    | 0.128 |   1.319 |    3.477 | 
     | g79569                  | B v -> Y ^  | NOR2X1   | 0.128 |   1.447 |    3.604 | 
     | FE_OFC690_n_149         | A ^ -> Y ^  | BUFX2    | 0.116 |   1.563 |    3.721 | 
     | g79196                  | B ^ -> Y v  | NAND2X1  | 0.138 |   1.701 |    3.859 | 
     | line_buff_1_reg[180][5] | SE v        | SDFFQX1  | 0.001 |   1.702 |    3.859 | 
     +-------------------------------------------------------------------------------+ 
     Clock Rise Edge                      0.000
     + Source Insertion Delay            -0.257
     = Beginpoint Arrival Time           -0.257
     Other End Path:
     +-------------------------------------------------------------------------------+ 
     |        Instance         |    Arc     |   Cell    | Delay | Arrival | Required | 
     |                         |            |           |       |  Time   |   Time   | 
     |-------------------------+------------+-----------+-------+---------+----------| 
     |                         | clk ^      |           |       |  -0.257 |   -2.415 | 
     | CTS_ccl_a_buf_00160     | A ^ -> Y ^ | CLKBUFX20 | 0.180 |  -0.077 |   -2.235 | 
     | CTS_ccl_a_buf_00141     | A ^ -> Y ^ | CLKBUFX6  | 0.205 |   0.128 |   -2.030 | 
     | line_buff_1_reg[180][5] | CK ^       | SDFFQX1   | 0.001 |   0.129 |   -2.028 | 
     +-------------------------------------------------------------------------------+ 
Path 159: MET Setup Check with Pin line_buff_1_reg[180][2]/CK 
Endpoint:   line_buff_1_reg[180][2]/SE (v) checked with  leading edge of 'clk'
Beginpoint: i_href                     (^) triggered by  leading edge of 'clk'
Path Groups: {clk}
Analysis View: all
Other End Arrival Time          0.129
- Setup                         0.269
+ Phase Shift                   4.000
= Required Time                 3.859
- Arrival Time                  1.702
= Slack Time                    2.157
     Clock Rise Edge                      0.000
     + Input Delay                        1.000
     = Beginpoint Arrival Time            1.000
     Timing Path:
     +-------------------------------------------------------------------------------+ 
     |        Instance         |     Arc     |   Cell   | Delay | Arrival | Required | 
     |                         |             |          |       |  Time   |   Time   | 
     |-------------------------+-------------+----------+-------+---------+----------| 
     |                         | i_href ^    |          |       |   1.000 |    3.157 | 
     | g79753                  | A ^ -> Y v  | INVX1    | 0.045 |   1.045 |    3.203 | 
     | g79726                  | B v -> Y ^  | NOR2X1   | 0.033 |   1.078 |    3.235 | 
     | g79692                  | B ^ -> Y v  | NAND2X1  | 0.026 |   1.104 |    3.261 | 
     | g79814                  | AN v -> Y v | NAND2BX1 | 0.025 |   1.129 |    3.286 | 
     | FE_OFC885_n_4           | A v -> Y ^  | INVX1    | 0.063 |   1.192 |    3.349 | 
     | FE_OFC1204_n_4          | A ^ -> Y v  | INVX1    | 0.128 |   1.319 |    3.477 | 
     | g79569                  | B v -> Y ^  | NOR2X1   | 0.128 |   1.447 |    3.604 | 
     | FE_OFC690_n_149         | A ^ -> Y ^  | BUFX2    | 0.116 |   1.563 |    3.721 | 
     | g79196                  | B ^ -> Y v  | NAND2X1  | 0.138 |   1.701 |    3.859 | 
     | line_buff_1_reg[180][2] | SE v        | SDFFQX1  | 0.001 |   1.702 |    3.859 | 
     +-------------------------------------------------------------------------------+ 
     Clock Rise Edge                      0.000
     + Source Insertion Delay            -0.257
     = Beginpoint Arrival Time           -0.257
     Other End Path:
     +-------------------------------------------------------------------------------+ 
     |        Instance         |    Arc     |   Cell    | Delay | Arrival | Required | 
     |                         |            |           |       |  Time   |   Time   | 
     |-------------------------+------------+-----------+-------+---------+----------| 
     |                         | clk ^      |           |       |  -0.257 |   -2.415 | 
     | CTS_ccl_a_buf_00160     | A ^ -> Y ^ | CLKBUFX20 | 0.180 |  -0.077 |   -2.235 | 
     | CTS_ccl_a_buf_00141     | A ^ -> Y ^ | CLKBUFX6  | 0.205 |   0.128 |   -2.030 | 
     | line_buff_1_reg[180][2] | CK ^       | SDFFQX1   | 0.001 |   0.129 |   -2.028 | 
     +-------------------------------------------------------------------------------+ 
Path 160: MET Setup Check with Pin line_buff_1_reg[180][1]/CK 
Endpoint:   line_buff_1_reg[180][1]/SE (v) checked with  leading edge of 'clk'
Beginpoint: i_href                     (^) triggered by  leading edge of 'clk'
Path Groups: {clk}
Analysis View: all
Other End Arrival Time          0.129
- Setup                         0.269
+ Phase Shift                   4.000
= Required Time                 3.859
- Arrival Time                  1.702
= Slack Time                    2.157
     Clock Rise Edge                      0.000
     + Input Delay                        1.000
     = Beginpoint Arrival Time            1.000
     Timing Path:
     +-------------------------------------------------------------------------------+ 
     |        Instance         |     Arc     |   Cell   | Delay | Arrival | Required | 
     |                         |             |          |       |  Time   |   Time   | 
     |-------------------------+-------------+----------+-------+---------+----------| 
     |                         | i_href ^    |          |       |   1.000 |    3.157 | 
     | g79753                  | A ^ -> Y v  | INVX1    | 0.045 |   1.045 |    3.203 | 
     | g79726                  | B v -> Y ^  | NOR2X1   | 0.033 |   1.078 |    3.235 | 
     | g79692                  | B ^ -> Y v  | NAND2X1  | 0.026 |   1.104 |    3.261 | 
     | g79814                  | AN v -> Y v | NAND2BX1 | 0.025 |   1.129 |    3.286 | 
     | FE_OFC885_n_4           | A v -> Y ^  | INVX1    | 0.063 |   1.192 |    3.349 | 
     | FE_OFC1204_n_4          | A ^ -> Y v  | INVX1    | 0.128 |   1.319 |    3.477 | 
     | g79569                  | B v -> Y ^  | NOR2X1   | 0.128 |   1.447 |    3.604 | 
     | FE_OFC690_n_149         | A ^ -> Y ^  | BUFX2    | 0.116 |   1.563 |    3.721 | 
     | g79196                  | B ^ -> Y v  | NAND2X1  | 0.138 |   1.701 |    3.859 | 
     | line_buff_1_reg[180][1] | SE v        | SDFFQX1  | 0.001 |   1.702 |    3.859 | 
     +-------------------------------------------------------------------------------+ 
     Clock Rise Edge                      0.000
     + Source Insertion Delay            -0.257
     = Beginpoint Arrival Time           -0.257
     Other End Path:
     +-------------------------------------------------------------------------------+ 
     |        Instance         |    Arc     |   Cell    | Delay | Arrival | Required | 
     |                         |            |           |       |  Time   |   Time   | 
     |-------------------------+------------+-----------+-------+---------+----------| 
     |                         | clk ^      |           |       |  -0.257 |   -2.415 | 
     | CTS_ccl_a_buf_00160     | A ^ -> Y ^ | CLKBUFX20 | 0.180 |  -0.077 |   -2.235 | 
     | CTS_ccl_a_buf_00141     | A ^ -> Y ^ | CLKBUFX6  | 0.205 |   0.128 |   -2.030 | 
     | line_buff_1_reg[180][1] | CK ^       | SDFFQX1   | 0.001 |   0.129 |   -2.028 | 
     +-------------------------------------------------------------------------------+ 
Path 161: MET Setup Check with Pin line_buff_0_reg[180][0]/CK 
Endpoint:   line_buff_0_reg[180][0]/SE (v) checked with  leading edge of 'clk'
Beginpoint: i_href                     (^) triggered by  leading edge of 'clk'
Path Groups: {clk}
Analysis View: all
Other End Arrival Time          0.129
- Setup                         0.269
+ Phase Shift                   4.000
= Required Time                 3.859
- Arrival Time                  1.702
= Slack Time                    2.157
     Clock Rise Edge                      0.000
     + Input Delay                        1.000
     = Beginpoint Arrival Time            1.000
     Timing Path:
     +-------------------------------------------------------------------------------+ 
     |        Instance         |     Arc     |   Cell   | Delay | Arrival | Required | 
     |                         |             |          |       |  Time   |   Time   | 
     |-------------------------+-------------+----------+-------+---------+----------| 
     |                         | i_href ^    |          |       |   1.000 |    3.157 | 
     | g79753                  | A ^ -> Y v  | INVX1    | 0.045 |   1.045 |    3.203 | 
     | g79726                  | B v -> Y ^  | NOR2X1   | 0.033 |   1.078 |    3.235 | 
     | g79692                  | B ^ -> Y v  | NAND2X1  | 0.026 |   1.104 |    3.261 | 
     | g79814                  | AN v -> Y v | NAND2BX1 | 0.025 |   1.129 |    3.286 | 
     | FE_OFC885_n_4           | A v -> Y ^  | INVX1    | 0.063 |   1.192 |    3.349 | 
     | FE_OFC1204_n_4          | A ^ -> Y v  | INVX1    | 0.128 |   1.319 |    3.477 | 
     | g79569                  | B v -> Y ^  | NOR2X1   | 0.128 |   1.447 |    3.604 | 
     | FE_OFC690_n_149         | A ^ -> Y ^  | BUFX2    | 0.116 |   1.563 |    3.721 | 
     | g79196                  | B ^ -> Y v  | NAND2X1  | 0.138 |   1.701 |    3.859 | 
     | line_buff_0_reg[180][0] | SE v        | SDFFQX1  | 0.001 |   1.702 |    3.859 | 
     +-------------------------------------------------------------------------------+ 
     Clock Rise Edge                      0.000
     + Source Insertion Delay            -0.257
     = Beginpoint Arrival Time           -0.257
     Other End Path:
     +-------------------------------------------------------------------------------+ 
     |        Instance         |    Arc     |   Cell    | Delay | Arrival | Required | 
     |                         |            |           |       |  Time   |   Time   | 
     |-------------------------+------------+-----------+-------+---------+----------| 
     |                         | clk ^      |           |       |  -0.257 |   -2.415 | 
     | CTS_ccl_a_buf_00160     | A ^ -> Y ^ | CLKBUFX20 | 0.180 |  -0.077 |   -2.235 | 
     | CTS_ccl_a_buf_00141     | A ^ -> Y ^ | CLKBUFX6  | 0.205 |   0.128 |   -2.030 | 
     | line_buff_0_reg[180][0] | CK ^       | SDFFQX1   | 0.001 |   0.129 |   -2.028 | 
     +-------------------------------------------------------------------------------+ 
Path 162: MET Setup Check with Pin line_buff_1_reg[180][4]/CK 
Endpoint:   line_buff_1_reg[180][4]/SE (v) checked with  leading edge of 'clk'
Beginpoint: i_href                     (^) triggered by  leading edge of 'clk'
Path Groups: {clk}
Analysis View: all
Other End Arrival Time          0.129
- Setup                         0.269
+ Phase Shift                   4.000
= Required Time                 3.859
- Arrival Time                  1.702
= Slack Time                    2.158
     Clock Rise Edge                      0.000
     + Input Delay                        1.000
     = Beginpoint Arrival Time            1.000
     Timing Path:
     +-------------------------------------------------------------------------------+ 
     |        Instance         |     Arc     |   Cell   | Delay | Arrival | Required | 
     |                         |             |          |       |  Time   |   Time   | 
     |-------------------------+-------------+----------+-------+---------+----------| 
     |                         | i_href ^    |          |       |   1.000 |    3.158 | 
     | g79753                  | A ^ -> Y v  | INVX1    | 0.045 |   1.045 |    3.203 | 
     | g79726                  | B v -> Y ^  | NOR2X1   | 0.033 |   1.078 |    3.235 | 
     | g79692                  | B ^ -> Y v  | NAND2X1  | 0.026 |   1.104 |    3.261 | 
     | g79814                  | AN v -> Y v | NAND2BX1 | 0.025 |   1.129 |    3.286 | 
     | FE_OFC885_n_4           | A v -> Y ^  | INVX1    | 0.063 |   1.192 |    3.349 | 
     | FE_OFC1204_n_4          | A ^ -> Y v  | INVX1    | 0.128 |   1.319 |    3.477 | 
     | g79569                  | B v -> Y ^  | NOR2X1   | 0.128 |   1.447 |    3.605 | 
     | FE_OFC690_n_149         | A ^ -> Y ^  | BUFX2    | 0.116 |   1.563 |    3.721 | 
     | g79196                  | B ^ -> Y v  | NAND2X1  | 0.138 |   1.701 |    3.859 | 
     | line_buff_1_reg[180][4] | SE v        | SDFFQX1  | 0.001 |   1.702 |    3.859 | 
     +-------------------------------------------------------------------------------+ 
     Clock Rise Edge                      0.000
     + Source Insertion Delay            -0.257
     = Beginpoint Arrival Time           -0.257
     Other End Path:
     +-------------------------------------------------------------------------------+ 
     |        Instance         |    Arc     |   Cell    | Delay | Arrival | Required | 
     |                         |            |           |       |  Time   |   Time   | 
     |-------------------------+------------+-----------+-------+---------+----------| 
     |                         | clk ^      |           |       |  -0.257 |   -2.415 | 
     | CTS_ccl_a_buf_00160     | A ^ -> Y ^ | CLKBUFX20 | 0.180 |  -0.077 |   -2.235 | 
     | CTS_ccl_a_buf_00141     | A ^ -> Y ^ | CLKBUFX6  | 0.205 |   0.128 |   -2.030 | 
     | line_buff_1_reg[180][4] | CK ^       | SDFFQX1   | 0.001 |   0.129 |   -2.029 | 
     +-------------------------------------------------------------------------------+ 
Path 163: MET Setup Check with Pin line_buff_1_reg[176][0]/CK 
Endpoint:   line_buff_1_reg[176][0]/SE (^) checked with  leading edge of 'clk'
Beginpoint: i_href                     (^) triggered by  leading edge of 'clk'
Path Groups: {clk}
Analysis View: all
Other End Arrival Time          0.133
- Setup                         0.286
+ Phase Shift                   4.000
= Required Time                 3.847
- Arrival Time                  1.689
= Slack Time                    2.158
     Clock Rise Edge                      0.000
     + Input Delay                        1.000
     = Beginpoint Arrival Time            1.000
     Timing Path:
     +-----------------------------------------------------------------------------+ 
     |        Instance         |    Arc     |  Cell   | Delay | Arrival | Required | 
     |                         |            |         |       |  Time   |   Time   | 
     |-------------------------+------------+---------+-------+---------+----------| 
     |                         | i_href ^   |         |       |   1.000 |    3.158 | 
     | g79753                  | A ^ -> Y v | INVX1   | 0.045 |   1.045 |    3.203 | 
     | g79726                  | B v -> Y ^ | NOR2X1  | 0.033 |   1.078 |    3.236 | 
     | g79692                  | B ^ -> Y v | NAND2X1 | 0.026 |   1.104 |    3.261 | 
     | g79649                  | B v -> Y ^ | NOR2X1  | 0.018 |   1.122 |    3.280 | 
     | FE_OFC560_n_97          | A ^ -> Y ^ | BUFX2   | 0.095 |   1.217 |    3.375 | 
     | g79575                  | B ^ -> Y v | NAND2X1 | 0.136 |   1.353 |    3.511 | 
     | FE_OFC800_n_139         | A v -> Y ^ | INVX1   | 0.080 |   1.433 |    3.591 | 
     | FE_OFC801_n_139         | A ^ -> Y v | INVX1   | 0.096 |   1.528 |    3.686 | 
     | g79432                  | B v -> Y ^ | NOR2X1  | 0.160 |   1.689 |    3.846 | 
     | line_buff_1_reg[176][0] | SE ^       | SDFFQX1 | 0.000 |   1.689 |    3.847 | 
     +-----------------------------------------------------------------------------+ 
     Clock Rise Edge                      0.000
     + Source Insertion Delay            -0.257
     = Beginpoint Arrival Time           -0.257
     Other End Path:
     +-------------------------------------------------------------------------------+ 
     |        Instance         |    Arc     |   Cell    | Delay | Arrival | Required | 
     |                         |            |           |       |  Time   |   Time   | 
     |-------------------------+------------+-----------+-------+---------+----------| 
     |                         | clk ^      |           |       |  -0.257 |   -2.415 | 
     | CTS_ccl_a_buf_00160     | A ^ -> Y ^ | CLKBUFX20 | 0.180 |  -0.077 |   -2.235 | 
     | CTS_ccl_a_buf_00142     | A ^ -> Y ^ | CLKBUFX6  | 0.208 |   0.131 |   -2.027 | 
     | line_buff_1_reg[176][0] | CK ^       | SDFFQX1   | 0.002 |   0.133 |   -2.024 | 
     +-------------------------------------------------------------------------------+ 
Path 164: MET Setup Check with Pin line_buff_0_reg[176][2]/CK 
Endpoint:   line_buff_0_reg[176][2]/SE (^) checked with  leading edge of 'clk'
Beginpoint: i_href                     (^) triggered by  leading edge of 'clk'
Path Groups: {clk}
Analysis View: all
Other End Arrival Time          0.133
- Setup                         0.286
+ Phase Shift                   4.000
= Required Time                 3.847
- Arrival Time                  1.689
= Slack Time                    2.158
     Clock Rise Edge                      0.000
     + Input Delay                        1.000
     = Beginpoint Arrival Time            1.000
     Timing Path:
     +-----------------------------------------------------------------------------+ 
     |        Instance         |    Arc     |  Cell   | Delay | Arrival | Required | 
     |                         |            |         |       |  Time   |   Time   | 
     |-------------------------+------------+---------+-------+---------+----------| 
     |                         | i_href ^   |         |       |   1.000 |    3.158 | 
     | g79753                  | A ^ -> Y v | INVX1   | 0.045 |   1.045 |    3.203 | 
     | g79726                  | B v -> Y ^ | NOR2X1  | 0.033 |   1.078 |    3.236 | 
     | g79692                  | B ^ -> Y v | NAND2X1 | 0.026 |   1.104 |    3.261 | 
     | g79649                  | B v -> Y ^ | NOR2X1  | 0.018 |   1.122 |    3.280 | 
     | FE_OFC560_n_97          | A ^ -> Y ^ | BUFX2   | 0.095 |   1.217 |    3.375 | 
     | g79575                  | B ^ -> Y v | NAND2X1 | 0.136 |   1.353 |    3.511 | 
     | FE_OFC800_n_139         | A v -> Y ^ | INVX1   | 0.080 |   1.433 |    3.591 | 
     | FE_OFC801_n_139         | A ^ -> Y v | INVX1   | 0.096 |   1.528 |    3.686 | 
     | g79432                  | B v -> Y ^ | NOR2X1  | 0.160 |   1.689 |    3.846 | 
     | line_buff_0_reg[176][2] | SE ^       | SDFFQX1 | 0.000 |   1.689 |    3.847 | 
     +-----------------------------------------------------------------------------+ 
     Clock Rise Edge                      0.000
     + Source Insertion Delay            -0.257
     = Beginpoint Arrival Time           -0.257
     Other End Path:
     +-------------------------------------------------------------------------------+ 
     |        Instance         |    Arc     |   Cell    | Delay | Arrival | Required | 
     |                         |            |           |       |  Time   |   Time   | 
     |-------------------------+------------+-----------+-------+---------+----------| 
     |                         | clk ^      |           |       |  -0.257 |   -2.415 | 
     | CTS_ccl_a_buf_00160     | A ^ -> Y ^ | CLKBUFX20 | 0.180 |  -0.077 |   -2.235 | 
     | CTS_ccl_a_buf_00142     | A ^ -> Y ^ | CLKBUFX6  | 0.208 |   0.131 |   -2.027 | 
     | line_buff_0_reg[176][2] | CK ^       | SDFFQX1   | 0.002 |   0.133 |   -2.024 | 
     +-------------------------------------------------------------------------------+ 
Path 165: MET Setup Check with Pin line_buff_1_reg[208][5]/CK 
Endpoint:   line_buff_1_reg[208][5]/SE (^) checked with  leading edge of 'clk'
Beginpoint: i_href                     (^) triggered by  leading edge of 'clk'
Path Groups: {clk}
Analysis View: all
Other End Arrival Time          0.134
- Setup                         0.287
+ Phase Shift                   4.000
= Required Time                 3.847
- Arrival Time                  1.690
= Slack Time                    2.158
     Clock Rise Edge                      0.000
     + Input Delay                        1.000
     = Beginpoint Arrival Time            1.000
     Timing Path:
     +-----------------------------------------------------------------------------+ 
     |        Instance         |    Arc     |  Cell   | Delay | Arrival | Required | 
     |                         |            |         |       |  Time   |   Time   | 
     |-------------------------+------------+---------+-------+---------+----------| 
     |                         | i_href ^   |         |       |   1.000 |    3.158 | 
     | g79753                  | A ^ -> Y v | INVX1   | 0.045 |   1.045 |    3.203 | 
     | g79726                  | B v -> Y ^ | NOR2X1  | 0.033 |   1.078 |    3.236 | 
     | g79692                  | B ^ -> Y v | NAND2X1 | 0.026 |   1.104 |    3.261 | 
     | g79649                  | B v -> Y ^ | NOR2X1  | 0.018 |   1.122 |    3.280 | 
     | FE_OFC560_n_97          | A ^ -> Y ^ | BUFX2   | 0.095 |   1.217 |    3.375 | 
     | g79575                  | B ^ -> Y v | NAND2X1 | 0.136 |   1.353 |    3.511 | 
     | FE_OFC800_n_139         | A v -> Y ^ | INVX1   | 0.080 |   1.433 |    3.591 | 
     | FE_OFC801_n_139         | A ^ -> Y v | INVX1   | 0.096 |   1.528 |    3.686 | 
     | g79433                  | B v -> Y ^ | NOR2X1  | 0.161 |   1.690 |    3.847 | 
     | line_buff_1_reg[208][5] | SE ^       | SDFFQX1 | 0.000 |   1.690 |    3.847 | 
     +-----------------------------------------------------------------------------+ 
     Clock Rise Edge                      0.000
     + Source Insertion Delay            -0.257
     = Beginpoint Arrival Time           -0.257
     Other End Path:
     +-------------------------------------------------------------------------------+ 
     |        Instance         |    Arc     |   Cell    | Delay | Arrival | Required | 
     |                         |            |           |       |  Time   |   Time   | 
     |-------------------------+------------+-----------+-------+---------+----------| 
     |                         | clk ^      |           |       |  -0.257 |   -2.415 | 
     | CTS_ccl_a_buf_00160     | A ^ -> Y ^ | CLKBUFX20 | 0.180 |  -0.077 |   -2.235 | 
     | CTS_ccl_a_buf_00112     | A ^ -> Y ^ | CLKBUFX6  | 0.210 |   0.133 |   -2.025 | 
     | line_buff_1_reg[208][5] | CK ^       | SDFFQX1   | 0.001 |   0.134 |   -2.024 | 
     +-------------------------------------------------------------------------------+ 
Path 166: MET Setup Check with Pin line_buff_1_reg[176][3]/CK 
Endpoint:   line_buff_1_reg[176][3]/SE (^) checked with  leading edge of 'clk'
Beginpoint: i_href                     (^) triggered by  leading edge of 'clk'
Path Groups: {clk}
Analysis View: all
Other End Arrival Time          0.134
- Setup                         0.286
+ Phase Shift                   4.000
= Required Time                 3.847
- Arrival Time                  1.689
= Slack Time                    2.158
     Clock Rise Edge                      0.000
     + Input Delay                        1.000
     = Beginpoint Arrival Time            1.000
     Timing Path:
     +-----------------------------------------------------------------------------+ 
     |        Instance         |    Arc     |  Cell   | Delay | Arrival | Required | 
     |                         |            |         |       |  Time   |   Time   | 
     |-------------------------+------------+---------+-------+---------+----------| 
     |                         | i_href ^   |         |       |   1.000 |    3.158 | 
     | g79753                  | A ^ -> Y v | INVX1   | 0.045 |   1.045 |    3.204 | 
     | g79726                  | B v -> Y ^ | NOR2X1  | 0.033 |   1.078 |    3.236 | 
     | g79692                  | B ^ -> Y v | NAND2X1 | 0.026 |   1.104 |    3.262 | 
     | g79649                  | B v -> Y ^ | NOR2X1  | 0.018 |   1.122 |    3.280 | 
     | FE_OFC560_n_97          | A ^ -> Y ^ | BUFX2   | 0.095 |   1.217 |    3.375 | 
     | g79575                  | B ^ -> Y v | NAND2X1 | 0.136 |   1.353 |    3.511 | 
     | FE_OFC800_n_139         | A v -> Y ^ | INVX1   | 0.080 |   1.433 |    3.591 | 
     | FE_OFC801_n_139         | A ^ -> Y v | INVX1   | 0.096 |   1.528 |    3.687 | 
     | g79432                  | B v -> Y ^ | NOR2X1  | 0.160 |   1.689 |    3.847 | 
     | line_buff_1_reg[176][3] | SE ^       | SDFFQX1 | 0.000 |   1.689 |    3.847 | 
     +-----------------------------------------------------------------------------+ 
     Clock Rise Edge                      0.000
     + Source Insertion Delay            -0.257
     = Beginpoint Arrival Time           -0.257
     Other End Path:
     +-------------------------------------------------------------------------------+ 
     |        Instance         |    Arc     |   Cell    | Delay | Arrival | Required | 
     |                         |            |           |       |  Time   |   Time   | 
     |-------------------------+------------+-----------+-------+---------+----------| 
     |                         | clk ^      |           |       |  -0.257 |   -2.416 | 
     | CTS_ccl_a_buf_00160     | A ^ -> Y ^ | CLKBUFX20 | 0.180 |  -0.077 |   -2.235 | 
     | CTS_ccl_a_buf_00142     | A ^ -> Y ^ | CLKBUFX6  | 0.208 |   0.131 |   -2.027 | 
     | line_buff_1_reg[176][3] | CK ^       | SDFFQX1   | 0.003 |   0.134 |   -2.025 | 
     +-------------------------------------------------------------------------------+ 
Path 167: MET Setup Check with Pin line_buff_0_reg[180][4]/CK 
Endpoint:   line_buff_0_reg[180][4]/SE (v) checked with  leading edge of 'clk'
Beginpoint: i_href                     (^) triggered by  leading edge of 'clk'
Path Groups: {clk}
Analysis View: all
Other End Arrival Time          0.130
- Setup                         0.269
+ Phase Shift                   4.000
= Required Time                 3.860
- Arrival Time                  1.702
= Slack Time                    2.158
     Clock Rise Edge                      0.000
     + Input Delay                        1.000
     = Beginpoint Arrival Time            1.000
     Timing Path:
     +-------------------------------------------------------------------------------+ 
     |        Instance         |     Arc     |   Cell   | Delay | Arrival | Required | 
     |                         |             |          |       |  Time   |   Time   | 
     |-------------------------+-------------+----------+-------+---------+----------| 
     |                         | i_href ^    |          |       |   1.000 |    3.158 | 
     | g79753                  | A ^ -> Y v  | INVX1    | 0.045 |   1.045 |    3.204 | 
     | g79726                  | B v -> Y ^  | NOR2X1   | 0.033 |   1.078 |    3.236 | 
     | g79692                  | B ^ -> Y v  | NAND2X1  | 0.026 |   1.104 |    3.262 | 
     | g79814                  | AN v -> Y v | NAND2BX1 | 0.025 |   1.129 |    3.287 | 
     | FE_OFC885_n_4           | A v -> Y ^  | INVX1    | 0.063 |   1.192 |    3.350 | 
     | FE_OFC1204_n_4          | A ^ -> Y v  | INVX1    | 0.128 |   1.319 |    3.478 | 
     | g79569                  | B v -> Y ^  | NOR2X1   | 0.128 |   1.447 |    3.605 | 
     | FE_OFC690_n_149         | A ^ -> Y ^  | BUFX2    | 0.116 |   1.563 |    3.722 | 
     | g79196                  | B ^ -> Y v  | NAND2X1  | 0.138 |   1.701 |    3.859 | 
     | line_buff_0_reg[180][4] | SE v        | SDFFQX1  | 0.001 |   1.702 |    3.860 | 
     +-------------------------------------------------------------------------------+ 
     Clock Rise Edge                      0.000
     + Source Insertion Delay            -0.257
     = Beginpoint Arrival Time           -0.257
     Other End Path:
     +-------------------------------------------------------------------------------+ 
     |        Instance         |    Arc     |   Cell    | Delay | Arrival | Required | 
     |                         |            |           |       |  Time   |   Time   | 
     |-------------------------+------------+-----------+-------+---------+----------| 
     |                         | clk ^      |           |       |  -0.257 |   -2.416 | 
     | CTS_ccl_a_buf_00160     | A ^ -> Y ^ | CLKBUFX20 | 0.180 |  -0.077 |   -2.235 | 
     | CTS_ccl_a_buf_00141     | A ^ -> Y ^ | CLKBUFX6  | 0.205 |   0.128 |   -2.031 | 
     | line_buff_0_reg[180][4] | CK ^       | SDFFQX1   | 0.002 |   0.130 |   -2.029 | 
     +-------------------------------------------------------------------------------+ 
Path 168: MET Setup Check with Pin line_buff_0_reg[208][1]/CK 
Endpoint:   line_buff_0_reg[208][1]/SE (^) checked with  leading edge of 'clk'
Beginpoint: i_href                     (^) triggered by  leading edge of 'clk'
Path Groups: {clk}
Analysis View: all
Other End Arrival Time          0.135
- Setup                         0.287
+ Phase Shift                   4.000
= Required Time                 3.848
- Arrival Time                  1.690
= Slack Time                    2.158
     Clock Rise Edge                      0.000
     + Input Delay                        1.000
     = Beginpoint Arrival Time            1.000
     Timing Path:
     +-----------------------------------------------------------------------------+ 
     |        Instance         |    Arc     |  Cell   | Delay | Arrival | Required | 
     |                         |            |         |       |  Time   |   Time   | 
     |-------------------------+------------+---------+-------+---------+----------| 
     |                         | i_href ^   |         |       |   1.000 |    3.158 | 
     | g79753                  | A ^ -> Y v | INVX1   | 0.045 |   1.045 |    3.204 | 
     | g79726                  | B v -> Y ^ | NOR2X1  | 0.033 |   1.078 |    3.236 | 
     | g79692                  | B ^ -> Y v | NAND2X1 | 0.026 |   1.104 |    3.262 | 
     | g79649                  | B v -> Y ^ | NOR2X1  | 0.018 |   1.122 |    3.280 | 
     | FE_OFC560_n_97          | A ^ -> Y ^ | BUFX2   | 0.095 |   1.217 |    3.375 | 
     | g79575                  | B ^ -> Y v | NAND2X1 | 0.136 |   1.353 |    3.511 | 
     | FE_OFC800_n_139         | A v -> Y ^ | INVX1   | 0.080 |   1.433 |    3.591 | 
     | FE_OFC801_n_139         | A ^ -> Y v | INVX1   | 0.096 |   1.528 |    3.687 | 
     | g79433                  | B v -> Y ^ | NOR2X1  | 0.161 |   1.690 |    3.848 | 
     | line_buff_0_reg[208][1] | SE ^       | SDFFQX1 | 0.000 |   1.690 |    3.848 | 
     +-----------------------------------------------------------------------------+ 
     Clock Rise Edge                      0.000
     + Source Insertion Delay            -0.257
     = Beginpoint Arrival Time           -0.257
     Other End Path:
     +-------------------------------------------------------------------------------+ 
     |        Instance         |    Arc     |   Cell    | Delay | Arrival | Required | 
     |                         |            |           |       |  Time   |   Time   | 
     |-------------------------+------------+-----------+-------+---------+----------| 
     |                         | clk ^      |           |       |  -0.257 |   -2.416 | 
     | CTS_ccl_a_buf_00160     | A ^ -> Y ^ | CLKBUFX20 | 0.180 |  -0.077 |   -2.236 | 
     | CTS_ccl_a_buf_00112     | A ^ -> Y ^ | CLKBUFX6  | 0.210 |   0.133 |   -2.025 | 
     | line_buff_0_reg[208][1] | CK ^       | SDFFQX1   | 0.002 |   0.135 |   -2.024 | 
     +-------------------------------------------------------------------------------+ 
Path 169: MET Setup Check with Pin line_buff_0_reg[180][5]/CK 
Endpoint:   line_buff_0_reg[180][5]/SE (v) checked with  leading edge of 'clk'
Beginpoint: i_href                     (^) triggered by  leading edge of 'clk'
Path Groups: {clk}
Analysis View: all
Other End Arrival Time          0.130
- Setup                         0.269
+ Phase Shift                   4.000
= Required Time                 3.860
- Arrival Time                  1.702
= Slack Time                    2.158
     Clock Rise Edge                      0.000
     + Input Delay                        1.000
     = Beginpoint Arrival Time            1.000
     Timing Path:
     +-------------------------------------------------------------------------------+ 
     |        Instance         |     Arc     |   Cell   | Delay | Arrival | Required | 
     |                         |             |          |       |  Time   |   Time   | 
     |-------------------------+-------------+----------+-------+---------+----------| 
     |                         | i_href ^    |          |       |   1.000 |    3.158 | 
     | g79753                  | A ^ -> Y v  | INVX1    | 0.045 |   1.045 |    3.204 | 
     | g79726                  | B v -> Y ^  | NOR2X1   | 0.033 |   1.078 |    3.236 | 
     | g79692                  | B ^ -> Y v  | NAND2X1  | 0.026 |   1.104 |    3.262 | 
     | g79814                  | AN v -> Y v | NAND2BX1 | 0.025 |   1.129 |    3.287 | 
     | FE_OFC885_n_4           | A v -> Y ^  | INVX1    | 0.063 |   1.192 |    3.350 | 
     | FE_OFC1204_n_4          | A ^ -> Y v  | INVX1    | 0.128 |   1.319 |    3.478 | 
     | g79569                  | B v -> Y ^  | NOR2X1   | 0.128 |   1.447 |    3.605 | 
     | FE_OFC690_n_149         | A ^ -> Y ^  | BUFX2    | 0.116 |   1.563 |    3.722 | 
     | g79196                  | B ^ -> Y v  | NAND2X1  | 0.138 |   1.701 |    3.860 | 
     | line_buff_0_reg[180][5] | SE v        | SDFFQX1  | 0.001 |   1.702 |    3.860 | 
     +-------------------------------------------------------------------------------+ 
     Clock Rise Edge                      0.000
     + Source Insertion Delay            -0.257
     = Beginpoint Arrival Time           -0.257
     Other End Path:
     +-------------------------------------------------------------------------------+ 
     |        Instance         |    Arc     |   Cell    | Delay | Arrival | Required | 
     |                         |            |           |       |  Time   |   Time   | 
     |-------------------------+------------+-----------+-------+---------+----------| 
     |                         | clk ^      |           |       |  -0.257 |   -2.416 | 
     | CTS_ccl_a_buf_00160     | A ^ -> Y ^ | CLKBUFX20 | 0.180 |  -0.077 |   -2.236 | 
     | CTS_ccl_a_buf_00141     | A ^ -> Y ^ | CLKBUFX6  | 0.205 |   0.128 |   -2.031 | 
     | line_buff_0_reg[180][5] | CK ^       | SDFFQX1   | 0.002 |   0.130 |   -2.029 | 
     +-------------------------------------------------------------------------------+ 
Path 170: MET Setup Check with Pin line_buff_0_reg[180][3]/CK 
Endpoint:   line_buff_0_reg[180][3]/SE (v) checked with  leading edge of 'clk'
Beginpoint: i_href                     (^) triggered by  leading edge of 'clk'
Path Groups: {clk}
Analysis View: all
Other End Arrival Time          0.130
- Setup                         0.269
+ Phase Shift                   4.000
= Required Time                 3.860
- Arrival Time                  1.702
= Slack Time                    2.158
     Clock Rise Edge                      0.000
     + Input Delay                        1.000
     = Beginpoint Arrival Time            1.000
     Timing Path:
     +-------------------------------------------------------------------------------+ 
     |        Instance         |     Arc     |   Cell   | Delay | Arrival | Required | 
     |                         |             |          |       |  Time   |   Time   | 
     |-------------------------+-------------+----------+-------+---------+----------| 
     |                         | i_href ^    |          |       |   1.000 |    3.158 | 
     | g79753                  | A ^ -> Y v  | INVX1    | 0.045 |   1.045 |    3.204 | 
     | g79726                  | B v -> Y ^  | NOR2X1   | 0.033 |   1.078 |    3.236 | 
     | g79692                  | B ^ -> Y v  | NAND2X1  | 0.026 |   1.104 |    3.262 | 
     | g79814                  | AN v -> Y v | NAND2BX1 | 0.025 |   1.129 |    3.287 | 
     | FE_OFC885_n_4           | A v -> Y ^  | INVX1    | 0.063 |   1.192 |    3.350 | 
     | FE_OFC1204_n_4          | A ^ -> Y v  | INVX1    | 0.128 |   1.319 |    3.478 | 
     | g79569                  | B v -> Y ^  | NOR2X1   | 0.128 |   1.447 |    3.605 | 
     | FE_OFC690_n_149         | A ^ -> Y ^  | BUFX2    | 0.116 |   1.563 |    3.722 | 
     | g79196                  | B ^ -> Y v  | NAND2X1  | 0.138 |   1.701 |    3.860 | 
     | line_buff_0_reg[180][3] | SE v        | SDFFQX1  | 0.001 |   1.702 |    3.860 | 
     +-------------------------------------------------------------------------------+ 
     Clock Rise Edge                      0.000
     + Source Insertion Delay            -0.257
     = Beginpoint Arrival Time           -0.257
     Other End Path:
     +-------------------------------------------------------------------------------+ 
     |        Instance         |    Arc     |   Cell    | Delay | Arrival | Required | 
     |                         |            |           |       |  Time   |   Time   | 
     |-------------------------+------------+-----------+-------+---------+----------| 
     |                         | clk ^      |           |       |  -0.257 |   -2.416 | 
     | CTS_ccl_a_buf_00160     | A ^ -> Y ^ | CLKBUFX20 | 0.180 |  -0.077 |   -2.236 | 
     | CTS_ccl_a_buf_00141     | A ^ -> Y ^ | CLKBUFX6  | 0.205 |   0.128 |   -2.031 | 
     | line_buff_0_reg[180][3] | CK ^       | SDFFQX1   | 0.002 |   0.130 |   -2.029 | 
     +-------------------------------------------------------------------------------+ 
Path 171: MET Setup Check with Pin line_buff_0_reg[554][1]/CK 
Endpoint:   line_buff_0_reg[554][1]/SE (^) checked with  leading edge of 'clk'
Beginpoint: i_href                     (^) triggered by  leading edge of 'clk'
Path Groups: {clk}
Analysis View: all
Other End Arrival Time          0.125
- Setup                         0.281
+ Phase Shift                   4.000
= Required Time                 3.845
- Arrival Time                  1.686
= Slack Time                    2.159
     Clock Rise Edge                      0.000
     + Input Delay                        1.000
     = Beginpoint Arrival Time            1.000
     Timing Path:
     +-----------------------------------------------------------------------------+ 
     |        Instance         |    Arc     |  Cell   | Delay | Arrival | Required | 
     |                         |            |         |       |  Time   |   Time   | 
     |-------------------------+------------+---------+-------+---------+----------| 
     |                         | i_href ^   |         |       |   1.000 |    3.159 | 
     | g79753                  | A ^ -> Y v | INVX1   | 0.045 |   1.045 |    3.204 | 
     | g79726                  | B v -> Y ^ | NOR2X1  | 0.033 |   1.078 |    3.237 | 
     | g79667                  | B ^ -> Y v | NAND2X1 | 0.028 |   1.106 |    3.265 | 
     | g79647                  | B v -> Y ^ | NOR2X1  | 0.017 |   1.123 |    3.282 | 
     | FE_OFC562_n_99          | A ^ -> Y ^ | BUFX2   | 0.095 |   1.218 |    3.377 | 
     | g79584                  | B ^ -> Y v | NAND2X1 | 0.150 |   1.367 |    3.526 | 
     | FE_OFC855_n_121         | A v -> Y ^ | INVX1   | 0.065 |   1.433 |    3.591 | 
     | FE_OFC856_n_121         | A ^ -> Y v | INVX1   | 0.094 |   1.526 |    3.685 | 
     | g79092                  | B v -> Y ^ | NOR2X1  | 0.159 |   1.685 |    3.844 | 
     | line_buff_0_reg[554][1] | SE ^       | SDFFQX1 | 0.001 |   1.686 |    3.845 | 
     +-----------------------------------------------------------------------------+ 
     Clock Rise Edge                      0.000
     + Source Insertion Delay            -0.257
     = Beginpoint Arrival Time           -0.257
     Other End Path:
     +-------------------------------------------------------------------------------+ 
     |        Instance         |    Arc     |   Cell    | Delay | Arrival | Required | 
     |                         |            |           |       |  Time   |   Time   | 
     |-------------------------+------------+-----------+-------+---------+----------| 
     |                         | clk ^      |           |       |  -0.257 |   -2.416 | 
     | CTS_ccl_a_buf_00159     | A ^ -> Y ^ | CLKBUFX20 | 0.176 |  -0.082 |   -2.241 | 
     | CTS_ccl_a_buf_00097     | A ^ -> Y ^ | CLKBUFX6  | 0.202 |   0.120 |   -2.039 | 
     | line_buff_0_reg[554][1] | CK ^       | SDFFQX1   | 0.005 |   0.125 |   -2.034 | 
     +-------------------------------------------------------------------------------+ 
Path 172: MET Setup Check with Pin line_buff_0_reg[554][0]/CK 
Endpoint:   line_buff_0_reg[554][0]/SE (^) checked with  leading edge of 'clk'
Beginpoint: i_href                     (^) triggered by  leading edge of 'clk'
Path Groups: {clk}
Analysis View: all
Other End Arrival Time          0.125
- Setup                         0.281
+ Phase Shift                   4.000
= Required Time                 3.845
- Arrival Time                  1.686
= Slack Time                    2.159
     Clock Rise Edge                      0.000
     + Input Delay                        1.000
     = Beginpoint Arrival Time            1.000
     Timing Path:
     +-----------------------------------------------------------------------------+ 
     |        Instance         |    Arc     |  Cell   | Delay | Arrival | Required | 
     |                         |            |         |       |  Time   |   Time   | 
     |-------------------------+------------+---------+-------+---------+----------| 
     |                         | i_href ^   |         |       |   1.000 |    3.159 | 
     | g79753                  | A ^ -> Y v | INVX1   | 0.045 |   1.045 |    3.204 | 
     | g79726                  | B v -> Y ^ | NOR2X1  | 0.033 |   1.078 |    3.237 | 
     | g79667                  | B ^ -> Y v | NAND2X1 | 0.028 |   1.106 |    3.265 | 
     | g79647                  | B v -> Y ^ | NOR2X1  | 0.017 |   1.123 |    3.282 | 
     | FE_OFC562_n_99          | A ^ -> Y ^ | BUFX2   | 0.095 |   1.218 |    3.377 | 
     | g79584                  | B ^ -> Y v | NAND2X1 | 0.150 |   1.367 |    3.526 | 
     | FE_OFC855_n_121         | A v -> Y ^ | INVX1   | 0.065 |   1.433 |    3.591 | 
     | FE_OFC856_n_121         | A ^ -> Y v | INVX1   | 0.094 |   1.526 |    3.685 | 
     | g79092                  | B v -> Y ^ | NOR2X1  | 0.159 |   1.685 |    3.844 | 
     | line_buff_0_reg[554][0] | SE ^       | SDFFQX1 | 0.001 |   1.686 |    3.845 | 
     +-----------------------------------------------------------------------------+ 
     Clock Rise Edge                      0.000
     + Source Insertion Delay            -0.257
     = Beginpoint Arrival Time           -0.257
     Other End Path:
     +-------------------------------------------------------------------------------+ 
     |        Instance         |    Arc     |   Cell    | Delay | Arrival | Required | 
     |                         |            |           |       |  Time   |   Time   | 
     |-------------------------+------------+-----------+-------+---------+----------| 
     |                         | clk ^      |           |       |  -0.257 |   -2.416 | 
     | CTS_ccl_a_buf_00159     | A ^ -> Y ^ | CLKBUFX20 | 0.176 |  -0.082 |   -2.241 | 
     | CTS_ccl_a_buf_00097     | A ^ -> Y ^ | CLKBUFX6  | 0.202 |   0.120 |   -2.039 | 
     | line_buff_0_reg[554][0] | CK ^       | SDFFQX1   | 0.005 |   0.125 |   -2.034 | 
     +-------------------------------------------------------------------------------+ 
Path 173: MET Setup Check with Pin line_buff_1_reg[554][0]/CK 
Endpoint:   line_buff_1_reg[554][0]/SE (^) checked with  leading edge of 'clk'
Beginpoint: i_href                     (^) triggered by  leading edge of 'clk'
Path Groups: {clk}
Analysis View: all
Other End Arrival Time          0.125
- Setup                         0.281
+ Phase Shift                   4.000
= Required Time                 3.845
- Arrival Time                  1.686
= Slack Time                    2.159
     Clock Rise Edge                      0.000
     + Input Delay                        1.000
     = Beginpoint Arrival Time            1.000
     Timing Path:
     +-----------------------------------------------------------------------------+ 
     |        Instance         |    Arc     |  Cell   | Delay | Arrival | Required | 
     |                         |            |         |       |  Time   |   Time   | 
     |-------------------------+------------+---------+-------+---------+----------| 
     |                         | i_href ^   |         |       |   1.000 |    3.159 | 
     | g79753                  | A ^ -> Y v | INVX1   | 0.045 |   1.045 |    3.204 | 
     | g79726                  | B v -> Y ^ | NOR2X1  | 0.033 |   1.078 |    3.237 | 
     | g79667                  | B ^ -> Y v | NAND2X1 | 0.028 |   1.106 |    3.265 | 
     | g79647                  | B v -> Y ^ | NOR2X1  | 0.017 |   1.123 |    3.282 | 
     | FE_OFC562_n_99          | A ^ -> Y ^ | BUFX2   | 0.095 |   1.218 |    3.377 | 
     | g79584                  | B ^ -> Y v | NAND2X1 | 0.150 |   1.367 |    3.526 | 
     | FE_OFC855_n_121         | A v -> Y ^ | INVX1   | 0.065 |   1.432 |    3.591 | 
     | FE_OFC856_n_121         | A ^ -> Y v | INVX1   | 0.094 |   1.526 |    3.685 | 
     | g79092                  | B v -> Y ^ | NOR2X1  | 0.159 |   1.685 |    3.844 | 
     | line_buff_1_reg[554][0] | SE ^       | SDFFQX1 | 0.001 |   1.686 |    3.845 | 
     +-----------------------------------------------------------------------------+ 
     Clock Rise Edge                      0.000
     + Source Insertion Delay            -0.257
     = Beginpoint Arrival Time           -0.257
     Other End Path:
     +-------------------------------------------------------------------------------+ 
     |        Instance         |    Arc     |   Cell    | Delay | Arrival | Required | 
     |                         |            |           |       |  Time   |   Time   | 
     |-------------------------+------------+-----------+-------+---------+----------| 
     |                         | clk ^      |           |       |  -0.257 |   -2.416 | 
     | CTS_ccl_a_buf_00159     | A ^ -> Y ^ | CLKBUFX20 | 0.176 |  -0.082 |   -2.241 | 
     | CTS_ccl_a_buf_00097     | A ^ -> Y ^ | CLKBUFX6  | 0.202 |   0.120 |   -2.039 | 
     | line_buff_1_reg[554][0] | CK ^       | SDFFQX1   | 0.005 |   0.125 |   -2.034 | 
     +-------------------------------------------------------------------------------+ 
Path 174: MET Setup Check with Pin line_buff_0_reg[554][4]/CK 
Endpoint:   line_buff_0_reg[554][4]/SE (^) checked with  leading edge of 'clk'
Beginpoint: i_href                     (^) triggered by  leading edge of 'clk'
Path Groups: {clk}
Analysis View: all
Other End Arrival Time          0.125
- Setup                         0.281
+ Phase Shift                   4.000
= Required Time                 3.845
- Arrival Time                  1.686
= Slack Time                    2.159
     Clock Rise Edge                      0.000
     + Input Delay                        1.000
     = Beginpoint Arrival Time            1.000
     Timing Path:
     +-----------------------------------------------------------------------------+ 
     |        Instance         |    Arc     |  Cell   | Delay | Arrival | Required | 
     |                         |            |         |       |  Time   |   Time   | 
     |-------------------------+------------+---------+-------+---------+----------| 
     |                         | i_href ^   |         |       |   1.000 |    3.159 | 
     | g79753                  | A ^ -> Y v | INVX1   | 0.045 |   1.045 |    3.204 | 
     | g79726                  | B v -> Y ^ | NOR2X1  | 0.033 |   1.078 |    3.237 | 
     | g79667                  | B ^ -> Y v | NAND2X1 | 0.028 |   1.106 |    3.265 | 
     | g79647                  | B v -> Y ^ | NOR2X1  | 0.017 |   1.123 |    3.282 | 
     | FE_OFC562_n_99          | A ^ -> Y ^ | BUFX2   | 0.095 |   1.218 |    3.377 | 
     | g79584                  | B ^ -> Y v | NAND2X1 | 0.150 |   1.367 |    3.526 | 
     | FE_OFC855_n_121         | A v -> Y ^ | INVX1   | 0.065 |   1.432 |    3.592 | 
     | FE_OFC856_n_121         | A ^ -> Y v | INVX1   | 0.094 |   1.526 |    3.685 | 
     | g79092                  | B v -> Y ^ | NOR2X1  | 0.159 |   1.685 |    3.844 | 
     | line_buff_0_reg[554][4] | SE ^       | SDFFQX1 | 0.001 |   1.686 |    3.845 | 
     +-----------------------------------------------------------------------------+ 
     Clock Rise Edge                      0.000
     + Source Insertion Delay            -0.257
     = Beginpoint Arrival Time           -0.257
     Other End Path:
     +-------------------------------------------------------------------------------+ 
     |        Instance         |    Arc     |   Cell    | Delay | Arrival | Required | 
     |                         |            |           |       |  Time   |   Time   | 
     |-------------------------+------------+-----------+-------+---------+----------| 
     |                         | clk ^      |           |       |  -0.257 |   -2.417 | 
     | CTS_ccl_a_buf_00159     | A ^ -> Y ^ | CLKBUFX20 | 0.176 |  -0.082 |   -2.241 | 
     | CTS_ccl_a_buf_00097     | A ^ -> Y ^ | CLKBUFX6  | 0.202 |   0.120 |   -2.039 | 
     | line_buff_0_reg[554][4] | CK ^       | SDFFQX1   | 0.005 |   0.125 |   -2.034 | 
     +-------------------------------------------------------------------------------+ 
Path 175: MET Setup Check with Pin line_buff_0_reg[554][2]/CK 
Endpoint:   line_buff_0_reg[554][2]/SE (^) checked with  leading edge of 'clk'
Beginpoint: i_href                     (^) triggered by  leading edge of 'clk'
Path Groups: {clk}
Analysis View: all
Other End Arrival Time          0.125
- Setup                         0.281
+ Phase Shift                   4.000
= Required Time                 3.845
- Arrival Time                  1.686
= Slack Time                    2.159
     Clock Rise Edge                      0.000
     + Input Delay                        1.000
     = Beginpoint Arrival Time            1.000
     Timing Path:
     +-----------------------------------------------------------------------------+ 
     |        Instance         |    Arc     |  Cell   | Delay | Arrival | Required | 
     |                         |            |         |       |  Time   |   Time   | 
     |-------------------------+------------+---------+-------+---------+----------| 
     |                         | i_href ^   |         |       |   1.000 |    3.159 | 
     | g79753                  | A ^ -> Y v | INVX1   | 0.045 |   1.045 |    3.204 | 
     | g79726                  | B v -> Y ^ | NOR2X1  | 0.033 |   1.078 |    3.237 | 
     | g79667                  | B ^ -> Y v | NAND2X1 | 0.028 |   1.106 |    3.265 | 
     | g79647                  | B v -> Y ^ | NOR2X1  | 0.017 |   1.123 |    3.282 | 
     | FE_OFC562_n_99          | A ^ -> Y ^ | BUFX2   | 0.095 |   1.218 |    3.377 | 
     | g79584                  | B ^ -> Y v | NAND2X1 | 0.150 |   1.367 |    3.526 | 
     | FE_OFC855_n_121         | A v -> Y ^ | INVX1   | 0.065 |   1.432 |    3.592 | 
     | FE_OFC856_n_121         | A ^ -> Y v | INVX1   | 0.094 |   1.526 |    3.685 | 
     | g79092                  | B v -> Y ^ | NOR2X1  | 0.159 |   1.685 |    3.844 | 
     | line_buff_0_reg[554][2] | SE ^       | SDFFQX1 | 0.001 |   1.686 |    3.845 | 
     +-----------------------------------------------------------------------------+ 
     Clock Rise Edge                      0.000
     + Source Insertion Delay            -0.257
     = Beginpoint Arrival Time           -0.257
     Other End Path:
     +-------------------------------------------------------------------------------+ 
     |        Instance         |    Arc     |   Cell    | Delay | Arrival | Required | 
     |                         |            |           |       |  Time   |   Time   | 
     |-------------------------+------------+-----------+-------+---------+----------| 
     |                         | clk ^      |           |       |  -0.257 |   -2.417 | 
     | CTS_ccl_a_buf_00159     | A ^ -> Y ^ | CLKBUFX20 | 0.176 |  -0.082 |   -2.241 | 
     | CTS_ccl_a_buf_00097     | A ^ -> Y ^ | CLKBUFX6  | 0.202 |   0.120 |   -2.039 | 
     | line_buff_0_reg[554][2] | CK ^       | SDFFQX1   | 0.005 |   0.125 |   -2.034 | 
     +-------------------------------------------------------------------------------+ 
Path 176: MET Setup Check with Pin line_buff_0_reg[554][5]/CK 
Endpoint:   line_buff_0_reg[554][5]/SE (^) checked with  leading edge of 'clk'
Beginpoint: i_href                     (^) triggered by  leading edge of 'clk'
Path Groups: {clk}
Analysis View: all
Other End Arrival Time          0.125
- Setup                         0.281
+ Phase Shift                   4.000
= Required Time                 3.845
- Arrival Time                  1.686
= Slack Time                    2.159
     Clock Rise Edge                      0.000
     + Input Delay                        1.000
     = Beginpoint Arrival Time            1.000
     Timing Path:
     +-----------------------------------------------------------------------------+ 
     |        Instance         |    Arc     |  Cell   | Delay | Arrival | Required | 
     |                         |            |         |       |  Time   |   Time   | 
     |-------------------------+------------+---------+-------+---------+----------| 
     |                         | i_href ^   |         |       |   1.000 |    3.159 | 
     | g79753                  | A ^ -> Y v | INVX1   | 0.045 |   1.045 |    3.204 | 
     | g79726                  | B v -> Y ^ | NOR2X1  | 0.033 |   1.078 |    3.237 | 
     | g79667                  | B ^ -> Y v | NAND2X1 | 0.028 |   1.106 |    3.265 | 
     | g79647                  | B v -> Y ^ | NOR2X1  | 0.017 |   1.123 |    3.282 | 
     | FE_OFC562_n_99          | A ^ -> Y ^ | BUFX2   | 0.095 |   1.218 |    3.377 | 
     | g79584                  | B ^ -> Y v | NAND2X1 | 0.150 |   1.367 |    3.526 | 
     | FE_OFC855_n_121         | A v -> Y ^ | INVX1   | 0.065 |   1.433 |    3.592 | 
     | FE_OFC856_n_121         | A ^ -> Y v | INVX1   | 0.094 |   1.526 |    3.685 | 
     | g79092                  | B v -> Y ^ | NOR2X1  | 0.159 |   1.685 |    3.844 | 
     | line_buff_0_reg[554][5] | SE ^       | SDFFQX1 | 0.001 |   1.686 |    3.845 | 
     +-----------------------------------------------------------------------------+ 
     Clock Rise Edge                      0.000
     + Source Insertion Delay            -0.257
     = Beginpoint Arrival Time           -0.257
     Other End Path:
     +-------------------------------------------------------------------------------+ 
     |        Instance         |    Arc     |   Cell    | Delay | Arrival | Required | 
     |                         |            |           |       |  Time   |   Time   | 
     |-------------------------+------------+-----------+-------+---------+----------| 
     |                         | clk ^      |           |       |  -0.257 |   -2.417 | 
     | CTS_ccl_a_buf_00159     | A ^ -> Y ^ | CLKBUFX20 | 0.176 |  -0.082 |   -2.241 | 
     | CTS_ccl_a_buf_00097     | A ^ -> Y ^ | CLKBUFX6  | 0.202 |   0.120 |   -2.039 | 
     | line_buff_0_reg[554][5] | CK ^       | SDFFQX1   | 0.005 |   0.125 |   -2.034 | 
     +-------------------------------------------------------------------------------+ 
Path 177: MET Setup Check with Pin line_buff_1_reg[554][5]/CK 
Endpoint:   line_buff_1_reg[554][5]/SE (^) checked with  leading edge of 'clk'
Beginpoint: i_href                     (^) triggered by  leading edge of 'clk'
Path Groups: {clk}
Analysis View: all
Other End Arrival Time          0.126
- Setup                         0.281
+ Phase Shift                   4.000
= Required Time                 3.845
- Arrival Time                  1.686
= Slack Time                    2.159
     Clock Rise Edge                      0.000
     + Input Delay                        1.000
     = Beginpoint Arrival Time            1.000
     Timing Path:
     +-----------------------------------------------------------------------------+ 
     |        Instance         |    Arc     |  Cell   | Delay | Arrival | Required | 
     |                         |            |         |       |  Time   |   Time   | 
     |-------------------------+------------+---------+-------+---------+----------| 
     |                         | i_href ^   |         |       |   1.000 |    3.159 | 
     | g79753                  | A ^ -> Y v | INVX1   | 0.045 |   1.045 |    3.205 | 
     | g79726                  | B v -> Y ^ | NOR2X1  | 0.033 |   1.078 |    3.237 | 
     | g79667                  | B ^ -> Y v | NAND2X1 | 0.028 |   1.106 |    3.265 | 
     | g79647                  | B v -> Y ^ | NOR2X1  | 0.017 |   1.123 |    3.282 | 
     | FE_OFC562_n_99          | A ^ -> Y ^ | BUFX2   | 0.095 |   1.218 |    3.377 | 
     | g79584                  | B ^ -> Y v | NAND2X1 | 0.150 |   1.367 |    3.526 | 
     | FE_OFC855_n_121         | A v -> Y ^ | INVX1   | 0.065 |   1.433 |    3.592 | 
     | FE_OFC856_n_121         | A ^ -> Y v | INVX1   | 0.094 |   1.526 |    3.685 | 
     | g79092                  | B v -> Y ^ | NOR2X1  | 0.159 |   1.685 |    3.844 | 
     | line_buff_1_reg[554][5] | SE ^       | SDFFQX1 | 0.001 |   1.686 |    3.845 | 
     +-----------------------------------------------------------------------------+ 
     Clock Rise Edge                      0.000
     + Source Insertion Delay            -0.257
     = Beginpoint Arrival Time           -0.257
     Other End Path:
     +-------------------------------------------------------------------------------+ 
     |        Instance         |    Arc     |   Cell    | Delay | Arrival | Required | 
     |                         |            |           |       |  Time   |   Time   | 
     |-------------------------+------------+-----------+-------+---------+----------| 
     |                         | clk ^      |           |       |  -0.257 |   -2.417 | 
     | CTS_ccl_a_buf_00159     | A ^ -> Y ^ | CLKBUFX20 | 0.176 |  -0.082 |   -2.241 | 
     | CTS_ccl_a_buf_00097     | A ^ -> Y ^ | CLKBUFX6  | 0.202 |   0.120 |   -2.039 | 
     | line_buff_1_reg[554][5] | CK ^       | SDFFQX1   | 0.005 |   0.126 |   -2.034 | 
     +-------------------------------------------------------------------------------+ 
Path 178: MET Setup Check with Pin line_buff_1_reg[24][4]/CK 
Endpoint:   line_buff_1_reg[24][4]/SE (^) checked with  leading edge of 'clk'
Beginpoint: i_href                    (^) triggered by  leading edge of 'clk'
Path Groups: {clk}
Analysis View: all
Other End Arrival Time          0.128
- Setup                         0.285
+ Phase Shift                   4.000
= Required Time                 3.843
- Arrival Time                  1.683
= Slack Time                    2.160
     Clock Rise Edge                      0.000
     + Input Delay                        1.000
     = Beginpoint Arrival Time            1.000
     Timing Path:
     +----------------------------------------------------------------------------+ 
     |        Instance        |    Arc     |  Cell   | Delay | Arrival | Required | 
     |                        |            |         |       |  Time   |   Time   | 
     |------------------------+------------+---------+-------+---------+----------| 
     |                        | i_href ^   |         |       |   1.000 |    3.160 | 
     | g79753                 | A ^ -> Y v | INVX1   | 0.045 |   1.045 |    3.206 | 
     | g79726                 | B v -> Y ^ | NOR2X1  | 0.033 |   1.078 |    3.238 | 
     | g79692                 | B ^ -> Y v | NAND2X1 | 0.026 |   1.104 |    3.264 | 
     | g79649                 | B v -> Y ^ | NOR2X1  | 0.018 |   1.122 |    3.282 | 
     | FE_OFC560_n_97         | A ^ -> Y ^ | BUFX2   | 0.095 |   1.217 |    3.377 | 
     | g79526                 | B ^ -> Y v | NAND2X1 | 0.140 |   1.356 |    3.516 | 
     | FE_OFC828_n_173        | A v -> Y ^ | INVXL   | 0.077 |   1.433 |    3.593 | 
     | FE_OFC829_n_173        | A ^ -> Y v | INVX1   | 0.091 |   1.524 |    3.684 | 
     | g78837                 | B v -> Y ^ | NOR2X1  | 0.158 |   1.682 |    3.842 | 
     | line_buff_1_reg[24][4] | SE ^       | SDFFQX1 | 0.001 |   1.683 |    3.843 | 
     +----------------------------------------------------------------------------+ 
     Clock Rise Edge                      0.000
     + Source Insertion Delay            -0.257
     = Beginpoint Arrival Time           -0.257
     Other End Path:
     +------------------------------------------------------------------------------+ 
     |        Instance        |    Arc     |   Cell    | Delay | Arrival | Required | 
     |                        |            |           |       |  Time   |   Time   | 
     |------------------------+------------+-----------+-------+---------+----------| 
     |                        | clk ^      |           |       |  -0.257 |   -2.418 | 
     | CTS_ccl_a_buf_00160    | A ^ -> Y ^ | CLKBUFX20 | 0.180 |  -0.077 |   -2.237 | 
     | CTS_ccl_a_buf_00155    | A ^ -> Y ^ | CLKBUFX6  | 0.205 |   0.127 |   -2.033 | 
     | line_buff_1_reg[24][4] | CK ^       | SDFFQX1   | 0.001 |   0.128 |   -2.032 | 
     +------------------------------------------------------------------------------+ 
Path 179: MET Setup Check with Pin line_buff_0_reg[24][4]/CK 
Endpoint:   line_buff_0_reg[24][4]/SE (^) checked with  leading edge of 'clk'
Beginpoint: i_href                    (^) triggered by  leading edge of 'clk'
Path Groups: {clk}
Analysis View: all
Other End Arrival Time          0.128
- Setup                         0.285
+ Phase Shift                   4.000
= Required Time                 3.843
- Arrival Time                  1.683
= Slack Time                    2.160
     Clock Rise Edge                      0.000
     + Input Delay                        1.000
     = Beginpoint Arrival Time            1.000
     Timing Path:
     +----------------------------------------------------------------------------+ 
     |        Instance        |    Arc     |  Cell   | Delay | Arrival | Required | 
     |                        |            |         |       |  Time   |   Time   | 
     |------------------------+------------+---------+-------+---------+----------| 
     |                        | i_href ^   |         |       |   1.000 |    3.160 | 
     | g79753                 | A ^ -> Y v | INVX1   | 0.045 |   1.045 |    3.206 | 
     | g79726                 | B v -> Y ^ | NOR2X1  | 0.033 |   1.078 |    3.238 | 
     | g79692                 | B ^ -> Y v | NAND2X1 | 0.026 |   1.104 |    3.264 | 
     | g79649                 | B v -> Y ^ | NOR2X1  | 0.018 |   1.122 |    3.282 | 
     | FE_OFC560_n_97         | A ^ -> Y ^ | BUFX2   | 0.095 |   1.217 |    3.377 | 
     | g79526                 | B ^ -> Y v | NAND2X1 | 0.140 |   1.356 |    3.516 | 
     | FE_OFC828_n_173        | A v -> Y ^ | INVXL   | 0.077 |   1.433 |    3.593 | 
     | FE_OFC829_n_173        | A ^ -> Y v | INVX1   | 0.091 |   1.524 |    3.684 | 
     | g78837                 | B v -> Y ^ | NOR2X1  | 0.158 |   1.682 |    3.842 | 
     | line_buff_0_reg[24][4] | SE ^       | SDFFQX1 | 0.001 |   1.683 |    3.843 | 
     +----------------------------------------------------------------------------+ 
     Clock Rise Edge                      0.000
     + Source Insertion Delay            -0.257
     = Beginpoint Arrival Time           -0.257
     Other End Path:
     +------------------------------------------------------------------------------+ 
     |        Instance        |    Arc     |   Cell    | Delay | Arrival | Required | 
     |                        |            |           |       |  Time   |   Time   | 
     |------------------------+------------+-----------+-------+---------+----------| 
     |                        | clk ^      |           |       |  -0.257 |   -2.418 | 
     | CTS_ccl_a_buf_00160    | A ^ -> Y ^ | CLKBUFX20 | 0.180 |  -0.077 |   -2.237 | 
     | CTS_ccl_a_buf_00155    | A ^ -> Y ^ | CLKBUFX6  | 0.205 |   0.127 |   -2.033 | 
     | line_buff_0_reg[24][4] | CK ^       | SDFFQX1   | 0.001 |   0.128 |   -2.032 | 
     +------------------------------------------------------------------------------+ 
Path 180: MET Setup Check with Pin line_buff_1_reg[89][3]/CK 
Endpoint:   line_buff_1_reg[89][3]/SE (^) checked with  leading edge of 'clk'
Beginpoint: i_href                    (^) triggered by  leading edge of 'clk'
Path Groups: {clk}
Analysis View: all
Other End Arrival Time          0.133
- Setup                         0.282
+ Phase Shift                   4.000
= Required Time                 3.851
- Arrival Time                  1.690
= Slack Time                    2.160
     Clock Rise Edge                      0.000
     + Input Delay                        1.000
     = Beginpoint Arrival Time            1.000
     Timing Path:
     +----------------------------------------------------------------------------+ 
     |        Instance        |    Arc     |  Cell   | Delay | Arrival | Required | 
     |                        |            |         |       |  Time   |   Time   | 
     |------------------------+------------+---------+-------+---------+----------| 
     |                        | i_href ^   |         |       |   1.000 |    3.160 | 
     | g79753                 | A ^ -> Y v | INVX1   | 0.045 |   1.045 |    3.206 | 
     | g79110                 | C v -> Y ^ | NOR3X1  | 0.023 |   1.069 |    3.229 | 
     | FE_OFC1106_n_585       | A ^ -> Y v | INVX1   | 0.053 |   1.121 |    3.281 | 
     | FE_OFC1107_n_585       | A v -> Y ^ | INVX1   | 0.116 |   1.237 |    3.398 | 
     | g78678                 | B ^ -> Y v | NAND2X1 | 0.139 |   1.377 |    3.537 | 
     | FE_OFC871_n_1029       | A v -> Y ^ | INVX1   | 0.062 |   1.439 |    3.599 | 
     | FE_OFC872_n_1029       | A ^ -> Y v | INVX1   | 0.093 |   1.532 |    3.692 | 
     | g78387                 | B v -> Y ^ | NOR2X1  | 0.158 |   1.690 |    3.850 | 
     | line_buff_1_reg[89][3] | SE ^       | SDFFQX1 | 0.001 |   1.690 |    3.851 | 
     +----------------------------------------------------------------------------+ 
     Clock Rise Edge                      0.000
     + Source Insertion Delay            -0.257
     = Beginpoint Arrival Time           -0.257
     Other End Path:
     +------------------------------------------------------------------------------+ 
     |        Instance        |    Arc     |   Cell    | Delay | Arrival | Required | 
     |                        |            |           |       |  Time   |   Time   | 
     |------------------------+------------+-----------+-------+---------+----------| 
     |                        | clk ^      |           |       |  -0.257 |   -2.418 | 
     | CTS_ccl_a_buf_00160    | A ^ -> Y ^ | CLKBUFX20 | 0.180 |  -0.077 |   -2.237 | 
     | CTS_ccl_a_buf_00149    | A ^ -> Y ^ | CLKBUFX6  | 0.208 |   0.131 |   -2.029 | 
     | line_buff_1_reg[89][3] | CK ^       | SDFFQX1   | 0.001 |   0.133 |   -2.028 | 
     +------------------------------------------------------------------------------+ 
Path 181: MET Setup Check with Pin line_buff_1_reg[24][5]/CK 
Endpoint:   line_buff_1_reg[24][5]/SE (^) checked with  leading edge of 'clk'
Beginpoint: i_href                    (^) triggered by  leading edge of 'clk'
Path Groups: {clk}
Analysis View: all
Other End Arrival Time          0.128
- Setup                         0.285
+ Phase Shift                   4.000
= Required Time                 3.843
- Arrival Time                  1.683
= Slack Time                    2.160
     Clock Rise Edge                      0.000
     + Input Delay                        1.000
     = Beginpoint Arrival Time            1.000
     Timing Path:
     +----------------------------------------------------------------------------+ 
     |        Instance        |    Arc     |  Cell   | Delay | Arrival | Required | 
     |                        |            |         |       |  Time   |   Time   | 
     |------------------------+------------+---------+-------+---------+----------| 
     |                        | i_href ^   |         |       |   1.000 |    3.160 | 
     | g79753                 | A ^ -> Y v | INVX1   | 0.045 |   1.045 |    3.206 | 
     | g79726                 | B v -> Y ^ | NOR2X1  | 0.033 |   1.078 |    3.238 | 
     | g79692                 | B ^ -> Y v | NAND2X1 | 0.026 |   1.104 |    3.264 | 
     | g79649                 | B v -> Y ^ | NOR2X1  | 0.018 |   1.122 |    3.282 | 
     | FE_OFC560_n_97         | A ^ -> Y ^ | BUFX2   | 0.095 |   1.217 |    3.377 | 
     | g79526                 | B ^ -> Y v | NAND2X1 | 0.140 |   1.356 |    3.517 | 
     | FE_OFC828_n_173        | A v -> Y ^ | INVXL   | 0.077 |   1.433 |    3.593 | 
     | FE_OFC829_n_173        | A ^ -> Y v | INVX1   | 0.091 |   1.524 |    3.684 | 
     | g78837                 | B v -> Y ^ | NOR2X1  | 0.158 |   1.682 |    3.842 | 
     | line_buff_1_reg[24][5] | SE ^       | SDFFQX1 | 0.001 |   1.683 |    3.843 | 
     +----------------------------------------------------------------------------+ 
     Clock Rise Edge                      0.000
     + Source Insertion Delay            -0.257
     = Beginpoint Arrival Time           -0.257
     Other End Path:
     +------------------------------------------------------------------------------+ 
     |        Instance        |    Arc     |   Cell    | Delay | Arrival | Required | 
     |                        |            |           |       |  Time   |   Time   | 
     |------------------------+------------+-----------+-------+---------+----------| 
     |                        | clk ^      |           |       |  -0.257 |   -2.418 | 
     | CTS_ccl_a_buf_00160    | A ^ -> Y ^ | CLKBUFX20 | 0.180 |  -0.077 |   -2.237 | 
     | CTS_ccl_a_buf_00155    | A ^ -> Y ^ | CLKBUFX6  | 0.205 |   0.127 |   -2.033 | 
     | line_buff_1_reg[24][5] | CK ^       | SDFFQX1   | 0.001 |   0.128 |   -2.032 | 
     +------------------------------------------------------------------------------+ 
Path 182: MET Setup Check with Pin line_buff_1_reg[24][0]/CK 
Endpoint:   line_buff_1_reg[24][0]/SE (^) checked with  leading edge of 'clk'
Beginpoint: i_href                    (^) triggered by  leading edge of 'clk'
Path Groups: {clk}
Analysis View: all
Other End Arrival Time          0.128
- Setup                         0.285
+ Phase Shift                   4.000
= Required Time                 3.843
- Arrival Time                  1.683
= Slack Time                    2.160
     Clock Rise Edge                      0.000
     + Input Delay                        1.000
     = Beginpoint Arrival Time            1.000
     Timing Path:
     +----------------------------------------------------------------------------+ 
     |        Instance        |    Arc     |  Cell   | Delay | Arrival | Required | 
     |                        |            |         |       |  Time   |   Time   | 
     |------------------------+------------+---------+-------+---------+----------| 
     |                        | i_href ^   |         |       |   1.000 |    3.160 | 
     | g79753                 | A ^ -> Y v | INVX1   | 0.045 |   1.045 |    3.206 | 
     | g79726                 | B v -> Y ^ | NOR2X1  | 0.033 |   1.078 |    3.238 | 
     | g79692                 | B ^ -> Y v | NAND2X1 | 0.026 |   1.104 |    3.264 | 
     | g79649                 | B v -> Y ^ | NOR2X1  | 0.018 |   1.122 |    3.282 | 
     | FE_OFC560_n_97         | A ^ -> Y ^ | BUFX2   | 0.095 |   1.217 |    3.377 | 
     | g79526                 | B ^ -> Y v | NAND2X1 | 0.140 |   1.356 |    3.517 | 
     | FE_OFC828_n_173        | A v -> Y ^ | INVXL   | 0.077 |   1.433 |    3.593 | 
     | FE_OFC829_n_173        | A ^ -> Y v | INVX1   | 0.091 |   1.524 |    3.684 | 
     | g78837                 | B v -> Y ^ | NOR2X1  | 0.158 |   1.682 |    3.842 | 
     | line_buff_1_reg[24][0] | SE ^       | SDFFQX1 | 0.001 |   1.683 |    3.843 | 
     +----------------------------------------------------------------------------+ 
     Clock Rise Edge                      0.000
     + Source Insertion Delay            -0.257
     = Beginpoint Arrival Time           -0.257
     Other End Path:
     +------------------------------------------------------------------------------+ 
     |        Instance        |    Arc     |   Cell    | Delay | Arrival | Required | 
     |                        |            |           |       |  Time   |   Time   | 
     |------------------------+------------+-----------+-------+---------+----------| 
     |                        | clk ^      |           |       |  -0.257 |   -2.418 | 
     | CTS_ccl_a_buf_00160    | A ^ -> Y ^ | CLKBUFX20 | 0.180 |  -0.077 |   -2.237 | 
     | CTS_ccl_a_buf_00155    | A ^ -> Y ^ | CLKBUFX6  | 0.205 |   0.127 |   -2.033 | 
     | line_buff_1_reg[24][0] | CK ^       | SDFFQX1   | 0.001 |   0.128 |   -2.032 | 
     +------------------------------------------------------------------------------+ 
Path 183: MET Setup Check with Pin line_buff_0_reg[24][1]/CK 
Endpoint:   line_buff_0_reg[24][1]/SE (^) checked with  leading edge of 'clk'
Beginpoint: i_href                    (^) triggered by  leading edge of 'clk'
Path Groups: {clk}
Analysis View: all
Other End Arrival Time          0.128
- Setup                         0.285
+ Phase Shift                   4.000
= Required Time                 3.843
- Arrival Time                  1.683
= Slack Time                    2.160
     Clock Rise Edge                      0.000
     + Input Delay                        1.000
     = Beginpoint Arrival Time            1.000
     Timing Path:
     +----------------------------------------------------------------------------+ 
     |        Instance        |    Arc     |  Cell   | Delay | Arrival | Required | 
     |                        |            |         |       |  Time   |   Time   | 
     |------------------------+------------+---------+-------+---------+----------| 
     |                        | i_href ^   |         |       |   1.000 |    3.160 | 
     | g79753                 | A ^ -> Y v | INVX1   | 0.045 |   1.045 |    3.206 | 
     | g79726                 | B v -> Y ^ | NOR2X1  | 0.033 |   1.078 |    3.238 | 
     | g79692                 | B ^ -> Y v | NAND2X1 | 0.026 |   1.104 |    3.264 | 
     | g79649                 | B v -> Y ^ | NOR2X1  | 0.018 |   1.122 |    3.282 | 
     | FE_OFC560_n_97         | A ^ -> Y ^ | BUFX2   | 0.095 |   1.217 |    3.377 | 
     | g79526                 | B ^ -> Y v | NAND2X1 | 0.140 |   1.356 |    3.517 | 
     | FE_OFC828_n_173        | A v -> Y ^ | INVXL   | 0.077 |   1.433 |    3.593 | 
     | FE_OFC829_n_173        | A ^ -> Y v | INVX1   | 0.091 |   1.524 |    3.684 | 
     | g78837                 | B v -> Y ^ | NOR2X1  | 0.158 |   1.682 |    3.842 | 
     | line_buff_0_reg[24][1] | SE ^       | SDFFQX1 | 0.001 |   1.683 |    3.843 | 
     +----------------------------------------------------------------------------+ 
     Clock Rise Edge                      0.000
     + Source Insertion Delay            -0.257
     = Beginpoint Arrival Time           -0.257
     Other End Path:
     +------------------------------------------------------------------------------+ 
     |        Instance        |    Arc     |   Cell    | Delay | Arrival | Required | 
     |                        |            |           |       |  Time   |   Time   | 
     |------------------------+------------+-----------+-------+---------+----------| 
     |                        | clk ^      |           |       |  -0.257 |   -2.418 | 
     | CTS_ccl_a_buf_00160    | A ^ -> Y ^ | CLKBUFX20 | 0.180 |  -0.077 |   -2.237 | 
     | CTS_ccl_a_buf_00155    | A ^ -> Y ^ | CLKBUFX6  | 0.205 |   0.127 |   -2.033 | 
     | line_buff_0_reg[24][1] | CK ^       | SDFFQX1   | 0.001 |   0.128 |   -2.032 | 
     +------------------------------------------------------------------------------+ 
Path 184: MET Setup Check with Pin line_buff_0_reg[64][5]/CK 
Endpoint:   line_buff_0_reg[64][5]/SE (^) checked with  leading edge of 'clk'
Beginpoint: i_href                    (^) triggered by  leading edge of 'clk'
Path Groups: {clk}
Analysis View: all
Other End Arrival Time          0.113
- Setup                         0.279
+ Phase Shift                   4.000
= Required Time                 3.834
- Arrival Time                  1.673
= Slack Time                    2.160
     Clock Rise Edge                      0.000
     + Input Delay                        1.000
     = Beginpoint Arrival Time            1.000
     Timing Path:
     +----------------------------------------------------------------------------+ 
     |        Instance        |    Arc     |  Cell   | Delay | Arrival | Required | 
     |                        |            |         |       |  Time   |   Time   | 
     |------------------------+------------+---------+-------+---------+----------| 
     |                        | i_href ^   |         |       |   1.000 |    3.160 | 
     | g79753                 | A ^ -> Y v | INVX1   | 0.045 |   1.045 |    3.206 | 
     | g79726                 | B v -> Y ^ | NOR2X1  | 0.033 |   1.078 |    3.238 | 
     | g79692                 | B ^ -> Y v | NAND2X1 | 0.026 |   1.104 |    3.264 | 
     | g79649                 | B v -> Y ^ | NOR2X1  | 0.018 |   1.122 |    3.282 | 
     | FE_OFC560_n_97         | A ^ -> Y ^ | BUFX2   | 0.095 |   1.217 |    3.377 | 
     | g79526                 | B ^ -> Y v | NAND2X1 | 0.140 |   1.356 |    3.517 | 
     | FE_OFC828_n_173        | A v -> Y ^ | INVXL   | 0.077 |   1.433 |    3.593 | 
     | FE_OFC829_n_173        | A ^ -> Y v | INVX1   | 0.091 |   1.524 |    3.684 | 
     | g78764                 | B v -> Y ^ | NOR2X1  | 0.149 |   1.673 |    3.833 | 
     | line_buff_0_reg[64][5] | SE ^       | SDFFQX1 | 0.000 |   1.673 |    3.834 | 
     +----------------------------------------------------------------------------+ 
     Clock Rise Edge                      0.000
     + Source Insertion Delay            -0.257
     = Beginpoint Arrival Time           -0.257
     Other End Path:
     +------------------------------------------------------------------------------+ 
     |        Instance        |    Arc     |   Cell    | Delay | Arrival | Required | 
     |                        |            |           |       |  Time   |   Time   | 
     |------------------------+------------+-----------+-------+---------+----------| 
     |                        | clk ^      |           |       |  -0.257 |   -2.418 | 
     | CTS_ccl_a_buf_00159    | A ^ -> Y ^ | CLKBUFX20 | 0.176 |  -0.082 |   -2.242 | 
     | CTS_ccl_a_buf_00086    | A ^ -> Y ^ | CLKBUFX6  | 0.193 |   0.111 |   -2.049 | 
     | line_buff_0_reg[64][5] | CK ^       | SDFFQX1   | 0.001 |   0.113 |   -2.048 | 
     +------------------------------------------------------------------------------+ 
Path 185: MET Setup Check with Pin line_buff_0_reg[64][0]/CK 
Endpoint:   line_buff_0_reg[64][0]/SE (^) checked with  leading edge of 'clk'
Beginpoint: i_href                    (^) triggered by  leading edge of 'clk'
Path Groups: {clk}
Analysis View: all
Other End Arrival Time          0.113
- Setup                         0.279
+ Phase Shift                   4.000
= Required Time                 3.834
- Arrival Time                  1.673
= Slack Time                    2.160
     Clock Rise Edge                      0.000
     + Input Delay                        1.000
     = Beginpoint Arrival Time            1.000
     Timing Path:
     +----------------------------------------------------------------------------+ 
     |        Instance        |    Arc     |  Cell   | Delay | Arrival | Required | 
     |                        |            |         |       |  Time   |   Time   | 
     |------------------------+------------+---------+-------+---------+----------| 
     |                        | i_href ^   |         |       |   1.000 |    3.160 | 
     | g79753                 | A ^ -> Y v | INVX1   | 0.045 |   1.045 |    3.206 | 
     | g79726                 | B v -> Y ^ | NOR2X1  | 0.033 |   1.078 |    3.238 | 
     | g79692                 | B ^ -> Y v | NAND2X1 | 0.026 |   1.104 |    3.264 | 
     | g79649                 | B v -> Y ^ | NOR2X1  | 0.018 |   1.122 |    3.282 | 
     | FE_OFC560_n_97         | A ^ -> Y ^ | BUFX2   | 0.095 |   1.217 |    3.377 | 
     | g79526                 | B ^ -> Y v | NAND2X1 | 0.140 |   1.356 |    3.517 | 
     | FE_OFC828_n_173        | A v -> Y ^ | INVXL   | 0.077 |   1.433 |    3.593 | 
     | FE_OFC829_n_173        | A ^ -> Y v | INVX1   | 0.091 |   1.524 |    3.684 | 
     | g78764                 | B v -> Y ^ | NOR2X1  | 0.149 |   1.673 |    3.833 | 
     | line_buff_0_reg[64][0] | SE ^       | SDFFQX1 | 0.000 |   1.673 |    3.834 | 
     +----------------------------------------------------------------------------+ 
     Clock Rise Edge                      0.000
     + Source Insertion Delay            -0.257
     = Beginpoint Arrival Time           -0.257
     Other End Path:
     +------------------------------------------------------------------------------+ 
     |        Instance        |    Arc     |   Cell    | Delay | Arrival | Required | 
     |                        |            |           |       |  Time   |   Time   | 
     |------------------------+------------+-----------+-------+---------+----------| 
     |                        | clk ^      |           |       |  -0.257 |   -2.418 | 
     | CTS_ccl_a_buf_00159    | A ^ -> Y ^ | CLKBUFX20 | 0.176 |  -0.082 |   -2.242 | 
     | CTS_ccl_a_buf_00086    | A ^ -> Y ^ | CLKBUFX6  | 0.193 |   0.111 |   -2.049 | 
     | line_buff_0_reg[64][0] | CK ^       | SDFFQX1   | 0.001 |   0.113 |   -2.048 | 
     +------------------------------------------------------------------------------+ 
Path 186: MET Setup Check with Pin line_buff_0_reg[89][3]/CK 
Endpoint:   line_buff_0_reg[89][3]/SE (^) checked with  leading edge of 'clk'
Beginpoint: i_href                    (^) triggered by  leading edge of 'clk'
Path Groups: {clk}
Analysis View: all
Other End Arrival Time          0.133
- Setup                         0.282
+ Phase Shift                   4.000
= Required Time                 3.851
- Arrival Time                  1.691
= Slack Time                    2.160
     Clock Rise Edge                      0.000
     + Input Delay                        1.000
     = Beginpoint Arrival Time            1.000
     Timing Path:
     +----------------------------------------------------------------------------+ 
     |        Instance        |    Arc     |  Cell   | Delay | Arrival | Required | 
     |                        |            |         |       |  Time   |   Time   | 
     |------------------------+------------+---------+-------+---------+----------| 
     |                        | i_href ^   |         |       |   1.000 |    3.160 | 
     | g79753                 | A ^ -> Y v | INVX1   | 0.045 |   1.045 |    3.206 | 
     | g79110                 | C v -> Y ^ | NOR3X1  | 0.023 |   1.069 |    3.229 | 
     | FE_OFC1106_n_585       | A ^ -> Y v | INVX1   | 0.053 |   1.121 |    3.282 | 
     | FE_OFC1107_n_585       | A v -> Y ^ | INVX1   | 0.116 |   1.237 |    3.398 | 
     | g78678                 | B ^ -> Y v | NAND2X1 | 0.139 |   1.377 |    3.537 | 
     | FE_OFC871_n_1029       | A v -> Y ^ | INVX1   | 0.062 |   1.439 |    3.599 | 
     | FE_OFC872_n_1029       | A ^ -> Y v | INVX1   | 0.093 |   1.532 |    3.692 | 
     | g78387                 | B v -> Y ^ | NOR2X1  | 0.158 |   1.690 |    3.850 | 
     | line_buff_0_reg[89][3] | SE ^       | SDFFQX1 | 0.001 |   1.691 |    3.851 | 
     +----------------------------------------------------------------------------+ 
     Clock Rise Edge                      0.000
     + Source Insertion Delay            -0.257
     = Beginpoint Arrival Time           -0.257
     Other End Path:
     +------------------------------------------------------------------------------+ 
     |        Instance        |    Arc     |   Cell    | Delay | Arrival | Required | 
     |                        |            |           |       |  Time   |   Time   | 
     |------------------------+------------+-----------+-------+---------+----------| 
     |                        | clk ^      |           |       |  -0.257 |   -2.418 | 
     | CTS_ccl_a_buf_00160    | A ^ -> Y ^ | CLKBUFX20 | 0.180 |  -0.077 |   -2.238 | 
     | CTS_ccl_a_buf_00149    | A ^ -> Y ^ | CLKBUFX6  | 0.208 |   0.131 |   -2.029 | 
     | line_buff_0_reg[89][3] | CK ^       | SDFFQX1   | 0.002 |   0.133 |   -2.028 | 
     +------------------------------------------------------------------------------+ 
Path 187: MET Setup Check with Pin line_buff_0_reg[89][1]/CK 
Endpoint:   line_buff_0_reg[89][1]/SE (^) checked with  leading edge of 'clk'
Beginpoint: i_href                    (^) triggered by  leading edge of 'clk'
Path Groups: {clk}
Analysis View: all
Other End Arrival Time          0.133
- Setup                         0.282
+ Phase Shift                   4.000
= Required Time                 3.851
- Arrival Time                  1.690
= Slack Time                    2.160
     Clock Rise Edge                      0.000
     + Input Delay                        1.000
     = Beginpoint Arrival Time            1.000
     Timing Path:
     +----------------------------------------------------------------------------+ 
     |        Instance        |    Arc     |  Cell   | Delay | Arrival | Required | 
     |                        |            |         |       |  Time   |   Time   | 
     |------------------------+------------+---------+-------+---------+----------| 
     |                        | i_href ^   |         |       |   1.000 |    3.160 | 
     | g79753                 | A ^ -> Y v | INVX1   | 0.045 |   1.045 |    3.206 | 
     | g79110                 | C v -> Y ^ | NOR3X1  | 0.023 |   1.069 |    3.229 | 
     | FE_OFC1106_n_585       | A ^ -> Y v | INVX1   | 0.053 |   1.121 |    3.282 | 
     | FE_OFC1107_n_585       | A v -> Y ^ | INVX1   | 0.116 |   1.237 |    3.398 | 
     | g78678                 | B ^ -> Y v | NAND2X1 | 0.139 |   1.377 |    3.537 | 
     | FE_OFC871_n_1029       | A v -> Y ^ | INVX1   | 0.062 |   1.439 |    3.599 | 
     | FE_OFC872_n_1029       | A ^ -> Y v | INVX1   | 0.093 |   1.532 |    3.692 | 
     | g78387                 | B v -> Y ^ | NOR2X1  | 0.158 |   1.690 |    3.850 | 
     | line_buff_0_reg[89][1] | SE ^       | SDFFQX1 | 0.001 |   1.690 |    3.851 | 
     +----------------------------------------------------------------------------+ 
     Clock Rise Edge                      0.000
     + Source Insertion Delay            -0.257
     = Beginpoint Arrival Time           -0.257
     Other End Path:
     +------------------------------------------------------------------------------+ 
     |        Instance        |    Arc     |   Cell    | Delay | Arrival | Required | 
     |                        |            |           |       |  Time   |   Time   | 
     |------------------------+------------+-----------+-------+---------+----------| 
     |                        | clk ^      |           |       |  -0.257 |   -2.418 | 
     | CTS_ccl_a_buf_00160    | A ^ -> Y ^ | CLKBUFX20 | 0.180 |  -0.077 |   -2.238 | 
     | CTS_ccl_a_buf_00149    | A ^ -> Y ^ | CLKBUFX6  | 0.208 |   0.131 |   -2.029 | 
     | line_buff_0_reg[89][1] | CK ^       | SDFFQX1   | 0.001 |   0.133 |   -2.028 | 
     +------------------------------------------------------------------------------+ 
Path 188: MET Setup Check with Pin line_buff_0_reg[89][0]/CK 
Endpoint:   line_buff_0_reg[89][0]/SE (^) checked with  leading edge of 'clk'
Beginpoint: i_href                    (^) triggered by  leading edge of 'clk'
Path Groups: {clk}
Analysis View: all
Other End Arrival Time          0.133
- Setup                         0.282
+ Phase Shift                   4.000
= Required Time                 3.851
- Arrival Time                  1.690
= Slack Time                    2.160
     Clock Rise Edge                      0.000
     + Input Delay                        1.000
     = Beginpoint Arrival Time            1.000
     Timing Path:
     +----------------------------------------------------------------------------+ 
     |        Instance        |    Arc     |  Cell   | Delay | Arrival | Required | 
     |                        |            |         |       |  Time   |   Time   | 
     |------------------------+------------+---------+-------+---------+----------| 
     |                        | i_href ^   |         |       |   1.000 |    3.160 | 
     | g79753                 | A ^ -> Y v | INVX1   | 0.045 |   1.045 |    3.206 | 
     | g79110                 | C v -> Y ^ | NOR3X1  | 0.023 |   1.069 |    3.229 | 
     | FE_OFC1106_n_585       | A ^ -> Y v | INVX1   | 0.053 |   1.121 |    3.282 | 
     | FE_OFC1107_n_585       | A v -> Y ^ | INVX1   | 0.116 |   1.237 |    3.398 | 
     | g78678                 | B ^ -> Y v | NAND2X1 | 0.139 |   1.377 |    3.537 | 
     | FE_OFC871_n_1029       | A v -> Y ^ | INVX1   | 0.062 |   1.439 |    3.599 | 
     | FE_OFC872_n_1029       | A ^ -> Y v | INVX1   | 0.093 |   1.532 |    3.692 | 
     | g78387                 | B v -> Y ^ | NOR2X1  | 0.158 |   1.690 |    3.850 | 
     | line_buff_0_reg[89][0] | SE ^       | SDFFQX1 | 0.001 |   1.690 |    3.851 | 
     +----------------------------------------------------------------------------+ 
     Clock Rise Edge                      0.000
     + Source Insertion Delay            -0.257
     = Beginpoint Arrival Time           -0.257
     Other End Path:
     +------------------------------------------------------------------------------+ 
     |        Instance        |    Arc     |   Cell    | Delay | Arrival | Required | 
     |                        |            |           |       |  Time   |   Time   | 
     |------------------------+------------+-----------+-------+---------+----------| 
     |                        | clk ^      |           |       |  -0.257 |   -2.418 | 
     | CTS_ccl_a_buf_00160    | A ^ -> Y ^ | CLKBUFX20 | 0.180 |  -0.077 |   -2.238 | 
     | CTS_ccl_a_buf_00149    | A ^ -> Y ^ | CLKBUFX6  | 0.208 |   0.131 |   -2.029 | 
     | line_buff_0_reg[89][0] | CK ^       | SDFFQX1   | 0.001 |   0.133 |   -2.028 | 
     +------------------------------------------------------------------------------+ 
Path 189: MET Setup Check with Pin line_buff_0_reg[64][4]/CK 
Endpoint:   line_buff_0_reg[64][4]/SE (^) checked with  leading edge of 'clk'
Beginpoint: i_href                    (^) triggered by  leading edge of 'clk'
Path Groups: {clk}
Analysis View: all
Other End Arrival Time          0.113
- Setup                         0.279
+ Phase Shift                   4.000
= Required Time                 3.834
- Arrival Time                  1.673
= Slack Time                    2.160
     Clock Rise Edge                      0.000
     + Input Delay                        1.000
     = Beginpoint Arrival Time            1.000
     Timing Path:
     +----------------------------------------------------------------------------+ 
     |        Instance        |    Arc     |  Cell   | Delay | Arrival | Required | 
     |                        |            |         |       |  Time   |   Time   | 
     |------------------------+------------+---------+-------+---------+----------| 
     |                        | i_href ^   |         |       |   1.000 |    3.160 | 
     | g79753                 | A ^ -> Y v | INVX1   | 0.045 |   1.045 |    3.206 | 
     | g79726                 | B v -> Y ^ | NOR2X1  | 0.033 |   1.078 |    3.238 | 
     | g79692                 | B ^ -> Y v | NAND2X1 | 0.026 |   1.104 |    3.264 | 
     | g79649                 | B v -> Y ^ | NOR2X1  | 0.018 |   1.122 |    3.282 | 
     | FE_OFC560_n_97         | A ^ -> Y ^ | BUFX2   | 0.095 |   1.217 |    3.377 | 
     | g79526                 | B ^ -> Y v | NAND2X1 | 0.140 |   1.356 |    3.517 | 
     | FE_OFC828_n_173        | A v -> Y ^ | INVXL   | 0.077 |   1.433 |    3.593 | 
     | FE_OFC829_n_173        | A ^ -> Y v | INVX1   | 0.091 |   1.524 |    3.684 | 
     | g78764                 | B v -> Y ^ | NOR2X1  | 0.149 |   1.673 |    3.833 | 
     | line_buff_0_reg[64][4] | SE ^       | SDFFQX1 | 0.000 |   1.673 |    3.834 | 
     +----------------------------------------------------------------------------+ 
     Clock Rise Edge                      0.000
     + Source Insertion Delay            -0.257
     = Beginpoint Arrival Time           -0.257
     Other End Path:
     +------------------------------------------------------------------------------+ 
     |        Instance        |    Arc     |   Cell    | Delay | Arrival | Required | 
     |                        |            |           |       |  Time   |   Time   | 
     |------------------------+------------+-----------+-------+---------+----------| 
     |                        | clk ^      |           |       |  -0.257 |   -2.418 | 
     | CTS_ccl_a_buf_00159    | A ^ -> Y ^ | CLKBUFX20 | 0.176 |  -0.082 |   -2.242 | 
     | CTS_ccl_a_buf_00086    | A ^ -> Y ^ | CLKBUFX6  | 0.193 |   0.111 |   -2.049 | 
     | line_buff_0_reg[64][4] | CK ^       | SDFFQX1   | 0.001 |   0.113 |   -2.048 | 
     +------------------------------------------------------------------------------+ 
Path 190: MET Setup Check with Pin line_buff_1_reg[64][5]/CK 
Endpoint:   line_buff_1_reg[64][5]/SE (^) checked with  leading edge of 'clk'
Beginpoint: i_href                    (^) triggered by  leading edge of 'clk'
Path Groups: {clk}
Analysis View: all
Other End Arrival Time          0.113
- Setup                         0.279
+ Phase Shift                   4.000
= Required Time                 3.834
- Arrival Time                  1.673
= Slack Time                    2.161
     Clock Rise Edge                      0.000
     + Input Delay                        1.000
     = Beginpoint Arrival Time            1.000
     Timing Path:
     +----------------------------------------------------------------------------+ 
     |        Instance        |    Arc     |  Cell   | Delay | Arrival | Required | 
     |                        |            |         |       |  Time   |   Time   | 
     |------------------------+------------+---------+-------+---------+----------| 
     |                        | i_href ^   |         |       |   1.000 |    3.161 | 
     | g79753                 | A ^ -> Y v | INVX1   | 0.045 |   1.045 |    3.206 | 
     | g79726                 | B v -> Y ^ | NOR2X1  | 0.033 |   1.078 |    3.238 | 
     | g79692                 | B ^ -> Y v | NAND2X1 | 0.026 |   1.104 |    3.264 | 
     | g79649                 | B v -> Y ^ | NOR2X1  | 0.018 |   1.122 |    3.282 | 
     | FE_OFC560_n_97         | A ^ -> Y ^ | BUFX2   | 0.095 |   1.217 |    3.377 | 
     | g79526                 | B ^ -> Y v | NAND2X1 | 0.140 |   1.356 |    3.517 | 
     | FE_OFC828_n_173        | A v -> Y ^ | INVXL   | 0.077 |   1.433 |    3.594 | 
     | FE_OFC829_n_173        | A ^ -> Y v | INVX1   | 0.091 |   1.524 |    3.684 | 
     | g78764                 | B v -> Y ^ | NOR2X1  | 0.149 |   1.673 |    3.833 | 
     | line_buff_1_reg[64][5] | SE ^       | SDFFQX1 | 0.000 |   1.673 |    3.834 | 
     +----------------------------------------------------------------------------+ 
     Clock Rise Edge                      0.000
     + Source Insertion Delay            -0.257
     = Beginpoint Arrival Time           -0.257
     Other End Path:
     +------------------------------------------------------------------------------+ 
     |        Instance        |    Arc     |   Cell    | Delay | Arrival | Required | 
     |                        |            |           |       |  Time   |   Time   | 
     |------------------------+------------+-----------+-------+---------+----------| 
     |                        | clk ^      |           |       |  -0.257 |   -2.418 | 
     | CTS_ccl_a_buf_00159    | A ^ -> Y ^ | CLKBUFX20 | 0.176 |  -0.082 |   -2.242 | 
     | CTS_ccl_a_buf_00086    | A ^ -> Y ^ | CLKBUFX6  | 0.193 |   0.111 |   -2.049 | 
     | line_buff_1_reg[64][5] | CK ^       | SDFFQX1   | 0.001 |   0.113 |   -2.048 | 
     +------------------------------------------------------------------------------+ 
Path 191: MET Setup Check with Pin line_buff_1_reg[606][0]/CK 
Endpoint:   line_buff_1_reg[606][0]/SE (v) checked with  leading edge of 'clk'
Beginpoint: i_href                     (^) triggered by  leading edge of 'clk'
Path Groups: {clk}
Analysis View: all
Other End Arrival Time          0.120
- Setup                         0.276
+ Phase Shift                   4.000
= Required Time                 3.844
- Arrival Time                  1.683
= Slack Time                    2.161
     Clock Rise Edge                      0.000
     + Input Delay                        1.000
     = Beginpoint Arrival Time            1.000
     Timing Path:
     +-----------------------------------------------------------------------------+ 
     |        Instance         |    Arc     |  Cell   | Delay | Arrival | Required | 
     |                         |            |         |       |  Time   |   Time   | 
     |-------------------------+------------+---------+-------+---------+----------| 
     |                         | i_href ^   |         |       |   1.000 |    3.161 | 
     | g79753                  | A ^ -> Y v | INVX1   | 0.045 |   1.045 |    3.206 | 
     | g79726                  | B v -> Y ^ | NOR2X1  | 0.033 |   1.078 |    3.239 | 
     | g79667                  | B ^ -> Y v | NAND2X1 | 0.028 |   1.106 |    3.266 | 
     | g79648                  | B v -> Y ^ | NOR2X1  | 0.018 |   1.123 |    3.284 | 
     | FE_OFC561_n_98          | A ^ -> Y ^ | BUFX2   | 0.102 |   1.225 |    3.386 | 
     | g79580                  | B ^ -> Y v | NAND2X1 | 0.130 |   1.355 |    3.516 | 
     | FE_OFC846_n_129         | A v -> Y ^ | INVX1   | 0.055 |   1.411 |    3.571 | 
     | FE_OFC847_n_129         | A ^ -> Y v | INVX1   | 0.080 |   1.490 |    3.651 | 
     | FE_OFC848_n_129         | A v -> Y ^ | INVX1   | 0.068 |   1.559 |    3.719 | 
     | g79416                  | B ^ -> Y v | NAND2X1 | 0.124 |   1.683 |    3.843 | 
     | line_buff_1_reg[606][0] | SE v       | SDFFQX1 | 0.000 |   1.683 |    3.844 | 
     +-----------------------------------------------------------------------------+ 
     Clock Rise Edge                      0.000
     + Source Insertion Delay            -0.257
     = Beginpoint Arrival Time           -0.257
     Other End Path:
     +-------------------------------------------------------------------------------+ 
     |        Instance         |    Arc     |   Cell    | Delay | Arrival | Required | 
     |                         |            |           |       |  Time   |   Time   | 
     |-------------------------+------------+-----------+-------+---------+----------| 
     |                         | clk ^      |           |       |  -0.257 |   -2.418 | 
     | CTS_ccl_a_buf_00159     | A ^ -> Y ^ | CLKBUFX20 | 0.176 |  -0.082 |   -2.242 | 
     | CTS_ccl_a_buf_00080     | A ^ -> Y ^ | CLKBUFX6  | 0.200 |   0.118 |   -2.042 | 
     | line_buff_1_reg[606][0] | CK ^       | SDFFQX1   | 0.001 |   0.120 |   -2.041 | 
     +-------------------------------------------------------------------------------+ 
Path 192: MET Setup Check with Pin line_buff_1_reg[64][3]/CK 
Endpoint:   line_buff_1_reg[64][3]/SE (^) checked with  leading edge of 'clk'
Beginpoint: i_href                    (^) triggered by  leading edge of 'clk'
Path Groups: {clk}
Analysis View: all
Other End Arrival Time          0.113
- Setup                         0.279
+ Phase Shift                   4.000
= Required Time                 3.834
- Arrival Time                  1.673
= Slack Time                    2.161
     Clock Rise Edge                      0.000
     + Input Delay                        1.000
     = Beginpoint Arrival Time            1.000
     Timing Path:
     +----------------------------------------------------------------------------+ 
     |        Instance        |    Arc     |  Cell   | Delay | Arrival | Required | 
     |                        |            |         |       |  Time   |   Time   | 
     |------------------------+------------+---------+-------+---------+----------| 
     |                        | i_href ^   |         |       |   1.000 |    3.161 | 
     | g79753                 | A ^ -> Y v | INVX1   | 0.045 |   1.045 |    3.206 | 
     | g79726                 | B v -> Y ^ | NOR2X1  | 0.033 |   1.078 |    3.239 | 
     | g79692                 | B ^ -> Y v | NAND2X1 | 0.026 |   1.104 |    3.264 | 
     | g79649                 | B v -> Y ^ | NOR2X1  | 0.018 |   1.122 |    3.283 | 
     | FE_OFC560_n_97         | A ^ -> Y ^ | BUFX2   | 0.095 |   1.217 |    3.377 | 
     | g79526                 | B ^ -> Y v | NAND2X1 | 0.140 |   1.356 |    3.517 | 
     | FE_OFC828_n_173        | A v -> Y ^ | INVXL   | 0.077 |   1.433 |    3.594 | 
     | FE_OFC829_n_173        | A ^ -> Y v | INVX1   | 0.091 |   1.524 |    3.684 | 
     | g78764                 | B v -> Y ^ | NOR2X1  | 0.149 |   1.673 |    3.834 | 
     | line_buff_1_reg[64][3] | SE ^       | SDFFQX1 | 0.000 |   1.673 |    3.834 | 
     +----------------------------------------------------------------------------+ 
     Clock Rise Edge                      0.000
     + Source Insertion Delay            -0.257
     = Beginpoint Arrival Time           -0.257
     Other End Path:
     +------------------------------------------------------------------------------+ 
     |        Instance        |    Arc     |   Cell    | Delay | Arrival | Required | 
     |                        |            |           |       |  Time   |   Time   | 
     |------------------------+------------+-----------+-------+---------+----------| 
     |                        | clk ^      |           |       |  -0.257 |   -2.418 | 
     | CTS_ccl_a_buf_00159    | A ^ -> Y ^ | CLKBUFX20 | 0.176 |  -0.082 |   -2.243 | 
     | CTS_ccl_a_buf_00086    | A ^ -> Y ^ | CLKBUFX6  | 0.193 |   0.111 |   -2.049 | 
     | line_buff_1_reg[64][3] | CK ^       | SDFFQX1   | 0.001 |   0.113 |   -2.048 | 
     +------------------------------------------------------------------------------+ 
Path 193: MET Setup Check with Pin line_buff_0_reg[64][2]/CK 
Endpoint:   line_buff_0_reg[64][2]/SE (^) checked with  leading edge of 'clk'
Beginpoint: i_href                    (^) triggered by  leading edge of 'clk'
Path Groups: {clk}
Analysis View: all
Other End Arrival Time          0.113
- Setup                         0.279
+ Phase Shift                   4.000
= Required Time                 3.834
- Arrival Time                  1.673
= Slack Time                    2.161
     Clock Rise Edge                      0.000
     + Input Delay                        1.000
     = Beginpoint Arrival Time            1.000
     Timing Path:
     +----------------------------------------------------------------------------+ 
     |        Instance        |    Arc     |  Cell   | Delay | Arrival | Required | 
     |                        |            |         |       |  Time   |   Time   | 
     |------------------------+------------+---------+-------+---------+----------| 
     |                        | i_href ^   |         |       |   1.000 |    3.161 | 
     | g79753                 | A ^ -> Y v | INVX1   | 0.045 |   1.045 |    3.206 | 
     | g79726                 | B v -> Y ^ | NOR2X1  | 0.033 |   1.078 |    3.239 | 
     | g79692                 | B ^ -> Y v | NAND2X1 | 0.026 |   1.104 |    3.264 | 
     | g79649                 | B v -> Y ^ | NOR2X1  | 0.018 |   1.122 |    3.283 | 
     | FE_OFC560_n_97         | A ^ -> Y ^ | BUFX2   | 0.095 |   1.217 |    3.377 | 
     | g79526                 | B ^ -> Y v | NAND2X1 | 0.140 |   1.356 |    3.517 | 
     | FE_OFC828_n_173        | A v -> Y ^ | INVXL   | 0.077 |   1.433 |    3.594 | 
     | FE_OFC829_n_173        | A ^ -> Y v | INVX1   | 0.091 |   1.524 |    3.684 | 
     | g78764                 | B v -> Y ^ | NOR2X1  | 0.149 |   1.673 |    3.834 | 
     | line_buff_0_reg[64][2] | SE ^       | SDFFQX1 | 0.000 |   1.673 |    3.834 | 
     +----------------------------------------------------------------------------+ 
     Clock Rise Edge                      0.000
     + Source Insertion Delay            -0.257
     = Beginpoint Arrival Time           -0.257
     Other End Path:
     +------------------------------------------------------------------------------+ 
     |        Instance        |    Arc     |   Cell    | Delay | Arrival | Required | 
     |                        |            |           |       |  Time   |   Time   | 
     |------------------------+------------+-----------+-------+---------+----------| 
     |                        | clk ^      |           |       |  -0.257 |   -2.418 | 
     | CTS_ccl_a_buf_00159    | A ^ -> Y ^ | CLKBUFX20 | 0.176 |  -0.082 |   -2.243 | 
     | CTS_ccl_a_buf_00086    | A ^ -> Y ^ | CLKBUFX6  | 0.193 |   0.111 |   -2.049 | 
     | line_buff_0_reg[64][2] | CK ^       | SDFFQX1   | 0.001 |   0.113 |   -2.048 | 
     +------------------------------------------------------------------------------+ 
Path 194: MET Setup Check with Pin line_buff_0_reg[89][5]/CK 
Endpoint:   line_buff_0_reg[89][5]/SE (^) checked with  leading edge of 'clk'
Beginpoint: i_href                    (^) triggered by  leading edge of 'clk'
Path Groups: {clk}
Analysis View: all
Other End Arrival Time          0.133
- Setup                         0.282
+ Phase Shift                   4.000
= Required Time                 3.851
- Arrival Time                  1.690
= Slack Time                    2.161
     Clock Rise Edge                      0.000
     + Input Delay                        1.000
     = Beginpoint Arrival Time            1.000
     Timing Path:
     +----------------------------------------------------------------------------+ 
     |        Instance        |    Arc     |  Cell   | Delay | Arrival | Required | 
     |                        |            |         |       |  Time   |   Time   | 
     |------------------------+------------+---------+-------+---------+----------| 
     |                        | i_href ^   |         |       |   1.000 |    3.161 | 
     | g79753                 | A ^ -> Y v | INVX1   | 0.045 |   1.045 |    3.206 | 
     | g79110                 | C v -> Y ^ | NOR3X1  | 0.023 |   1.069 |    3.229 | 
     | FE_OFC1106_n_585       | A ^ -> Y v | INVX1   | 0.053 |   1.121 |    3.282 | 
     | FE_OFC1107_n_585       | A v -> Y ^ | INVX1   | 0.116 |   1.237 |    3.398 | 
     | g78678                 | B ^ -> Y v | NAND2X1 | 0.139 |   1.377 |    3.537 | 
     | FE_OFC871_n_1029       | A v -> Y ^ | INVX1   | 0.062 |   1.439 |    3.599 | 
     | FE_OFC872_n_1029       | A ^ -> Y v | INVX1   | 0.093 |   1.532 |    3.693 | 
     | g78387                 | B v -> Y ^ | NOR2X1  | 0.158 |   1.690 |    3.850 | 
     | line_buff_0_reg[89][5] | SE ^       | SDFFQX1 | 0.000 |   1.690 |    3.851 | 
     +----------------------------------------------------------------------------+ 
     Clock Rise Edge                      0.000
     + Source Insertion Delay            -0.257
     = Beginpoint Arrival Time           -0.257
     Other End Path:
     +------------------------------------------------------------------------------+ 
     |        Instance        |    Arc     |   Cell    | Delay | Arrival | Required | 
     |                        |            |           |       |  Time   |   Time   | 
     |------------------------+------------+-----------+-------+---------+----------| 
     |                        | clk ^      |           |       |  -0.257 |   -2.418 | 
     | CTS_ccl_a_buf_00160    | A ^ -> Y ^ | CLKBUFX20 | 0.180 |  -0.077 |   -2.238 | 
     | CTS_ccl_a_buf_00149    | A ^ -> Y ^ | CLKBUFX6  | 0.208 |   0.131 |   -2.029 | 
     | line_buff_0_reg[89][5] | CK ^       | SDFFQX1   | 0.002 |   0.133 |   -2.028 | 
     +------------------------------------------------------------------------------+ 
Path 195: MET Setup Check with Pin line_buff_1_reg[606][4]/CK 
Endpoint:   line_buff_1_reg[606][4]/SE (v) checked with  leading edge of 'clk'
Beginpoint: i_href                     (^) triggered by  leading edge of 'clk'
Path Groups: {clk}
Analysis View: all
Other End Arrival Time          0.120
- Setup                         0.276
+ Phase Shift                   4.000
= Required Time                 3.844
- Arrival Time                  1.683
= Slack Time                    2.161
     Clock Rise Edge                      0.000
     + Input Delay                        1.000
     = Beginpoint Arrival Time            1.000
     Timing Path:
     +-----------------------------------------------------------------------------+ 
     |        Instance         |    Arc     |  Cell   | Delay | Arrival | Required | 
     |                         |            |         |       |  Time   |   Time   | 
     |-------------------------+------------+---------+-------+---------+----------| 
     |                         | i_href ^   |         |       |   1.000 |    3.161 | 
     | g79753                  | A ^ -> Y v | INVX1   | 0.045 |   1.045 |    3.206 | 
     | g79726                  | B v -> Y ^ | NOR2X1  | 0.033 |   1.078 |    3.239 | 
     | g79667                  | B ^ -> Y v | NAND2X1 | 0.028 |   1.106 |    3.267 | 
     | g79648                  | B v -> Y ^ | NOR2X1  | 0.018 |   1.123 |    3.284 | 
     | FE_OFC561_n_98          | A ^ -> Y ^ | BUFX2   | 0.102 |   1.225 |    3.386 | 
     | g79580                  | B ^ -> Y v | NAND2X1 | 0.130 |   1.355 |    3.516 | 
     | FE_OFC846_n_129         | A v -> Y ^ | INVX1   | 0.055 |   1.411 |    3.571 | 
     | FE_OFC847_n_129         | A ^ -> Y v | INVX1   | 0.080 |   1.490 |    3.651 | 
     | FE_OFC848_n_129         | A v -> Y ^ | INVX1   | 0.068 |   1.559 |    3.720 | 
     | g79416                  | B ^ -> Y v | NAND2X1 | 0.124 |   1.683 |    3.844 | 
     | line_buff_1_reg[606][4] | SE v       | SDFFQX1 | 0.000 |   1.683 |    3.844 | 
     +-----------------------------------------------------------------------------+ 
     Clock Rise Edge                      0.000
     + Source Insertion Delay            -0.257
     = Beginpoint Arrival Time           -0.257
     Other End Path:
     +-------------------------------------------------------------------------------+ 
     |        Instance         |    Arc     |   Cell    | Delay | Arrival | Required | 
     |                         |            |           |       |  Time   |   Time   | 
     |-------------------------+------------+-----------+-------+---------+----------| 
     |                         | clk ^      |           |       |  -0.257 |   -2.418 | 
     | CTS_ccl_a_buf_00159     | A ^ -> Y ^ | CLKBUFX20 | 0.176 |  -0.082 |   -2.243 | 
     | CTS_ccl_a_buf_00080     | A ^ -> Y ^ | CLKBUFX6  | 0.200 |   0.118 |   -2.043 | 
     | line_buff_1_reg[606][4] | CK ^       | SDFFQX1   | 0.002 |   0.120 |   -2.041 | 
     +-------------------------------------------------------------------------------+ 
Path 196: MET Setup Check with Pin line_buff_0_reg[606][5]/CK 
Endpoint:   line_buff_0_reg[606][5]/SE (v) checked with  leading edge of 'clk'
Beginpoint: i_href                     (^) triggered by  leading edge of 'clk'
Path Groups: {clk}
Analysis View: all
Other End Arrival Time          0.120
- Setup                         0.276
+ Phase Shift                   4.000
= Required Time                 3.844
- Arrival Time                  1.683
= Slack Time                    2.161
     Clock Rise Edge                      0.000
     + Input Delay                        1.000
     = Beginpoint Arrival Time            1.000
     Timing Path:
     +-----------------------------------------------------------------------------+ 
     |        Instance         |    Arc     |  Cell   | Delay | Arrival | Required | 
     |                         |            |         |       |  Time   |   Time   | 
     |-------------------------+------------+---------+-------+---------+----------| 
     |                         | i_href ^   |         |       |   1.000 |    3.161 | 
     | g79753                  | A ^ -> Y v | INVX1   | 0.045 |   1.045 |    3.206 | 
     | g79726                  | B v -> Y ^ | NOR2X1  | 0.033 |   1.078 |    3.239 | 
     | g79667                  | B ^ -> Y v | NAND2X1 | 0.028 |   1.106 |    3.267 | 
     | g79648                  | B v -> Y ^ | NOR2X1  | 0.018 |   1.123 |    3.284 | 
     | FE_OFC561_n_98          | A ^ -> Y ^ | BUFX2   | 0.102 |   1.225 |    3.386 | 
     | g79580                  | B ^ -> Y v | NAND2X1 | 0.130 |   1.355 |    3.516 | 
     | FE_OFC846_n_129         | A v -> Y ^ | INVX1   | 0.055 |   1.411 |    3.571 | 
     | FE_OFC847_n_129         | A ^ -> Y v | INVX1   | 0.080 |   1.490 |    3.651 | 
     | FE_OFC848_n_129         | A v -> Y ^ | INVX1   | 0.068 |   1.559 |    3.720 | 
     | g79416                  | B ^ -> Y v | NAND2X1 | 0.124 |   1.683 |    3.844 | 
     | line_buff_0_reg[606][5] | SE v       | SDFFQX1 | 0.000 |   1.683 |    3.844 | 
     +-----------------------------------------------------------------------------+ 
     Clock Rise Edge                      0.000
     + Source Insertion Delay            -0.257
     = Beginpoint Arrival Time           -0.257
     Other End Path:
     +-------------------------------------------------------------------------------+ 
     |        Instance         |    Arc     |   Cell    | Delay | Arrival | Required | 
     |                         |            |           |       |  Time   |   Time   | 
     |-------------------------+------------+-----------+-------+---------+----------| 
     |                         | clk ^      |           |       |  -0.257 |   -2.418 | 
     | CTS_ccl_a_buf_00159     | A ^ -> Y ^ | CLKBUFX20 | 0.176 |  -0.082 |   -2.243 | 
     | CTS_ccl_a_buf_00080     | A ^ -> Y ^ | CLKBUFX6  | 0.200 |   0.118 |   -2.043 | 
     | line_buff_0_reg[606][5] | CK ^       | SDFFQX1   | 0.002 |   0.120 |   -2.041 | 
     +-------------------------------------------------------------------------------+ 
Path 197: MET Setup Check with Pin line_buff_0_reg[64][1]/CK 
Endpoint:   line_buff_0_reg[64][1]/SE (^) checked with  leading edge of 'clk'
Beginpoint: i_href                    (^) triggered by  leading edge of 'clk'
Path Groups: {clk}
Analysis View: all
Other End Arrival Time          0.113
- Setup                         0.279
+ Phase Shift                   4.000
= Required Time                 3.834
- Arrival Time                  1.673
= Slack Time                    2.161
     Clock Rise Edge                      0.000
     + Input Delay                        1.000
     = Beginpoint Arrival Time            1.000
     Timing Path:
     +----------------------------------------------------------------------------+ 
     |        Instance        |    Arc     |  Cell   | Delay | Arrival | Required | 
     |                        |            |         |       |  Time   |   Time   | 
     |------------------------+------------+---------+-------+---------+----------| 
     |                        | i_href ^   |         |       |   1.000 |    3.161 | 
     | g79753                 | A ^ -> Y v | INVX1   | 0.045 |   1.045 |    3.206 | 
     | g79726                 | B v -> Y ^ | NOR2X1  | 0.033 |   1.078 |    3.239 | 
     | g79692                 | B ^ -> Y v | NAND2X1 | 0.026 |   1.104 |    3.264 | 
     | g79649                 | B v -> Y ^ | NOR2X1  | 0.018 |   1.122 |    3.283 | 
     | FE_OFC560_n_97         | A ^ -> Y ^ | BUFX2   | 0.095 |   1.217 |    3.378 | 
     | g79526                 | B ^ -> Y v | NAND2X1 | 0.140 |   1.356 |    3.517 | 
     | FE_OFC828_n_173        | A v -> Y ^ | INVXL   | 0.077 |   1.433 |    3.594 | 
     | FE_OFC829_n_173        | A ^ -> Y v | INVX1   | 0.091 |   1.524 |    3.684 | 
     | g78764                 | B v -> Y ^ | NOR2X1  | 0.149 |   1.673 |    3.834 | 
     | line_buff_0_reg[64][1] | SE ^       | SDFFQX1 | 0.000 |   1.673 |    3.834 | 
     +----------------------------------------------------------------------------+ 
     Clock Rise Edge                      0.000
     + Source Insertion Delay            -0.257
     = Beginpoint Arrival Time           -0.257
     Other End Path:
     +------------------------------------------------------------------------------+ 
     |        Instance        |    Arc     |   Cell    | Delay | Arrival | Required | 
     |                        |            |           |       |  Time   |   Time   | 
     |------------------------+------------+-----------+-------+---------+----------| 
     |                        | clk ^      |           |       |  -0.257 |   -2.418 | 
     | CTS_ccl_a_buf_00159    | A ^ -> Y ^ | CLKBUFX20 | 0.176 |  -0.082 |   -2.243 | 
     | CTS_ccl_a_buf_00086    | A ^ -> Y ^ | CLKBUFX6  | 0.193 |   0.111 |   -2.049 | 
     | line_buff_0_reg[64][1] | CK ^       | SDFFQX1   | 0.002 |   0.113 |   -2.048 | 
     +------------------------------------------------------------------------------+ 
Path 198: MET Setup Check with Pin line_buff_1_reg[24][2]/CK 
Endpoint:   line_buff_1_reg[24][2]/SE (^) checked with  leading edge of 'clk'
Beginpoint: i_href                    (^) triggered by  leading edge of 'clk'
Path Groups: {clk}
Analysis View: all
Other End Arrival Time          0.129
- Setup                         0.285
+ Phase Shift                   4.000
= Required Time                 3.844
- Arrival Time                  1.683
= Slack Time                    2.161
     Clock Rise Edge                      0.000
     + Input Delay                        1.000
     = Beginpoint Arrival Time            1.000
     Timing Path:
     +----------------------------------------------------------------------------+ 
     |        Instance        |    Arc     |  Cell   | Delay | Arrival | Required | 
     |                        |            |         |       |  Time   |   Time   | 
     |------------------------+------------+---------+-------+---------+----------| 
     |                        | i_href ^   |         |       |   1.000 |    3.161 | 
     | g79753                 | A ^ -> Y v | INVX1   | 0.045 |   1.045 |    3.206 | 
     | g79726                 | B v -> Y ^ | NOR2X1  | 0.033 |   1.078 |    3.239 | 
     | g79692                 | B ^ -> Y v | NAND2X1 | 0.026 |   1.104 |    3.265 | 
     | g79649                 | B v -> Y ^ | NOR2X1  | 0.018 |   1.122 |    3.283 | 
     | FE_OFC560_n_97         | A ^ -> Y ^ | BUFX2   | 0.095 |   1.217 |    3.378 | 
     | g79526                 | B ^ -> Y v | NAND2X1 | 0.140 |   1.356 |    3.517 | 
     | FE_OFC828_n_173        | A v -> Y ^ | INVXL   | 0.077 |   1.433 |    3.594 | 
     | FE_OFC829_n_173        | A ^ -> Y v | INVX1   | 0.091 |   1.524 |    3.685 | 
     | g78837                 | B v -> Y ^ | NOR2X1  | 0.158 |   1.682 |    3.843 | 
     | line_buff_1_reg[24][2] | SE ^       | SDFFQX1 | 0.001 |   1.683 |    3.844 | 
     +----------------------------------------------------------------------------+ 
     Clock Rise Edge                      0.000
     + Source Insertion Delay            -0.257
     = Beginpoint Arrival Time           -0.257
     Other End Path:
     +------------------------------------------------------------------------------+ 
     |        Instance        |    Arc     |   Cell    | Delay | Arrival | Required | 
     |                        |            |           |       |  Time   |   Time   | 
     |------------------------+------------+-----------+-------+---------+----------| 
     |                        | clk ^      |           |       |  -0.257 |   -2.418 | 
     | CTS_ccl_a_buf_00160    | A ^ -> Y ^ | CLKBUFX20 | 0.180 |  -0.077 |   -2.238 | 
     | CTS_ccl_a_buf_00155    | A ^ -> Y ^ | CLKBUFX6  | 0.205 |   0.127 |   -2.034 | 
     | line_buff_1_reg[24][2] | CK ^       | SDFFQX1   | 0.002 |   0.129 |   -2.032 | 
     +------------------------------------------------------------------------------+ 
Path 199: MET Setup Check with Pin line_buff_0_reg[24][2]/CK 
Endpoint:   line_buff_0_reg[24][2]/SE (^) checked with  leading edge of 'clk'
Beginpoint: i_href                    (^) triggered by  leading edge of 'clk'
Path Groups: {clk}
Analysis View: all
Other End Arrival Time          0.129
- Setup                         0.285
+ Phase Shift                   4.000
= Required Time                 3.844
- Arrival Time                  1.683
= Slack Time                    2.161
     Clock Rise Edge                      0.000
     + Input Delay                        1.000
     = Beginpoint Arrival Time            1.000
     Timing Path:
     +----------------------------------------------------------------------------+ 
     |        Instance        |    Arc     |  Cell   | Delay | Arrival | Required | 
     |                        |            |         |       |  Time   |   Time   | 
     |------------------------+------------+---------+-------+---------+----------| 
     |                        | i_href ^   |         |       |   1.000 |    3.161 | 
     | g79753                 | A ^ -> Y v | INVX1   | 0.045 |   1.045 |    3.206 | 
     | g79726                 | B v -> Y ^ | NOR2X1  | 0.033 |   1.078 |    3.239 | 
     | g79692                 | B ^ -> Y v | NAND2X1 | 0.026 |   1.104 |    3.265 | 
     | g79649                 | B v -> Y ^ | NOR2X1  | 0.018 |   1.122 |    3.283 | 
     | FE_OFC560_n_97         | A ^ -> Y ^ | BUFX2   | 0.095 |   1.217 |    3.378 | 
     | g79526                 | B ^ -> Y v | NAND2X1 | 0.140 |   1.356 |    3.517 | 
     | FE_OFC828_n_173        | A v -> Y ^ | INVXL   | 0.077 |   1.433 |    3.594 | 
     | FE_OFC829_n_173        | A ^ -> Y v | INVX1   | 0.091 |   1.524 |    3.685 | 
     | g78837                 | B v -> Y ^ | NOR2X1  | 0.158 |   1.682 |    3.843 | 
     | line_buff_0_reg[24][2] | SE ^       | SDFFQX1 | 0.001 |   1.683 |    3.844 | 
     +----------------------------------------------------------------------------+ 
     Clock Rise Edge                      0.000
     + Source Insertion Delay            -0.257
     = Beginpoint Arrival Time           -0.257
     Other End Path:
     +------------------------------------------------------------------------------+ 
     |        Instance        |    Arc     |   Cell    | Delay | Arrival | Required | 
     |                        |            |           |       |  Time   |   Time   | 
     |------------------------+------------+-----------+-------+---------+----------| 
     |                        | clk ^      |           |       |  -0.257 |   -2.418 | 
     | CTS_ccl_a_buf_00160    | A ^ -> Y ^ | CLKBUFX20 | 0.180 |  -0.077 |   -2.238 | 
     | CTS_ccl_a_buf_00155    | A ^ -> Y ^ | CLKBUFX6  | 0.205 |   0.127 |   -2.034 | 
     | line_buff_0_reg[24][2] | CK ^       | SDFFQX1   | 0.001 |   0.129 |   -2.032 | 
     +------------------------------------------------------------------------------+ 
Path 200: MET Setup Check with Pin line_buff_0_reg[41][5]/CK 
Endpoint:   line_buff_0_reg[41][5]/SE (^) checked with  leading edge of 'clk'
Beginpoint: i_href                    (^) triggered by  leading edge of 'clk'
Path Groups: {clk}
Analysis View: all
Other End Arrival Time          0.121
- Setup                         0.277
+ Phase Shift                   4.000
= Required Time                 3.845
- Arrival Time                  1.684
= Slack Time                    2.161
     Clock Rise Edge                      0.000
     + Input Delay                        1.000
     = Beginpoint Arrival Time            1.000
     Timing Path:
     +----------------------------------------------------------------------------+ 
     |        Instance        |    Arc     |  Cell   | Delay | Arrival | Required | 
     |                        |            |         |       |  Time   |   Time   | 
     |------------------------+------------+---------+-------+---------+----------| 
     |                        | i_href ^   |         |       |   1.000 |    3.161 | 
     | g79753                 | A ^ -> Y v | INVX1   | 0.045 |   1.045 |    3.206 | 
     | g79110                 | C v -> Y ^ | NOR3X1  | 0.023 |   1.069 |    3.230 | 
     | FE_OFC1106_n_585       | A ^ -> Y v | INVX1   | 0.053 |   1.121 |    3.282 | 
     | FE_OFC1107_n_585       | A v -> Y ^ | INVX1   | 0.116 |   1.237 |    3.398 | 
     | g78678                 | B ^ -> Y v | NAND2X1 | 0.139 |   1.377 |    3.538 | 
     | FE_OFC871_n_1029       | A v -> Y ^ | INVX1   | 0.062 |   1.439 |    3.600 | 
     | FE_OFC872_n_1029       | A ^ -> Y v | INVX1   | 0.093 |   1.532 |    3.693 | 
     | g78341                 | B v -> Y ^ | NOR2X1  | 0.151 |   1.683 |    3.844 | 
     | line_buff_0_reg[41][5] | SE ^       | SDFFQX1 | 0.000 |   1.684 |    3.845 | 
     +----------------------------------------------------------------------------+ 
     Clock Rise Edge                      0.000
     + Source Insertion Delay            -0.257
     = Beginpoint Arrival Time           -0.257
     Other End Path:
     +------------------------------------------------------------------------------+ 
     |        Instance        |    Arc     |   Cell    | Delay | Arrival | Required | 
     |                        |            |           |       |  Time   |   Time   | 
     |------------------------+------------+-----------+-------+---------+----------| 
     |                        | clk ^      |           |       |  -0.257 |   -2.418 | 
     | CTS_ccl_a_buf_00159    | A ^ -> Y ^ | CLKBUFX20 | 0.176 |  -0.082 |   -2.243 | 
     | CTS_ccl_a_buf_00150    | A ^ -> Y ^ | CLKBUFX6  | 0.201 |   0.119 |   -2.042 | 
     | line_buff_0_reg[41][5] | CK ^       | SDFFQX1   | 0.002 |   0.121 |   -2.040 | 
     +------------------------------------------------------------------------------+ 

