###############################################################
#  Generated by:      Cadence Innovus 25.10-p002_1
#  OS:                Linux x86_64(Host ID lnx60)
#  Generated on:      Sun Jun 28 10:05:59 2026
#  Design:            gaussian_filter
#  Command:           report_timing \
#    -early  \
#    -max_paths 200 \
#    -path_type full_clock \
#    > /home/niorr/FPT_Bulbasaurs/physical_design/results/gaussian/reports/setup_paths.rpt
###############################################################
Path 1: MET Hold Check with Pin line_buff_0_reg[70][4]/CK 
Endpoint:   line_buff_0_reg[70][4]/D (v) checked with  leading edge of 'clk'
Beginpoint: line_buff_0_reg[70][4]/Q (v) triggered by  leading edge of 'clk'
Path Groups: {reg2reg}
Analysis View: all
Other End Arrival Time         -0.124
+ Hold                          0.003
+ Phase Shift                   0.000
= Required Time                -0.121
  Arrival Time                  0.383
  Slack Time                    0.505
     Clock Rise Edge                      0.000
     + Source Insertion Delay            -0.257
     = Beginpoint Arrival Time           -0.257
     Timing Path:
     +-------------------------------------------------------------------------------+ 
     |        Instance        |     Arc     |   Cell    | Delay | Arrival | Required | 
     |                        |             |           |       |  Time   |   Time   | 
     |------------------------+-------------+-----------+-------+---------+----------| 
     |                        | clk ^       |           |       |  -0.257 |   -0.762 | 
     | CTS_ccl_a_buf_00159    | A ^ -> Y ^  | CLKBUFX20 | 0.176 |  -0.082 |   -0.586 | 
     | CTS_ccl_a_buf_00086    | A ^ -> Y ^  | CLKBUFX6  | 0.193 |   0.111 |   -0.393 | 
     | line_buff_0_reg[70][4] | CK ^ -> Q v | SDFFQX1   | 0.272 |   0.383 |   -0.121 | 
     | line_buff_0_reg[70][4] | D v         | SDFFQX1   | 0.000 |   0.383 |   -0.121 | 
     +-------------------------------------------------------------------------------+ 
     Clock Rise Edge                      0.000
     + Source Insertion Delay            -0.257
     = Beginpoint Arrival Time           -0.257
     Other End Path:
     +------------------------------------------------------------------------------+ 
     |        Instance        |    Arc     |   Cell    | Delay | Arrival | Required | 
     |                        |            |           |       |  Time   |   Time   | 
     |------------------------+------------+-----------+-------+---------+----------| 
     |                        | clk ^      |           |       |  -0.257 |    0.247 | 
     | CTS_ccl_a_buf_00159    | A ^ -> Y ^ | CLKBUFX20 | 0.069 |  -0.189 |    0.316 | 
     | CTS_ccl_a_buf_00086    | A ^ -> Y ^ | CLKBUFX6  | 0.063 |  -0.126 |    0.379 | 
     | line_buff_0_reg[70][4] | CK ^       | SDFFQX1   | 0.002 |  -0.124 |    0.381 | 
     +------------------------------------------------------------------------------+ 
Path 2: MET Hold Check with Pin line_buff_0_reg[66][4]/CK 
Endpoint:   line_buff_0_reg[66][4]/D (v) checked with  leading edge of 'clk'
Beginpoint: line_buff_0_reg[66][4]/Q (v) triggered by  leading edge of 'clk'
Path Groups: {reg2reg}
Analysis View: all
Other End Arrival Time         -0.124
+ Hold                          0.003
+ Phase Shift                   0.000
= Required Time                -0.122
  Arrival Time                  0.383
  Slack Time                    0.505
     Clock Rise Edge                      0.000
     + Source Insertion Delay            -0.257
     = Beginpoint Arrival Time           -0.257
     Timing Path:
     +-------------------------------------------------------------------------------+ 
     |        Instance        |     Arc     |   Cell    | Delay | Arrival | Required | 
     |                        |             |           |       |  Time   |   Time   | 
     |------------------------+-------------+-----------+-------+---------+----------| 
     |                        | clk ^       |           |       |  -0.257 |   -0.762 | 
     | CTS_ccl_a_buf_00159    | A ^ -> Y ^  | CLKBUFX20 | 0.176 |  -0.082 |   -0.587 | 
     | CTS_ccl_a_buf_00086    | A ^ -> Y ^  | CLKBUFX6  | 0.193 |   0.111 |   -0.393 | 
     | line_buff_0_reg[66][4] | CK ^ -> Q v | SDFFQX1   | 0.272 |   0.383 |   -0.122 | 
     | line_buff_0_reg[66][4] | D v         | SDFFQX1   | 0.000 |   0.383 |   -0.122 | 
     +-------------------------------------------------------------------------------+ 
     Clock Rise Edge                      0.000
     + Source Insertion Delay            -0.257
     = Beginpoint Arrival Time           -0.257
     Other End Path:
     +------------------------------------------------------------------------------+ 
     |        Instance        |    Arc     |   Cell    | Delay | Arrival | Required | 
     |                        |            |           |       |  Time   |   Time   | 
     |------------------------+------------+-----------+-------+---------+----------| 
     |                        | clk ^      |           |       |  -0.257 |    0.247 | 
     | CTS_ccl_a_buf_00159    | A ^ -> Y ^ | CLKBUFX20 | 0.069 |  -0.189 |    0.316 | 
     | CTS_ccl_a_buf_00086    | A ^ -> Y ^ | CLKBUFX6  | 0.063 |  -0.126 |    0.379 | 
     | line_buff_0_reg[66][4] | CK ^       | SDFFQX1   | 0.001 |  -0.124 |    0.381 | 
     +------------------------------------------------------------------------------+ 
Path 3: MET Hold Check with Pin line_buff_1_reg[64][3]/CK 
Endpoint:   line_buff_1_reg[64][3]/D (v) checked with  leading edge of 'clk'
Beginpoint: line_buff_1_reg[64][3]/Q (v) triggered by  leading edge of 'clk'
Path Groups: {reg2reg}
Analysis View: all
Other End Arrival Time         -0.124
+ Hold                          0.003
+ Phase Shift                   0.000
= Required Time                -0.121
  Arrival Time                  0.384
  Slack Time                    0.505
     Clock Rise Edge                      0.000
     + Source Insertion Delay            -0.257
     = Beginpoint Arrival Time           -0.257
     Timing Path:
     +-------------------------------------------------------------------------------+ 
     |        Instance        |     Arc     |   Cell    | Delay | Arrival | Required | 
     |                        |             |           |       |  Time   |   Time   | 
     |------------------------+-------------+-----------+-------+---------+----------| 
     |                        | clk ^       |           |       |  -0.257 |   -0.763 | 
     | CTS_ccl_a_buf_00159    | A ^ -> Y ^  | CLKBUFX20 | 0.176 |  -0.082 |   -0.587 | 
     | CTS_ccl_a_buf_00086    | A ^ -> Y ^  | CLKBUFX6  | 0.193 |   0.111 |   -0.394 | 
     | line_buff_1_reg[64][3] | CK ^ -> Q v | SDFFQX1   | 0.272 |   0.384 |   -0.121 | 
     | line_buff_1_reg[64][3] | D v         | SDFFQX1   | 0.000 |   0.384 |   -0.121 | 
     +-------------------------------------------------------------------------------+ 
     Clock Rise Edge                      0.000
     + Source Insertion Delay            -0.257
     = Beginpoint Arrival Time           -0.257
     Other End Path:
     +------------------------------------------------------------------------------+ 
     |        Instance        |    Arc     |   Cell    | Delay | Arrival | Required | 
     |                        |            |           |       |  Time   |   Time   | 
     |------------------------+------------+-----------+-------+---------+----------| 
     |                        | clk ^      |           |       |  -0.257 |    0.248 | 
     | CTS_ccl_a_buf_00159    | A ^ -> Y ^ | CLKBUFX20 | 0.069 |  -0.189 |    0.316 | 
     | CTS_ccl_a_buf_00086    | A ^ -> Y ^ | CLKBUFX6  | 0.063 |  -0.126 |    0.380 | 
     | line_buff_1_reg[64][3] | CK ^       | SDFFQX1   | 0.002 |  -0.124 |    0.381 | 
     +------------------------------------------------------------------------------+ 
Path 4: MET Hold Check with Pin line_buff_0_reg[68][4]/CK 
Endpoint:   line_buff_0_reg[68][4]/D (v) checked with  leading edge of 'clk'
Beginpoint: line_buff_0_reg[68][4]/Q (v) triggered by  leading edge of 'clk'
Path Groups: {reg2reg}
Analysis View: all
Other End Arrival Time         -0.124
+ Hold                          0.002
+ Phase Shift                   0.000
= Required Time                -0.122
  Arrival Time                  0.384
  Slack Time                    0.505
     Clock Rise Edge                      0.000
     + Source Insertion Delay            -0.257
     = Beginpoint Arrival Time           -0.257
     Timing Path:
     +-------------------------------------------------------------------------------+ 
     |        Instance        |     Arc     |   Cell    | Delay | Arrival | Required | 
     |                        |             |           |       |  Time   |   Time   | 
     |------------------------+-------------+-----------+-------+---------+----------| 
     |                        | clk ^       |           |       |  -0.257 |   -0.763 | 
     | CTS_ccl_a_buf_00159    | A ^ -> Y ^  | CLKBUFX20 | 0.176 |  -0.082 |   -0.587 | 
     | CTS_ccl_a_buf_00086    | A ^ -> Y ^  | CLKBUFX6  | 0.193 |   0.111 |   -0.394 | 
     | line_buff_0_reg[68][4] | CK ^ -> Q v | SDFFQX1   | 0.272 |   0.384 |   -0.122 | 
     | line_buff_0_reg[68][4] | D v         | SDFFQX1   | 0.000 |   0.384 |   -0.122 | 
     +-------------------------------------------------------------------------------+ 
     Clock Rise Edge                      0.000
     + Source Insertion Delay            -0.257
     = Beginpoint Arrival Time           -0.257
     Other End Path:
     +------------------------------------------------------------------------------+ 
     |        Instance        |    Arc     |   Cell    | Delay | Arrival | Required | 
     |                        |            |           |       |  Time   |   Time   | 
     |------------------------+------------+-----------+-------+---------+----------| 
     |                        | clk ^      |           |       |  -0.257 |    0.248 | 
     | CTS_ccl_a_buf_00159    | A ^ -> Y ^ | CLKBUFX20 | 0.069 |  -0.189 |    0.317 | 
     | CTS_ccl_a_buf_00086    | A ^ -> Y ^ | CLKBUFX6  | 0.063 |  -0.126 |    0.380 | 
     | line_buff_0_reg[68][4] | CK ^       | SDFFQX1   | 0.001 |  -0.124 |    0.381 | 
     +------------------------------------------------------------------------------+ 
Path 5: MET Hold Check with Pin line_buff_0_reg[70][1]/CK 
Endpoint:   line_buff_0_reg[70][1]/D (v) checked with  leading edge of 'clk'
Beginpoint: line_buff_0_reg[70][1]/Q (v) triggered by  leading edge of 'clk'
Path Groups: {reg2reg}
Analysis View: all
Other End Arrival Time         -0.124
+ Hold                          0.002
+ Phase Shift                   0.000
= Required Time                -0.122
  Arrival Time                  0.384
  Slack Time                    0.506
     Clock Rise Edge                      0.000
     + Source Insertion Delay            -0.257
     = Beginpoint Arrival Time           -0.257
     Timing Path:
     +-------------------------------------------------------------------------------+ 
     |        Instance        |     Arc     |   Cell    | Delay | Arrival | Required | 
     |                        |             |           |       |  Time   |   Time   | 
     |------------------------+-------------+-----------+-------+---------+----------| 
     |                        | clk ^       |           |       |  -0.257 |   -0.763 | 
     | CTS_ccl_a_buf_00159    | A ^ -> Y ^  | CLKBUFX20 | 0.176 |  -0.082 |   -0.587 | 
     | CTS_ccl_a_buf_00086    | A ^ -> Y ^  | CLKBUFX6  | 0.193 |   0.111 |   -0.394 | 
     | line_buff_0_reg[70][1] | CK ^ -> Q v | SDFFQX1   | 0.272 |   0.384 |   -0.122 | 
     | line_buff_0_reg[70][1] | D v         | SDFFQX1   | 0.000 |   0.384 |   -0.122 | 
     +-------------------------------------------------------------------------------+ 
     Clock Rise Edge                      0.000
     + Source Insertion Delay            -0.257
     = Beginpoint Arrival Time           -0.257
     Other End Path:
     +------------------------------------------------------------------------------+ 
     |        Instance        |    Arc     |   Cell    | Delay | Arrival | Required | 
     |                        |            |           |       |  Time   |   Time   | 
     |------------------------+------------+-----------+-------+---------+----------| 
     |                        | clk ^      |           |       |  -0.257 |    0.248 | 
     | CTS_ccl_a_buf_00159    | A ^ -> Y ^ | CLKBUFX20 | 0.069 |  -0.189 |    0.317 | 
     | CTS_ccl_a_buf_00086    | A ^ -> Y ^ | CLKBUFX6  | 0.063 |  -0.126 |    0.380 | 
     | line_buff_0_reg[70][1] | CK ^       | SDFFQX1   | 0.002 |  -0.124 |    0.381 | 
     +------------------------------------------------------------------------------+ 
Path 6: MET Hold Check with Pin line_buff_0_reg[64][2]/CK 
Endpoint:   line_buff_0_reg[64][2]/D (v) checked with  leading edge of 'clk'
Beginpoint: line_buff_0_reg[64][2]/Q (v) triggered by  leading edge of 'clk'
Path Groups: {reg2reg}
Analysis View: all
Other End Arrival Time         -0.124
+ Hold                          0.002
+ Phase Shift                   0.000
= Required Time                -0.122
  Arrival Time                  0.384
  Slack Time                    0.506
     Clock Rise Edge                      0.000
     + Source Insertion Delay            -0.257
     = Beginpoint Arrival Time           -0.257
     Timing Path:
     +-------------------------------------------------------------------------------+ 
     |        Instance        |     Arc     |   Cell    | Delay | Arrival | Required | 
     |                        |             |           |       |  Time   |   Time   | 
     |------------------------+-------------+-----------+-------+---------+----------| 
     |                        | clk ^       |           |       |  -0.257 |   -0.763 | 
     | CTS_ccl_a_buf_00159    | A ^ -> Y ^  | CLKBUFX20 | 0.176 |  -0.082 |   -0.587 | 
     | CTS_ccl_a_buf_00086    | A ^ -> Y ^  | CLKBUFX6  | 0.193 |   0.111 |   -0.394 | 
     | line_buff_0_reg[64][2] | CK ^ -> Q v | SDFFQX1   | 0.273 |   0.384 |   -0.122 | 
     | line_buff_0_reg[64][2] | D v         | SDFFQX1   | 0.000 |   0.384 |   -0.122 | 
     +-------------------------------------------------------------------------------+ 
     Clock Rise Edge                      0.000
     + Source Insertion Delay            -0.257
     = Beginpoint Arrival Time           -0.257
     Other End Path:
     +------------------------------------------------------------------------------+ 
     |        Instance        |    Arc     |   Cell    | Delay | Arrival | Required | 
     |                        |            |           |       |  Time   |   Time   | 
     |------------------------+------------+-----------+-------+---------+----------| 
     |                        | clk ^      |           |       |  -0.257 |    0.248 | 
     | CTS_ccl_a_buf_00159    | A ^ -> Y ^ | CLKBUFX20 | 0.069 |  -0.189 |    0.317 | 
     | CTS_ccl_a_buf_00086    | A ^ -> Y ^ | CLKBUFX6  | 0.063 |  -0.126 |    0.380 | 
     | line_buff_0_reg[64][2] | CK ^       | SDFFQX1   | 0.002 |  -0.124 |    0.382 | 
     +------------------------------------------------------------------------------+ 
Path 7: MET Hold Check with Pin line_buff_0_reg[72][1]/CK 
Endpoint:   line_buff_0_reg[72][1]/D (v) checked with  leading edge of 'clk'
Beginpoint: line_buff_0_reg[72][1]/Q (v) triggered by  leading edge of 'clk'
Path Groups: {reg2reg}
Analysis View: all
Other End Arrival Time         -0.124
+ Hold                          0.002
+ Phase Shift                   0.000
= Required Time                -0.122
  Arrival Time                  0.384
  Slack Time                    0.506
     Clock Rise Edge                      0.000
     + Source Insertion Delay            -0.257
     = Beginpoint Arrival Time           -0.257
     Timing Path:
     +-------------------------------------------------------------------------------+ 
     |        Instance        |     Arc     |   Cell    | Delay | Arrival | Required | 
     |                        |             |           |       |  Time   |   Time   | 
     |------------------------+-------------+-----------+-------+---------+----------| 
     |                        | clk ^       |           |       |  -0.257 |   -0.764 | 
     | CTS_ccl_a_buf_00159    | A ^ -> Y ^  | CLKBUFX20 | 0.176 |  -0.082 |   -0.588 | 
     | CTS_ccl_a_buf_00086    | A ^ -> Y ^  | CLKBUFX6  | 0.193 |   0.111 |   -0.395 | 
     | line_buff_0_reg[72][1] | CK ^ -> Q v | SDFFQX1   | 0.273 |   0.384 |   -0.122 | 
     | line_buff_0_reg[72][1] | D v         | SDFFQX1   | 0.000 |   0.384 |   -0.122 | 
     +-------------------------------------------------------------------------------+ 
     Clock Rise Edge                      0.000
     + Source Insertion Delay            -0.257
     = Beginpoint Arrival Time           -0.257
     Other End Path:
     +------------------------------------------------------------------------------+ 
     |        Instance        |    Arc     |   Cell    | Delay | Arrival | Required | 
     |                        |            |           |       |  Time   |   Time   | 
     |------------------------+------------+-----------+-------+---------+----------| 
     |                        | clk ^      |           |       |  -0.257 |    0.249 | 
     | CTS_ccl_a_buf_00159    | A ^ -> Y ^ | CLKBUFX20 | 0.069 |  -0.189 |    0.318 | 
     | CTS_ccl_a_buf_00086    | A ^ -> Y ^ | CLKBUFX6  | 0.063 |  -0.126 |    0.381 | 
     | line_buff_0_reg[72][1] | CK ^       | SDFFQX1   | 0.002 |  -0.124 |    0.382 | 
     +------------------------------------------------------------------------------+ 
Path 8: MET Hold Check with Pin line_buff_0_reg[70][0]/CK 
Endpoint:   line_buff_0_reg[70][0]/D (v) checked with  leading edge of 'clk'
Beginpoint: line_buff_0_reg[70][0]/Q (v) triggered by  leading edge of 'clk'
Path Groups: {reg2reg}
Analysis View: all
Other End Arrival Time         -0.124
+ Hold                          0.002
+ Phase Shift                   0.000
= Required Time                -0.122
  Arrival Time                  0.384
  Slack Time                    0.506
     Clock Rise Edge                      0.000
     + Source Insertion Delay            -0.257
     = Beginpoint Arrival Time           -0.257
     Timing Path:
     +-------------------------------------------------------------------------------+ 
     |        Instance        |     Arc     |   Cell    | Delay | Arrival | Required | 
     |                        |             |           |       |  Time   |   Time   | 
     |------------------------+-------------+-----------+-------+---------+----------| 
     |                        | clk ^       |           |       |  -0.257 |   -0.764 | 
     | CTS_ccl_a_buf_00159    | A ^ -> Y ^  | CLKBUFX20 | 0.176 |  -0.082 |   -0.588 | 
     | CTS_ccl_a_buf_00086    | A ^ -> Y ^  | CLKBUFX6  | 0.193 |   0.111 |   -0.395 | 
     | line_buff_0_reg[70][0] | CK ^ -> Q v | SDFFQX1   | 0.273 |   0.384 |   -0.122 | 
     | line_buff_0_reg[70][0] | D v         | SDFFQX1   | 0.000 |   0.384 |   -0.122 | 
     +-------------------------------------------------------------------------------+ 
     Clock Rise Edge                      0.000
     + Source Insertion Delay            -0.257
     = Beginpoint Arrival Time           -0.257
     Other End Path:
     +------------------------------------------------------------------------------+ 
     |        Instance        |    Arc     |   Cell    | Delay | Arrival | Required | 
     |                        |            |           |       |  Time   |   Time   | 
     |------------------------+------------+-----------+-------+---------+----------| 
     |                        | clk ^      |           |       |  -0.257 |    0.249 | 
     | CTS_ccl_a_buf_00159    | A ^ -> Y ^ | CLKBUFX20 | 0.069 |  -0.189 |    0.318 | 
     | CTS_ccl_a_buf_00086    | A ^ -> Y ^ | CLKBUFX6  | 0.063 |  -0.126 |    0.381 | 
     | line_buff_0_reg[70][0] | CK ^       | SDFFQX1   | 0.002 |  -0.124 |    0.382 | 
     +------------------------------------------------------------------------------+ 
Path 9: MET Hold Check with Pin line_buff_1_reg[70][0]/CK 
Endpoint:   line_buff_1_reg[70][0]/D (v) checked with  leading edge of 'clk'
Beginpoint: line_buff_1_reg[70][0]/Q (v) triggered by  leading edge of 'clk'
Path Groups: {reg2reg}
Analysis View: all
Other End Arrival Time         -0.124
+ Hold                          0.002
+ Phase Shift                   0.000
= Required Time                -0.122
  Arrival Time                  0.385
  Slack Time                    0.507
     Clock Rise Edge                      0.000
     + Source Insertion Delay            -0.257
     = Beginpoint Arrival Time           -0.257
     Timing Path:
     +-------------------------------------------------------------------------------+ 
     |        Instance        |     Arc     |   Cell    | Delay | Arrival | Required | 
     |                        |             |           |       |  Time   |   Time   | 
     |------------------------+-------------+-----------+-------+---------+----------| 
     |                        | clk ^       |           |       |  -0.257 |   -0.764 | 
     | CTS_ccl_a_buf_00159    | A ^ -> Y ^  | CLKBUFX20 | 0.176 |  -0.082 |   -0.589 | 
     | CTS_ccl_a_buf_00086    | A ^ -> Y ^  | CLKBUFX6  | 0.193 |   0.111 |   -0.395 | 
     | line_buff_1_reg[70][0] | CK ^ -> Q v | SDFFQX1   | 0.273 |   0.385 |   -0.122 | 
     | line_buff_1_reg[70][0] | D v         | SDFFQX1   | 0.000 |   0.385 |   -0.122 | 
     +-------------------------------------------------------------------------------+ 
     Clock Rise Edge                      0.000
     + Source Insertion Delay            -0.257
     = Beginpoint Arrival Time           -0.257
     Other End Path:
     +------------------------------------------------------------------------------+ 
     |        Instance        |    Arc     |   Cell    | Delay | Arrival | Required | 
     |                        |            |           |       |  Time   |   Time   | 
     |------------------------+------------+-----------+-------+---------+----------| 
     |                        | clk ^      |           |       |  -0.257 |    0.249 | 
     | CTS_ccl_a_buf_00159    | A ^ -> Y ^ | CLKBUFX20 | 0.069 |  -0.189 |    0.318 | 
     | CTS_ccl_a_buf_00086    | A ^ -> Y ^ | CLKBUFX6  | 0.063 |  -0.126 |    0.381 | 
     | line_buff_1_reg[70][0] | CK ^       | SDFFQX1   | 0.002 |  -0.124 |    0.383 | 
     +------------------------------------------------------------------------------+ 
Path 10: MET Hold Check with Pin line_buff_0_reg[70][5]/CK 
Endpoint:   line_buff_0_reg[70][5]/D (v) checked with  leading edge of 'clk'
Beginpoint: line_buff_0_reg[70][5]/Q (v) triggered by  leading edge of 'clk'
Path Groups: {reg2reg}
Analysis View: all
Other End Arrival Time         -0.124
+ Hold                          0.002
+ Phase Shift                   0.000
= Required Time                -0.122
  Arrival Time                  0.385
  Slack Time                    0.507
     Clock Rise Edge                      0.000
     + Source Insertion Delay            -0.257
     = Beginpoint Arrival Time           -0.257
     Timing Path:
     +-------------------------------------------------------------------------------+ 
     |        Instance        |     Arc     |   Cell    | Delay | Arrival | Required | 
     |                        |             |           |       |  Time   |   Time   | 
     |------------------------+-------------+-----------+-------+---------+----------| 
     |                        | clk ^       |           |       |  -0.257 |   -0.764 | 
     | CTS_ccl_a_buf_00159    | A ^ -> Y ^  | CLKBUFX20 | 0.176 |  -0.082 |   -0.589 | 
     | CTS_ccl_a_buf_00086    | A ^ -> Y ^  | CLKBUFX6  | 0.193 |   0.111 |   -0.396 | 
     | line_buff_0_reg[70][5] | CK ^ -> Q v | SDFFQX1   | 0.273 |   0.385 |   -0.122 | 
     | line_buff_0_reg[70][5] | D v         | SDFFQX1   | 0.000 |   0.385 |   -0.122 | 
     +-------------------------------------------------------------------------------+ 
     Clock Rise Edge                      0.000
     + Source Insertion Delay            -0.257
     = Beginpoint Arrival Time           -0.257
     Other End Path:
     +------------------------------------------------------------------------------+ 
     |        Instance        |    Arc     |   Cell    | Delay | Arrival | Required | 
     |                        |            |           |       |  Time   |   Time   | 
     |------------------------+------------+-----------+-------+---------+----------| 
     |                        | clk ^      |           |       |  -0.257 |    0.250 | 
     | CTS_ccl_a_buf_00159    | A ^ -> Y ^ | CLKBUFX20 | 0.069 |  -0.189 |    0.318 | 
     | CTS_ccl_a_buf_00086    | A ^ -> Y ^ | CLKBUFX6  | 0.063 |  -0.126 |    0.381 | 
     | line_buff_0_reg[70][5] | CK ^       | SDFFQX1   | 0.002 |  -0.124 |    0.383 | 
     +------------------------------------------------------------------------------+ 
Path 11: MET Hold Check with Pin line_buff_0_reg[71][5]/CK 
Endpoint:   line_buff_0_reg[71][5]/D (v) checked with  leading edge of 'clk'
Beginpoint: line_buff_0_reg[71][5]/Q (v) triggered by  leading edge of 'clk'
Path Groups: {reg2reg}
Analysis View: all
Other End Arrival Time         -0.124
+ Hold                          0.002
+ Phase Shift                   0.000
= Required Time                -0.122
  Arrival Time                  0.385
  Slack Time                    0.507
     Clock Rise Edge                      0.000
     + Source Insertion Delay            -0.257
     = Beginpoint Arrival Time           -0.257
     Timing Path:
     +-------------------------------------------------------------------------------+ 
     |        Instance        |     Arc     |   Cell    | Delay | Arrival | Required | 
     |                        |             |           |       |  Time   |   Time   | 
     |------------------------+-------------+-----------+-------+---------+----------| 
     |                        | clk ^       |           |       |  -0.257 |   -0.765 | 
     | CTS_ccl_a_buf_00159    | A ^ -> Y ^  | CLKBUFX20 | 0.176 |  -0.082 |   -0.589 | 
     | CTS_ccl_a_buf_00086    | A ^ -> Y ^  | CLKBUFX6  | 0.193 |   0.111 |   -0.396 | 
     | line_buff_0_reg[71][5] | CK ^ -> Q v | SDFFQX1   | 0.273 |   0.385 |   -0.122 | 
     | line_buff_0_reg[71][5] | D v         | SDFFQX1   | 0.000 |   0.385 |   -0.122 | 
     +-------------------------------------------------------------------------------+ 
     Clock Rise Edge                      0.000
     + Source Insertion Delay            -0.257
     = Beginpoint Arrival Time           -0.257
     Other End Path:
     +------------------------------------------------------------------------------+ 
     |        Instance        |    Arc     |   Cell    | Delay | Arrival | Required | 
     |                        |            |           |       |  Time   |   Time   | 
     |------------------------+------------+-----------+-------+---------+----------| 
     |                        | clk ^      |           |       |  -0.257 |    0.250 | 
     | CTS_ccl_a_buf_00159    | A ^ -> Y ^ | CLKBUFX20 | 0.069 |  -0.189 |    0.319 | 
     | CTS_ccl_a_buf_00086    | A ^ -> Y ^ | CLKBUFX6  | 0.063 |  -0.126 |    0.382 | 
     | line_buff_0_reg[71][5] | CK ^       | SDFFQX1   | 0.002 |  -0.124 |    0.383 | 
     +------------------------------------------------------------------------------+ 
Path 12: MET Hold Check with Pin line_buff_1_reg[300][0]/CK 
Endpoint:   line_buff_1_reg[300][0]/D (v) checked with  leading edge of 'clk'
Beginpoint: line_buff_1_reg[300][0]/Q (v) triggered by  leading edge of 'clk'
Path Groups: {reg2reg}
Analysis View: all
Other End Arrival Time         -0.120
+ Hold                          0.005
+ Phase Shift                   0.000
= Required Time                -0.115
  Arrival Time                  0.392
  Slack Time                    0.508
     Clock Rise Edge                      0.000
     + Source Insertion Delay            -0.257
     = Beginpoint Arrival Time           -0.257
     Timing Path:
     +--------------------------------------------------------------------------------+ 
     |        Instance         |     Arc     |   Cell    | Delay | Arrival | Required | 
     |                         |             |           |       |  Time   |   Time   | 
     |-------------------------+-------------+-----------+-------+---------+----------| 
     |                         | clk ^       |           |       |  -0.257 |   -0.765 | 
     | CTS_ccl_a_buf_00159     | A ^ -> Y ^  | CLKBUFX20 | 0.176 |  -0.082 |   -0.589 | 
     | CTS_ccl_a_buf_00090     | A ^ -> Y ^  | CLKBUFX6  | 0.199 |   0.117 |   -0.391 | 
     | line_buff_1_reg[300][0] | CK ^ -> Q v | SDFFQX1   | 0.275 |   0.392 |   -0.115 | 
     | line_buff_1_reg[300][0] | D v         | SDFFQX1   | 0.000 |   0.392 |   -0.115 | 
     +--------------------------------------------------------------------------------+ 
     Clock Rise Edge                      0.000
     + Source Insertion Delay            -0.257
     = Beginpoint Arrival Time           -0.257
     Other End Path:
     +-------------------------------------------------------------------------------+ 
     |        Instance         |    Arc     |   Cell    | Delay | Arrival | Required | 
     |                         |            |           |       |  Time   |   Time   | 
     |-------------------------+------------+-----------+-------+---------+----------| 
     |                         | clk ^      |           |       |  -0.257 |    0.250 | 
     | CTS_ccl_a_buf_00159     | A ^ -> Y ^ | CLKBUFX20 | 0.069 |  -0.189 |    0.319 | 
     | CTS_ccl_a_buf_00090     | A ^ -> Y ^ | CLKBUFX6  | 0.067 |  -0.122 |    0.386 | 
     | line_buff_1_reg[300][0] | CK ^       | SDFFQX1   | 0.002 |  -0.120 |    0.387 | 
     +-------------------------------------------------------------------------------+ 
Path 13: MET Hold Check with Pin line_buff_1_reg[72][3]/CK 
Endpoint:   line_buff_1_reg[72][3]/D (v) checked with  leading edge of 'clk'
Beginpoint: line_buff_1_reg[72][3]/Q (v) triggered by  leading edge of 'clk'
Path Groups: {reg2reg}
Analysis View: all
Other End Arrival Time         -0.124
+ Hold                          0.001
+ Phase Shift                   0.000
= Required Time                -0.122
  Arrival Time                  0.385
  Slack Time                    0.508
     Clock Rise Edge                      0.000
     + Source Insertion Delay            -0.257
     = Beginpoint Arrival Time           -0.257
     Timing Path:
     +-------------------------------------------------------------------------------+ 
     |        Instance        |     Arc     |   Cell    | Delay | Arrival | Required | 
     |                        |             |           |       |  Time   |   Time   | 
     |------------------------+-------------+-----------+-------+---------+----------| 
     |                        | clk ^       |           |       |  -0.257 |   -0.765 | 
     | CTS_ccl_a_buf_00159    | A ^ -> Y ^  | CLKBUFX20 | 0.176 |  -0.082 |   -0.589 | 
     | CTS_ccl_a_buf_00086    | A ^ -> Y ^  | CLKBUFX6  | 0.193 |   0.111 |   -0.396 | 
     | line_buff_1_reg[72][3] | CK ^ -> Q v | SDFFQX1   | 0.274 |   0.385 |   -0.122 | 
     | line_buff_1_reg[72][3] | D v         | SDFFQX1   | 0.000 |   0.385 |   -0.122 | 
     +-------------------------------------------------------------------------------+ 
     Clock Rise Edge                      0.000
     + Source Insertion Delay            -0.257
     = Beginpoint Arrival Time           -0.257
     Other End Path:
     +------------------------------------------------------------------------------+ 
     |        Instance        |    Arc     |   Cell    | Delay | Arrival | Required | 
     |                        |            |           |       |  Time   |   Time   | 
     |------------------------+------------+-----------+-------+---------+----------| 
     |                        | clk ^      |           |       |  -0.257 |    0.250 | 
     | CTS_ccl_a_buf_00159    | A ^ -> Y ^ | CLKBUFX20 | 0.069 |  -0.189 |    0.319 | 
     | CTS_ccl_a_buf_00086    | A ^ -> Y ^ | CLKBUFX6  | 0.063 |  -0.126 |    0.382 | 
     | line_buff_1_reg[72][3] | CK ^       | SDFFQX1   | 0.002 |  -0.124 |    0.384 | 
     +------------------------------------------------------------------------------+ 
Path 14: MET Hold Check with Pin line_buff_0_reg[71][4]/CK 
Endpoint:   line_buff_0_reg[71][4]/D (v) checked with  leading edge of 'clk'
Beginpoint: line_buff_0_reg[71][4]/Q (v) triggered by  leading edge of 'clk'
Path Groups: {reg2reg}
Analysis View: all
Other End Arrival Time         -0.124
+ Hold                          0.001
+ Phase Shift                   0.000
= Required Time                -0.123
  Arrival Time                  0.385
  Slack Time                    0.508
     Clock Rise Edge                      0.000
     + Source Insertion Delay            -0.257
     = Beginpoint Arrival Time           -0.257
     Timing Path:
     +-------------------------------------------------------------------------------+ 
     |        Instance        |     Arc     |   Cell    | Delay | Arrival | Required | 
     |                        |             |           |       |  Time   |   Time   | 
     |------------------------+-------------+-----------+-------+---------+----------| 
     |                        | clk ^       |           |       |  -0.257 |   -0.765 | 
     | CTS_ccl_a_buf_00159    | A ^ -> Y ^  | CLKBUFX20 | 0.176 |  -0.082 |   -0.590 | 
     | CTS_ccl_a_buf_00086    | A ^ -> Y ^  | CLKBUFX6  | 0.193 |   0.111 |   -0.396 | 
     | line_buff_0_reg[71][4] | CK ^ -> Q v | SDFFQX1   | 0.274 |   0.385 |   -0.123 | 
     | line_buff_0_reg[71][4] | D v         | SDFFQX1   | 0.000 |   0.385 |   -0.123 | 
     +-------------------------------------------------------------------------------+ 
     Clock Rise Edge                      0.000
     + Source Insertion Delay            -0.257
     = Beginpoint Arrival Time           -0.257
     Other End Path:
     +------------------------------------------------------------------------------+ 
     |        Instance        |    Arc     |   Cell    | Delay | Arrival | Required | 
     |                        |            |           |       |  Time   |   Time   | 
     |------------------------+------------+-----------+-------+---------+----------| 
     |                        | clk ^      |           |       |  -0.257 |    0.250 | 
     | CTS_ccl_a_buf_00159    | A ^ -> Y ^ | CLKBUFX20 | 0.069 |  -0.189 |    0.319 | 
     | CTS_ccl_a_buf_00086    | A ^ -> Y ^ | CLKBUFX6  | 0.063 |  -0.126 |    0.382 | 
     | line_buff_0_reg[71][4] | CK ^       | SDFFQX1   | 0.002 |  -0.124 |    0.384 | 
     +------------------------------------------------------------------------------+ 
Path 15: MET Hold Check with Pin line_buff_1_reg[66][5]/CK 
Endpoint:   line_buff_1_reg[66][5]/D (v) checked with  leading edge of 'clk'
Beginpoint: line_buff_1_reg[66][5]/Q (v) triggered by  leading edge of 'clk'
Path Groups: {reg2reg}
Analysis View: all
Other End Arrival Time         -0.124
+ Hold                          0.001
+ Phase Shift                   0.000
= Required Time                -0.123
  Arrival Time                  0.385
  Slack Time                    0.508
     Clock Rise Edge                      0.000
     + Source Insertion Delay            -0.257
     = Beginpoint Arrival Time           -0.257
     Timing Path:
     +-------------------------------------------------------------------------------+ 
     |        Instance        |     Arc     |   Cell    | Delay | Arrival | Required | 
     |                        |             |           |       |  Time   |   Time   | 
     |------------------------+-------------+-----------+-------+---------+----------| 
     |                        | clk ^       |           |       |  -0.257 |   -0.765 | 
     | CTS_ccl_a_buf_00159    | A ^ -> Y ^  | CLKBUFX20 | 0.176 |  -0.082 |   -0.590 | 
     | CTS_ccl_a_buf_00086    | A ^ -> Y ^  | CLKBUFX6  | 0.193 |   0.111 |   -0.396 | 
     | line_buff_1_reg[66][5] | CK ^ -> Q v | SDFFQX1   | 0.274 |   0.385 |   -0.123 | 
     | line_buff_1_reg[66][5] | D v         | SDFFQX1   | 0.000 |   0.385 |   -0.123 | 
     +-------------------------------------------------------------------------------+ 
     Clock Rise Edge                      0.000
     + Source Insertion Delay            -0.257
     = Beginpoint Arrival Time           -0.257
     Other End Path:
     +------------------------------------------------------------------------------+ 
     |        Instance        |    Arc     |   Cell    | Delay | Arrival | Required | 
     |                        |            |           |       |  Time   |   Time   | 
     |------------------------+------------+-----------+-------+---------+----------| 
     |                        | clk ^      |           |       |  -0.257 |    0.251 | 
     | CTS_ccl_a_buf_00159    | A ^ -> Y ^ | CLKBUFX20 | 0.069 |  -0.189 |    0.319 | 
     | CTS_ccl_a_buf_00086    | A ^ -> Y ^ | CLKBUFX6  | 0.063 |  -0.126 |    0.382 | 
     | line_buff_1_reg[66][5] | CK ^       | SDFFQX1   | 0.002 |  -0.124 |    0.384 | 
     +------------------------------------------------------------------------------+ 
Path 16: MET Hold Check with Pin line_buff_1_reg[69][4]/CK 
Endpoint:   line_buff_1_reg[69][4]/D (v) checked with  leading edge of 'clk'
Beginpoint: line_buff_1_reg[69][4]/Q (v) triggered by  leading edge of 'clk'
Path Groups: {reg2reg}
Analysis View: all
Other End Arrival Time         -0.124
+ Hold                          0.001
+ Phase Shift                   0.000
= Required Time                -0.123
  Arrival Time                  0.385
  Slack Time                    0.508
     Clock Rise Edge                      0.000
     + Source Insertion Delay            -0.257
     = Beginpoint Arrival Time           -0.257
     Timing Path:
     +-------------------------------------------------------------------------------+ 
     |        Instance        |     Arc     |   Cell    | Delay | Arrival | Required | 
     |                        |             |           |       |  Time   |   Time   | 
     |------------------------+-------------+-----------+-------+---------+----------| 
     |                        | clk ^       |           |       |  -0.257 |   -0.766 | 
     | CTS_ccl_a_buf_00159    | A ^ -> Y ^  | CLKBUFX20 | 0.176 |  -0.082 |   -0.590 | 
     | CTS_ccl_a_buf_00086    | A ^ -> Y ^  | CLKBUFX6  | 0.193 |   0.111 |   -0.397 | 
     | line_buff_1_reg[69][4] | CK ^ -> Q v | SDFFQX1   | 0.274 |   0.385 |   -0.123 | 
     | line_buff_1_reg[69][4] | D v         | SDFFQX1   | 0.000 |   0.385 |   -0.123 | 
     +-------------------------------------------------------------------------------+ 
     Clock Rise Edge                      0.000
     + Source Insertion Delay            -0.257
     = Beginpoint Arrival Time           -0.257
     Other End Path:
     +------------------------------------------------------------------------------+ 
     |        Instance        |    Arc     |   Cell    | Delay | Arrival | Required | 
     |                        |            |           |       |  Time   |   Time   | 
     |------------------------+------------+-----------+-------+---------+----------| 
     |                        | clk ^      |           |       |  -0.257 |    0.251 | 
     | CTS_ccl_a_buf_00159    | A ^ -> Y ^ | CLKBUFX20 | 0.069 |  -0.189 |    0.319 | 
     | CTS_ccl_a_buf_00086    | A ^ -> Y ^ | CLKBUFX6  | 0.063 |  -0.126 |    0.383 | 
     | line_buff_1_reg[69][4] | CK ^       | SDFFQX1   | 0.001 |  -0.124 |    0.384 | 
     +------------------------------------------------------------------------------+ 
Path 17: MET Hold Check with Pin line_buff_0_reg[392][0]/CK 
Endpoint:   line_buff_0_reg[392][0]/D (v) checked with  leading edge of 'clk'
Beginpoint: line_buff_0_reg[392][0]/Q (v) triggered by  leading edge of 'clk'
Path Groups: {reg2reg}
Analysis View: all
Other End Arrival Time         -0.123
+ Hold                          0.004
+ Phase Shift                   0.000
= Required Time                -0.119
  Arrival Time                  0.389
  Slack Time                    0.508
     Clock Rise Edge                      0.000
     + Source Insertion Delay            -0.257
     = Beginpoint Arrival Time           -0.257
     Timing Path:
     +--------------------------------------------------------------------------------+ 
     |        Instance         |     Arc     |   Cell    | Delay | Arrival | Required | 
     |                         |             |           |       |  Time   |   Time   | 
     |-------------------------+-------------+-----------+-------+---------+----------| 
     |                         | clk ^       |           |       |  -0.257 |   -0.766 | 
     | CTS_ccl_a_buf_00159     | A ^ -> Y ^  | CLKBUFX20 | 0.176 |  -0.082 |   -0.590 | 
     | CTS_ccl_a_buf_00082     | A ^ -> Y ^  | CLKBUFX6  | 0.197 |   0.115 |   -0.393 | 
     | line_buff_0_reg[392][0] | CK ^ -> Q v | SDFFQX1   | 0.274 |   0.389 |   -0.119 | 
     | line_buff_0_reg[392][0] | D v         | SDFFQX1   | 0.000 |   0.389 |   -0.119 | 
     +--------------------------------------------------------------------------------+ 
     Clock Rise Edge                      0.000
     + Source Insertion Delay            -0.257
     = Beginpoint Arrival Time           -0.257
     Other End Path:
     +-------------------------------------------------------------------------------+ 
     |        Instance         |    Arc     |   Cell    | Delay | Arrival | Required | 
     |                         |            |           |       |  Time   |   Time   | 
     |-------------------------+------------+-----------+-------+---------+----------| 
     |                         | clk ^      |           |       |  -0.257 |    0.251 | 
     | CTS_ccl_a_buf_00159     | A ^ -> Y ^ | CLKBUFX20 | 0.069 |  -0.189 |    0.319 | 
     | CTS_ccl_a_buf_00082     | A ^ -> Y ^ | CLKBUFX6  | 0.064 |  -0.125 |    0.384 | 
     | line_buff_0_reg[392][0] | CK ^       | SDFFQX1   | 0.002 |  -0.123 |    0.386 | 
     +-------------------------------------------------------------------------------+ 
Path 18: MET Hold Check with Pin line_buff_1_reg[72][1]/CK 
Endpoint:   line_buff_1_reg[72][1]/D (v) checked with  leading edge of 'clk'
Beginpoint: line_buff_1_reg[72][1]/Q (v) triggered by  leading edge of 'clk'
Path Groups: {reg2reg}
Analysis View: all
Other End Arrival Time         -0.124
+ Hold                          0.001
+ Phase Shift                   0.000
= Required Time                -0.123
  Arrival Time                  0.385
  Slack Time                    0.508
     Clock Rise Edge                      0.000
     + Source Insertion Delay            -0.257
     = Beginpoint Arrival Time           -0.257
     Timing Path:
     +-------------------------------------------------------------------------------+ 
     |        Instance        |     Arc     |   Cell    | Delay | Arrival | Required | 
     |                        |             |           |       |  Time   |   Time   | 
     |------------------------+-------------+-----------+-------+---------+----------| 
     |                        | clk ^       |           |       |  -0.257 |   -0.766 | 
     | CTS_ccl_a_buf_00159    | A ^ -> Y ^  | CLKBUFX20 | 0.176 |  -0.082 |   -0.590 | 
     | CTS_ccl_a_buf_00086    | A ^ -> Y ^  | CLKBUFX6  | 0.193 |   0.111 |   -0.397 | 
     | line_buff_1_reg[72][1] | CK ^ -> Q v | SDFFQX1   | 0.274 |   0.385 |   -0.123 | 
     | line_buff_1_reg[72][1] | D v         | SDFFQX1   | 0.000 |   0.385 |   -0.123 | 
     +-------------------------------------------------------------------------------+ 
     Clock Rise Edge                      0.000
     + Source Insertion Delay            -0.257
     = Beginpoint Arrival Time           -0.257
     Other End Path:
     +------------------------------------------------------------------------------+ 
     |        Instance        |    Arc     |   Cell    | Delay | Arrival | Required | 
     |                        |            |           |       |  Time   |   Time   | 
     |------------------------+------------+-----------+-------+---------+----------| 
     |                        | clk ^      |           |       |  -0.257 |    0.251 | 
     | CTS_ccl_a_buf_00159    | A ^ -> Y ^ | CLKBUFX20 | 0.069 |  -0.189 |    0.319 | 
     | CTS_ccl_a_buf_00086    | A ^ -> Y ^ | CLKBUFX6  | 0.063 |  -0.126 |    0.383 | 
     | line_buff_1_reg[72][1] | CK ^       | SDFFQX1   | 0.001 |  -0.124 |    0.384 | 
     +------------------------------------------------------------------------------+ 
Path 19: MET Hold Check with Pin line_buff_0_reg[301][2]/CK 
Endpoint:   line_buff_0_reg[301][2]/D (v) checked with  leading edge of 'clk'
Beginpoint: line_buff_0_reg[301][2]/Q (v) triggered by  leading edge of 'clk'
Path Groups: {reg2reg}
Analysis View: all
Other End Arrival Time         -0.120
+ Hold                          0.004
+ Phase Shift                   0.000
= Required Time                -0.116
  Arrival Time                  0.392
  Slack Time                    0.508
     Clock Rise Edge                      0.000
     + Source Insertion Delay            -0.257
     = Beginpoint Arrival Time           -0.257
     Timing Path:
     +--------------------------------------------------------------------------------+ 
     |        Instance         |     Arc     |   Cell    | Delay | Arrival | Required | 
     |                         |             |           |       |  Time   |   Time   | 
     |-------------------------+-------------+-----------+-------+---------+----------| 
     |                         | clk ^       |           |       |  -0.257 |   -0.766 | 
     | CTS_ccl_a_buf_00159     | A ^ -> Y ^  | CLKBUFX20 | 0.176 |  -0.082 |   -0.590 | 
     | CTS_ccl_a_buf_00090     | A ^ -> Y ^  | CLKBUFX6  | 0.199 |   0.117 |   -0.391 | 
     | line_buff_0_reg[301][2] | CK ^ -> Q v | SDFFQX1   | 0.275 |   0.392 |   -0.116 | 
     | line_buff_0_reg[301][2] | D v         | SDFFQX1   | 0.000 |   0.392 |   -0.116 | 
     +--------------------------------------------------------------------------------+ 
     Clock Rise Edge                      0.000
     + Source Insertion Delay            -0.257
     = Beginpoint Arrival Time           -0.257
     Other End Path:
     +-------------------------------------------------------------------------------+ 
     |        Instance         |    Arc     |   Cell    | Delay | Arrival | Required | 
     |                         |            |           |       |  Time   |   Time   | 
     |-------------------------+------------+-----------+-------+---------+----------| 
     |                         | clk ^      |           |       |  -0.257 |    0.251 | 
     | CTS_ccl_a_buf_00159     | A ^ -> Y ^ | CLKBUFX20 | 0.069 |  -0.189 |    0.319 | 
     | CTS_ccl_a_buf_00090     | A ^ -> Y ^ | CLKBUFX6  | 0.067 |  -0.122 |    0.386 | 
     | line_buff_0_reg[301][2] | CK ^       | SDFFQX1   | 0.002 |  -0.120 |    0.388 | 
     +-------------------------------------------------------------------------------+ 
Path 20: MET Hold Check with Pin line_buff_0_reg[383][1]/CK 
Endpoint:   line_buff_0_reg[383][1]/D (v) checked with  leading edge of 'clk'
Beginpoint: line_buff_0_reg[383][1]/Q (v) triggered by  leading edge of 'clk'
Path Groups: {reg2reg}
Analysis View: all
Other End Arrival Time         -0.120
+ Hold                          0.004
+ Phase Shift                   0.000
= Required Time                -0.116
  Arrival Time                  0.393
  Slack Time                    0.508
     Clock Rise Edge                      0.000
     + Source Insertion Delay            -0.257
     = Beginpoint Arrival Time           -0.257
     Timing Path:
     +--------------------------------------------------------------------------------+ 
     |        Instance         |     Arc     |   Cell    | Delay | Arrival | Required | 
     |                         |             |           |       |  Time   |   Time   | 
     |-------------------------+-------------+-----------+-------+---------+----------| 
     |                         | clk ^       |           |       |  -0.257 |   -0.766 | 
     | CTS_ccl_a_buf_00159     | A ^ -> Y ^  | CLKBUFX20 | 0.176 |  -0.082 |   -0.590 | 
     | CTS_ccl_a_buf_00090     | A ^ -> Y ^  | CLKBUFX6  | 0.199 |   0.117 |   -0.391 | 
     | line_buff_0_reg[383][1] | CK ^ -> Q v | SDFFQX1   | 0.276 |   0.393 |   -0.116 | 
     | line_buff_0_reg[383][1] | D v         | SDFFQX1   | 0.000 |   0.393 |   -0.116 | 
     +--------------------------------------------------------------------------------+ 
     Clock Rise Edge                      0.000
     + Source Insertion Delay            -0.257
     = Beginpoint Arrival Time           -0.257
     Other End Path:
     +-------------------------------------------------------------------------------+ 
     |        Instance         |    Arc     |   Cell    | Delay | Arrival | Required | 
     |                         |            |           |       |  Time   |   Time   | 
     |-------------------------+------------+-----------+-------+---------+----------| 
     |                         | clk ^      |           |       |  -0.257 |    0.251 | 
     | CTS_ccl_a_buf_00159     | A ^ -> Y ^ | CLKBUFX20 | 0.069 |  -0.189 |    0.320 | 
     | CTS_ccl_a_buf_00090     | A ^ -> Y ^ | CLKBUFX6  | 0.067 |  -0.122 |    0.387 | 
     | line_buff_0_reg[383][1] | CK ^       | SDFFQX1   | 0.002 |  -0.120 |    0.388 | 
     +-------------------------------------------------------------------------------+ 
Path 21: MET Hold Check with Pin line_buff_1_reg[302][0]/CK 
Endpoint:   line_buff_1_reg[302][0]/D (v) checked with  leading edge of 'clk'
Beginpoint: line_buff_1_reg[302][0]/Q (v) triggered by  leading edge of 'clk'
Path Groups: {reg2reg}
Analysis View: all
Other End Arrival Time         -0.120
+ Hold                          0.004
+ Phase Shift                   0.000
= Required Time                -0.116
  Arrival Time                  0.392
  Slack Time                    0.508
     Clock Rise Edge                      0.000
     + Source Insertion Delay            -0.257
     = Beginpoint Arrival Time           -0.257
     Timing Path:
     +--------------------------------------------------------------------------------+ 
     |        Instance         |     Arc     |   Cell    | Delay | Arrival | Required | 
     |                         |             |           |       |  Time   |   Time   | 
     |-------------------------+-------------+-----------+-------+---------+----------| 
     |                         | clk ^       |           |       |  -0.257 |   -0.766 | 
     | CTS_ccl_a_buf_00159     | A ^ -> Y ^  | CLKBUFX20 | 0.176 |  -0.082 |   -0.590 | 
     | CTS_ccl_a_buf_00090     | A ^ -> Y ^  | CLKBUFX6  | 0.199 |   0.117 |   -0.391 | 
     | line_buff_1_reg[302][0] | CK ^ -> Q v | SDFFQX1   | 0.275 |   0.392 |   -0.116 | 
     | line_buff_1_reg[302][0] | D v         | SDFFQX1   | 0.000 |   0.392 |   -0.116 | 
     +--------------------------------------------------------------------------------+ 
     Clock Rise Edge                      0.000
     + Source Insertion Delay            -0.257
     = Beginpoint Arrival Time           -0.257
     Other End Path:
     +-------------------------------------------------------------------------------+ 
     |        Instance         |    Arc     |   Cell    | Delay | Arrival | Required | 
     |                         |            |           |       |  Time   |   Time   | 
     |-------------------------+------------+-----------+-------+---------+----------| 
     |                         | clk ^      |           |       |  -0.257 |    0.251 | 
     | CTS_ccl_a_buf_00159     | A ^ -> Y ^ | CLKBUFX20 | 0.069 |  -0.189 |    0.320 | 
     | CTS_ccl_a_buf_00090     | A ^ -> Y ^ | CLKBUFX6  | 0.067 |  -0.122 |    0.387 | 
     | line_buff_1_reg[302][0] | CK ^       | SDFFQX1   | 0.001 |  -0.120 |    0.388 | 
     +-------------------------------------------------------------------------------+ 
Path 22: MET Hold Check with Pin line_buff_0_reg[378][2]/CK 
Endpoint:   line_buff_0_reg[378][2]/D (v) checked with  leading edge of 'clk'
Beginpoint: line_buff_0_reg[378][2]/Q (v) triggered by  leading edge of 'clk'
Path Groups: {reg2reg}
Analysis View: all
Other End Arrival Time         -0.121
+ Hold                          0.004
+ Phase Shift                   0.000
= Required Time                -0.116
  Arrival Time                  0.392
  Slack Time                    0.508
     Clock Rise Edge                      0.000
     + Source Insertion Delay            -0.257
     = Beginpoint Arrival Time           -0.257
     Timing Path:
     +--------------------------------------------------------------------------------+ 
     |        Instance         |     Arc     |   Cell    | Delay | Arrival | Required | 
     |                         |             |           |       |  Time   |   Time   | 
     |-------------------------+-------------+-----------+-------+---------+----------| 
     |                         | clk ^       |           |       |  -0.257 |   -0.766 | 
     | CTS_ccl_a_buf_00159     | A ^ -> Y ^  | CLKBUFX20 | 0.176 |  -0.082 |   -0.590 | 
     | CTS_ccl_a_buf_00090     | A ^ -> Y ^  | CLKBUFX6  | 0.199 |   0.117 |   -0.391 | 
     | line_buff_0_reg[378][2] | CK ^ -> Q v | SDFFQX1   | 0.275 |   0.392 |   -0.116 | 
     | line_buff_0_reg[378][2] | D v         | SDFFQX1   | 0.000 |   0.392 |   -0.116 | 
     +--------------------------------------------------------------------------------+ 
     Clock Rise Edge                      0.000
     + Source Insertion Delay            -0.257
     = Beginpoint Arrival Time           -0.257
     Other End Path:
     +-------------------------------------------------------------------------------+ 
     |        Instance         |    Arc     |   Cell    | Delay | Arrival | Required | 
     |                         |            |           |       |  Time   |   Time   | 
     |-------------------------+------------+-----------+-------+---------+----------| 
     |                         | clk ^      |           |       |  -0.257 |    0.251 | 
     | CTS_ccl_a_buf_00159     | A ^ -> Y ^ | CLKBUFX20 | 0.069 |  -0.189 |    0.320 | 
     | CTS_ccl_a_buf_00090     | A ^ -> Y ^ | CLKBUFX6  | 0.067 |  -0.122 |    0.387 | 
     | line_buff_0_reg[378][2] | CK ^       | SDFFQX1   | 0.001 |  -0.121 |    0.388 | 
     +-------------------------------------------------------------------------------+ 
Path 23: MET Hold Check with Pin line_buff_0_reg[69][2]/CK 
Endpoint:   line_buff_0_reg[69][2]/D (v) checked with  leading edge of 'clk'
Beginpoint: line_buff_0_reg[69][2]/Q (v) triggered by  leading edge of 'clk'
Path Groups: {reg2reg}
Analysis View: all
Other End Arrival Time         -0.124
+ Hold                          0.001
+ Phase Shift                   0.000
= Required Time                -0.123
  Arrival Time                  0.386
  Slack Time                    0.508
     Clock Rise Edge                      0.000
     + Source Insertion Delay            -0.257
     = Beginpoint Arrival Time           -0.257
     Timing Path:
     +-------------------------------------------------------------------------------+ 
     |        Instance        |     Arc     |   Cell    | Delay | Arrival | Required | 
     |                        |             |           |       |  Time   |   Time   | 
     |------------------------+-------------+-----------+-------+---------+----------| 
     |                        | clk ^       |           |       |  -0.257 |   -0.766 | 
     | CTS_ccl_a_buf_00159    | A ^ -> Y ^  | CLKBUFX20 | 0.176 |  -0.082 |   -0.590 | 
     | CTS_ccl_a_buf_00086    | A ^ -> Y ^  | CLKBUFX6  | 0.193 |   0.111 |   -0.397 | 
     | line_buff_0_reg[69][2] | CK ^ -> Q v | SDFFQX1   | 0.274 |   0.386 |   -0.123 | 
     | line_buff_0_reg[69][2] | D v         | SDFFQX1   | 0.000 |   0.386 |   -0.123 | 
     +-------------------------------------------------------------------------------+ 
     Clock Rise Edge                      0.000
     + Source Insertion Delay            -0.257
     = Beginpoint Arrival Time           -0.257
     Other End Path:
     +------------------------------------------------------------------------------+ 
     |        Instance        |    Arc     |   Cell    | Delay | Arrival | Required | 
     |                        |            |           |       |  Time   |   Time   | 
     |------------------------+------------+-----------+-------+---------+----------| 
     |                        | clk ^      |           |       |  -0.257 |    0.251 | 
     | CTS_ccl_a_buf_00159    | A ^ -> Y ^ | CLKBUFX20 | 0.069 |  -0.189 |    0.320 | 
     | CTS_ccl_a_buf_00086    | A ^ -> Y ^ | CLKBUFX6  | 0.063 |  -0.126 |    0.383 | 
     | line_buff_0_reg[69][2] | CK ^       | SDFFQX1   | 0.002 |  -0.124 |    0.385 | 
     +------------------------------------------------------------------------------+ 
Path 24: MET Hold Check with Pin line_buff_1_reg[69][3]/CK 
Endpoint:   line_buff_1_reg[69][3]/D (v) checked with  leading edge of 'clk'
Beginpoint: line_buff_1_reg[69][3]/Q (v) triggered by  leading edge of 'clk'
Path Groups: {reg2reg}
Analysis View: all
Other End Arrival Time         -0.124
+ Hold                          0.001
+ Phase Shift                   0.000
= Required Time                -0.123
  Arrival Time                  0.386
  Slack Time                    0.508
     Clock Rise Edge                      0.000
     + Source Insertion Delay            -0.257
     = Beginpoint Arrival Time           -0.257
     Timing Path:
     +-------------------------------------------------------------------------------+ 
     |        Instance        |     Arc     |   Cell    | Delay | Arrival | Required | 
     |                        |             |           |       |  Time   |   Time   | 
     |------------------------+-------------+-----------+-------+---------+----------| 
     |                        | clk ^       |           |       |  -0.257 |   -0.766 | 
     | CTS_ccl_a_buf_00159    | A ^ -> Y ^  | CLKBUFX20 | 0.176 |  -0.082 |   -0.590 | 
     | CTS_ccl_a_buf_00086    | A ^ -> Y ^  | CLKBUFX6  | 0.193 |   0.111 |   -0.397 | 
     | line_buff_1_reg[69][3] | CK ^ -> Q v | SDFFQX1   | 0.274 |   0.386 |   -0.123 | 
     | line_buff_1_reg[69][3] | D v         | SDFFQX1   | 0.000 |   0.386 |   -0.123 | 
     +-------------------------------------------------------------------------------+ 
     Clock Rise Edge                      0.000
     + Source Insertion Delay            -0.257
     = Beginpoint Arrival Time           -0.257
     Other End Path:
     +------------------------------------------------------------------------------+ 
     |        Instance        |    Arc     |   Cell    | Delay | Arrival | Required | 
     |                        |            |           |       |  Time   |   Time   | 
     |------------------------+------------+-----------+-------+---------+----------| 
     |                        | clk ^      |           |       |  -0.257 |    0.251 | 
     | CTS_ccl_a_buf_00159    | A ^ -> Y ^ | CLKBUFX20 | 0.069 |  -0.189 |    0.320 | 
     | CTS_ccl_a_buf_00086    | A ^ -> Y ^ | CLKBUFX6  | 0.063 |  -0.126 |    0.383 | 
     | line_buff_1_reg[69][3] | CK ^       | SDFFQX1   | 0.002 |  -0.124 |    0.385 | 
     +------------------------------------------------------------------------------+ 
Path 25: MET Hold Check with Pin line_buff_0_reg[73][2]/CK 
Endpoint:   line_buff_0_reg[73][2]/D (v) checked with  leading edge of 'clk'
Beginpoint: line_buff_0_reg[73][2]/Q (v) triggered by  leading edge of 'clk'
Path Groups: {reg2reg}
Analysis View: all
Other End Arrival Time         -0.124
+ Hold                          0.001
+ Phase Shift                   0.000
= Required Time                -0.123
  Arrival Time                  0.385
  Slack Time                    0.508
     Clock Rise Edge                      0.000
     + Source Insertion Delay            -0.257
     = Beginpoint Arrival Time           -0.257
     Timing Path:
     +-------------------------------------------------------------------------------+ 
     |        Instance        |     Arc     |   Cell    | Delay | Arrival | Required | 
     |                        |             |           |       |  Time   |   Time   | 
     |------------------------+-------------+-----------+-------+---------+----------| 
     |                        | clk ^       |           |       |  -0.257 |   -0.766 | 
     | CTS_ccl_a_buf_00159    | A ^ -> Y ^  | CLKBUFX20 | 0.176 |  -0.082 |   -0.590 | 
     | CTS_ccl_a_buf_00086    | A ^ -> Y ^  | CLKBUFX6  | 0.193 |   0.111 |   -0.397 | 
     | line_buff_0_reg[73][2] | CK ^ -> Q v | SDFFQX1   | 0.274 |   0.385 |   -0.123 | 
     | line_buff_0_reg[73][2] | D v         | SDFFQX1   | 0.000 |   0.385 |   -0.123 | 
     +-------------------------------------------------------------------------------+ 
     Clock Rise Edge                      0.000
     + Source Insertion Delay            -0.257
     = Beginpoint Arrival Time           -0.257
     Other End Path:
     +------------------------------------------------------------------------------+ 
     |        Instance        |    Arc     |   Cell    | Delay | Arrival | Required | 
     |                        |            |           |       |  Time   |   Time   | 
     |------------------------+------------+-----------+-------+---------+----------| 
     |                        | clk ^      |           |       |  -0.257 |    0.251 | 
     | CTS_ccl_a_buf_00159    | A ^ -> Y ^ | CLKBUFX20 | 0.069 |  -0.189 |    0.320 | 
     | CTS_ccl_a_buf_00086    | A ^ -> Y ^ | CLKBUFX6  | 0.063 |  -0.126 |    0.383 | 
     | line_buff_0_reg[73][2] | CK ^       | SDFFQX1   | 0.001 |  -0.124 |    0.384 | 
     +------------------------------------------------------------------------------+ 
Path 26: MET Hold Check with Pin line_buff_1_reg[303][1]/CK 
Endpoint:   line_buff_1_reg[303][1]/D (v) checked with  leading edge of 'clk'
Beginpoint: line_buff_1_reg[303][1]/Q (v) triggered by  leading edge of 'clk'
Path Groups: {reg2reg}
Analysis View: all
Other End Arrival Time         -0.120
+ Hold                          0.004
+ Phase Shift                   0.000
= Required Time                -0.116
  Arrival Time                  0.392
  Slack Time                    0.509
     Clock Rise Edge                      0.000
     + Source Insertion Delay            -0.257
     = Beginpoint Arrival Time           -0.257
     Timing Path:
     +--------------------------------------------------------------------------------+ 
     |        Instance         |     Arc     |   Cell    | Delay | Arrival | Required | 
     |                         |             |           |       |  Time   |   Time   | 
     |-------------------------+-------------+-----------+-------+---------+----------| 
     |                         | clk ^       |           |       |  -0.257 |   -0.766 | 
     | CTS_ccl_a_buf_00159     | A ^ -> Y ^  | CLKBUFX20 | 0.176 |  -0.082 |   -0.590 | 
     | CTS_ccl_a_buf_00090     | A ^ -> Y ^  | CLKBUFX6  | 0.199 |   0.117 |   -0.392 | 
     | line_buff_1_reg[303][1] | CK ^ -> Q v | SDFFQX1   | 0.275 |   0.392 |   -0.116 | 
     | line_buff_1_reg[303][1] | D v         | SDFFQX1   | 0.000 |   0.392 |   -0.116 | 
     +--------------------------------------------------------------------------------+ 
     Clock Rise Edge                      0.000
     + Source Insertion Delay            -0.257
     = Beginpoint Arrival Time           -0.257
     Other End Path:
     +-------------------------------------------------------------------------------+ 
     |        Instance         |    Arc     |   Cell    | Delay | Arrival | Required | 
     |                         |            |           |       |  Time   |   Time   | 
     |-------------------------+------------+-----------+-------+---------+----------| 
     |                         | clk ^      |           |       |  -0.257 |    0.251 | 
     | CTS_ccl_a_buf_00159     | A ^ -> Y ^ | CLKBUFX20 | 0.069 |  -0.189 |    0.320 | 
     | CTS_ccl_a_buf_00090     | A ^ -> Y ^ | CLKBUFX6  | 0.067 |  -0.122 |    0.387 | 
     | line_buff_1_reg[303][1] | CK ^       | SDFFQX1   | 0.001 |  -0.120 |    0.388 | 
     +-------------------------------------------------------------------------------+ 
Path 27: MET Hold Check with Pin line_buff_0_reg[69][5]/CK 
Endpoint:   line_buff_0_reg[69][5]/D (v) checked with  leading edge of 'clk'
Beginpoint: line_buff_0_reg[69][5]/Q (v) triggered by  leading edge of 'clk'
Path Groups: {reg2reg}
Analysis View: all
Other End Arrival Time         -0.124
+ Hold                          0.001
+ Phase Shift                   0.000
= Required Time                -0.123
  Arrival Time                  0.385
  Slack Time                    0.509
     Clock Rise Edge                      0.000
     + Source Insertion Delay            -0.257
     = Beginpoint Arrival Time           -0.257
     Timing Path:
     +-------------------------------------------------------------------------------+ 
     |        Instance        |     Arc     |   Cell    | Delay | Arrival | Required | 
     |                        |             |           |       |  Time   |   Time   | 
     |------------------------+-------------+-----------+-------+---------+----------| 
     |                        | clk ^       |           |       |  -0.257 |   -0.766 | 
     | CTS_ccl_a_buf_00159    | A ^ -> Y ^  | CLKBUFX20 | 0.176 |  -0.082 |   -0.590 | 
     | CTS_ccl_a_buf_00086    | A ^ -> Y ^  | CLKBUFX6  | 0.193 |   0.111 |   -0.397 | 
     | line_buff_0_reg[69][5] | CK ^ -> Q v | SDFFQX1   | 0.274 |   0.385 |   -0.123 | 
     | line_buff_0_reg[69][5] | D v         | SDFFQX1   | 0.000 |   0.385 |   -0.123 | 
     +-------------------------------------------------------------------------------+ 
     Clock Rise Edge                      0.000
     + Source Insertion Delay            -0.257
     = Beginpoint Arrival Time           -0.257
     Other End Path:
     +------------------------------------------------------------------------------+ 
     |        Instance        |    Arc     |   Cell    | Delay | Arrival | Required | 
     |                        |            |           |       |  Time   |   Time   | 
     |------------------------+------------+-----------+-------+---------+----------| 
     |                        | clk ^      |           |       |  -0.257 |    0.251 | 
     | CTS_ccl_a_buf_00159    | A ^ -> Y ^ | CLKBUFX20 | 0.069 |  -0.189 |    0.320 | 
     | CTS_ccl_a_buf_00086    | A ^ -> Y ^ | CLKBUFX6  | 0.063 |  -0.126 |    0.383 | 
     | line_buff_0_reg[69][5] | CK ^       | SDFFQX1   | 0.001 |  -0.124 |    0.384 | 
     +------------------------------------------------------------------------------+ 
Path 28: MET Hold Check with Pin line_buff_0_reg[69][0]/CK 
Endpoint:   line_buff_0_reg[69][0]/D (v) checked with  leading edge of 'clk'
Beginpoint: line_buff_0_reg[69][0]/Q (v) triggered by  leading edge of 'clk'
Path Groups: {reg2reg}
Analysis View: all
Other End Arrival Time         -0.124
+ Hold                          0.001
+ Phase Shift                   0.000
= Required Time                -0.123
  Arrival Time                  0.385
  Slack Time                    0.509
     Clock Rise Edge                      0.000
     + Source Insertion Delay            -0.257
     = Beginpoint Arrival Time           -0.257
     Timing Path:
     +-------------------------------------------------------------------------------+ 
     |        Instance        |     Arc     |   Cell    | Delay | Arrival | Required | 
     |                        |             |           |       |  Time   |   Time   | 
     |------------------------+-------------+-----------+-------+---------+----------| 
     |                        | clk ^       |           |       |  -0.257 |   -0.766 | 
     | CTS_ccl_a_buf_00159    | A ^ -> Y ^  | CLKBUFX20 | 0.176 |  -0.082 |   -0.590 | 
     | CTS_ccl_a_buf_00086    | A ^ -> Y ^  | CLKBUFX6  | 0.193 |   0.111 |   -0.397 | 
     | line_buff_0_reg[69][0] | CK ^ -> Q v | SDFFQX1   | 0.274 |   0.385 |   -0.123 | 
     | line_buff_0_reg[69][0] | D v         | SDFFQX1   | 0.000 |   0.385 |   -0.123 | 
     +-------------------------------------------------------------------------------+ 
     Clock Rise Edge                      0.000
     + Source Insertion Delay            -0.257
     = Beginpoint Arrival Time           -0.257
     Other End Path:
     +------------------------------------------------------------------------------+ 
     |        Instance        |    Arc     |   Cell    | Delay | Arrival | Required | 
     |                        |            |           |       |  Time   |   Time   | 
     |------------------------+------------+-----------+-------+---------+----------| 
     |                        | clk ^      |           |       |  -0.257 |    0.251 | 
     | CTS_ccl_a_buf_00159    | A ^ -> Y ^ | CLKBUFX20 | 0.069 |  -0.189 |    0.320 | 
     | CTS_ccl_a_buf_00086    | A ^ -> Y ^ | CLKBUFX6  | 0.063 |  -0.126 |    0.383 | 
     | line_buff_0_reg[69][0] | CK ^       | SDFFQX1   | 0.001 |  -0.124 |    0.384 | 
     +------------------------------------------------------------------------------+ 
Path 29: MET Hold Check with Pin line_buff_1_reg[70][3]/CK 
Endpoint:   line_buff_1_reg[70][3]/D (v) checked with  leading edge of 'clk'
Beginpoint: line_buff_1_reg[70][3]/Q (v) triggered by  leading edge of 'clk'
Path Groups: {reg2reg}
Analysis View: all
Other End Arrival Time         -0.124
+ Hold                          0.001
+ Phase Shift                   0.000
= Required Time                -0.123
  Arrival Time                  0.386
  Slack Time                    0.509
     Clock Rise Edge                      0.000
     + Source Insertion Delay            -0.257
     = Beginpoint Arrival Time           -0.257
     Timing Path:
     +-------------------------------------------------------------------------------+ 
     |        Instance        |     Arc     |   Cell    | Delay | Arrival | Required | 
     |                        |             |           |       |  Time   |   Time   | 
     |------------------------+-------------+-----------+-------+---------+----------| 
     |                        | clk ^       |           |       |  -0.257 |   -0.766 | 
     | CTS_ccl_a_buf_00159    | A ^ -> Y ^  | CLKBUFX20 | 0.176 |  -0.082 |   -0.590 | 
     | CTS_ccl_a_buf_00086    | A ^ -> Y ^  | CLKBUFX6  | 0.193 |   0.111 |   -0.397 | 
     | line_buff_1_reg[70][3] | CK ^ -> Q v | SDFFQX1   | 0.274 |   0.386 |   -0.123 | 
     | line_buff_1_reg[70][3] | D v         | SDFFQX1   | 0.000 |   0.386 |   -0.123 | 
     +-------------------------------------------------------------------------------+ 
     Clock Rise Edge                      0.000
     + Source Insertion Delay            -0.257
     = Beginpoint Arrival Time           -0.257
     Other End Path:
     +------------------------------------------------------------------------------+ 
     |        Instance        |    Arc     |   Cell    | Delay | Arrival | Required | 
     |                        |            |           |       |  Time   |   Time   | 
     |------------------------+------------+-----------+-------+---------+----------| 
     |                        | clk ^      |           |       |  -0.257 |    0.251 | 
     | CTS_ccl_a_buf_00159    | A ^ -> Y ^ | CLKBUFX20 | 0.069 |  -0.189 |    0.320 | 
     | CTS_ccl_a_buf_00086    | A ^ -> Y ^ | CLKBUFX6  | 0.063 |  -0.126 |    0.383 | 
     | line_buff_1_reg[70][3] | CK ^       | SDFFQX1   | 0.002 |  -0.124 |    0.385 | 
     +------------------------------------------------------------------------------+ 
Path 30: MET Hold Check with Pin line_buff_1_reg[68][4]/CK 
Endpoint:   line_buff_1_reg[68][4]/D (v) checked with  leading edge of 'clk'
Beginpoint: line_buff_1_reg[68][4]/Q (v) triggered by  leading edge of 'clk'
Path Groups: {reg2reg}
Analysis View: all
Other End Arrival Time         -0.124
+ Hold                          0.001
+ Phase Shift                   0.000
= Required Time                -0.123
  Arrival Time                  0.385
  Slack Time                    0.509
     Clock Rise Edge                      0.000
     + Source Insertion Delay            -0.257
     = Beginpoint Arrival Time           -0.257
     Timing Path:
     +-------------------------------------------------------------------------------+ 
     |        Instance        |     Arc     |   Cell    | Delay | Arrival | Required | 
     |                        |             |           |       |  Time   |   Time   | 
     |------------------------+-------------+-----------+-------+---------+----------| 
     |                        | clk ^       |           |       |  -0.257 |   -0.766 | 
     | CTS_ccl_a_buf_00159    | A ^ -> Y ^  | CLKBUFX20 | 0.176 |  -0.082 |   -0.591 | 
     | CTS_ccl_a_buf_00086    | A ^ -> Y ^  | CLKBUFX6  | 0.193 |   0.111 |   -0.397 | 
     | line_buff_1_reg[68][4] | CK ^ -> Q v | SDFFQX1   | 0.274 |   0.385 |   -0.123 | 
     | line_buff_1_reg[68][4] | D v         | SDFFQX1   | 0.000 |   0.385 |   -0.123 | 
     +-------------------------------------------------------------------------------+ 
     Clock Rise Edge                      0.000
     + Source Insertion Delay            -0.257
     = Beginpoint Arrival Time           -0.257
     Other End Path:
     +------------------------------------------------------------------------------+ 
     |        Instance        |    Arc     |   Cell    | Delay | Arrival | Required | 
     |                        |            |           |       |  Time   |   Time   | 
     |------------------------+------------+-----------+-------+---------+----------| 
     |                        | clk ^      |           |       |  -0.257 |    0.251 | 
     | CTS_ccl_a_buf_00159    | A ^ -> Y ^ | CLKBUFX20 | 0.069 |  -0.189 |    0.320 | 
     | CTS_ccl_a_buf_00086    | A ^ -> Y ^ | CLKBUFX6  | 0.063 |  -0.126 |    0.383 | 
     | line_buff_1_reg[68][4] | CK ^       | SDFFQX1   | 0.001 |  -0.124 |    0.384 | 
     +------------------------------------------------------------------------------+ 
Path 31: MET Hold Check with Pin line_buff_0_reg[300][3]/CK 
Endpoint:   line_buff_0_reg[300][3]/D (v) checked with  leading edge of 'clk'
Beginpoint: line_buff_0_reg[300][3]/Q (v) triggered by  leading edge of 'clk'
Path Groups: {reg2reg}
Analysis View: all
Other End Arrival Time         -0.120
+ Hold                          0.004
+ Phase Shift                   0.000
= Required Time                -0.116
  Arrival Time                  0.393
  Slack Time                    0.509
     Clock Rise Edge                      0.000
     + Source Insertion Delay            -0.257
     = Beginpoint Arrival Time           -0.257
     Timing Path:
     +--------------------------------------------------------------------------------+ 
     |        Instance         |     Arc     |   Cell    | Delay | Arrival | Required | 
     |                         |             |           |       |  Time   |   Time   | 
     |-------------------------+-------------+-----------+-------+---------+----------| 
     |                         | clk ^       |           |       |  -0.257 |   -0.766 | 
     | CTS_ccl_a_buf_00159     | A ^ -> Y ^  | CLKBUFX20 | 0.176 |  -0.082 |   -0.591 | 
     | CTS_ccl_a_buf_00090     | A ^ -> Y ^  | CLKBUFX6  | 0.199 |   0.117 |   -0.392 | 
     | line_buff_0_reg[300][3] | CK ^ -> Q v | SDFFQX1   | 0.276 |   0.393 |   -0.116 | 
     | line_buff_0_reg[300][3] | D v         | SDFFQX1   | 0.000 |   0.393 |   -0.116 | 
     +--------------------------------------------------------------------------------+ 
     Clock Rise Edge                      0.000
     + Source Insertion Delay            -0.257
     = Beginpoint Arrival Time           -0.257
     Other End Path:
     +-------------------------------------------------------------------------------+ 
     |        Instance         |    Arc     |   Cell    | Delay | Arrival | Required | 
     |                         |            |           |       |  Time   |   Time   | 
     |-------------------------+------------+-----------+-------+---------+----------| 
     |                         | clk ^      |           |       |  -0.257 |    0.251 | 
     | CTS_ccl_a_buf_00159     | A ^ -> Y ^ | CLKBUFX20 | 0.069 |  -0.189 |    0.320 | 
     | CTS_ccl_a_buf_00090     | A ^ -> Y ^ | CLKBUFX6  | 0.067 |  -0.122 |    0.387 | 
     | line_buff_0_reg[300][3] | CK ^       | SDFFQX1   | 0.002 |  -0.120 |    0.389 | 
     +-------------------------------------------------------------------------------+ 
Path 32: MET Hold Check with Pin line_buff_1_reg[73][4]/CK 
Endpoint:   line_buff_1_reg[73][4]/D (v) checked with  leading edge of 'clk'
Beginpoint: line_buff_1_reg[73][4]/Q (v) triggered by  leading edge of 'clk'
Path Groups: {reg2reg}
Analysis View: all
Other End Arrival Time         -0.124
+ Hold                          0.001
+ Phase Shift                   0.000
= Required Time                -0.123
  Arrival Time                  0.386
  Slack Time                    0.509
     Clock Rise Edge                      0.000
     + Source Insertion Delay            -0.257
     = Beginpoint Arrival Time           -0.257
     Timing Path:
     +-------------------------------------------------------------------------------+ 
     |        Instance        |     Arc     |   Cell    | Delay | Arrival | Required | 
     |                        |             |           |       |  Time   |   Time   | 
     |------------------------+-------------+-----------+-------+---------+----------| 
     |                        | clk ^       |           |       |  -0.257 |   -0.766 | 
     | CTS_ccl_a_buf_00159    | A ^ -> Y ^  | CLKBUFX20 | 0.176 |  -0.082 |   -0.591 | 
     | CTS_ccl_a_buf_00086    | A ^ -> Y ^  | CLKBUFX6  | 0.193 |   0.111 |   -0.397 | 
     | line_buff_1_reg[73][4] | CK ^ -> Q v | SDFFQX1   | 0.274 |   0.386 |   -0.123 | 
     | line_buff_1_reg[73][4] | D v         | SDFFQX1   | 0.000 |   0.386 |   -0.123 | 
     +-------------------------------------------------------------------------------+ 
     Clock Rise Edge                      0.000
     + Source Insertion Delay            -0.257
     = Beginpoint Arrival Time           -0.257
     Other End Path:
     +------------------------------------------------------------------------------+ 
     |        Instance        |    Arc     |   Cell    | Delay | Arrival | Required | 
     |                        |            |           |       |  Time   |   Time   | 
     |------------------------+------------+-----------+-------+---------+----------| 
     |                        | clk ^      |           |       |  -0.257 |    0.251 | 
     | CTS_ccl_a_buf_00159    | A ^ -> Y ^ | CLKBUFX20 | 0.069 |  -0.189 |    0.320 | 
     | CTS_ccl_a_buf_00086    | A ^ -> Y ^ | CLKBUFX6  | 0.063 |  -0.126 |    0.383 | 
     | line_buff_1_reg[73][4] | CK ^       | SDFFQX1   | 0.002 |  -0.124 |    0.385 | 
     +------------------------------------------------------------------------------+ 
Path 33: MET Hold Check with Pin line_buff_1_reg[301][1]/CK 
Endpoint:   line_buff_1_reg[301][1]/D (v) checked with  leading edge of 'clk'
Beginpoint: line_buff_1_reg[301][1]/Q (v) triggered by  leading edge of 'clk'
Path Groups: {reg2reg}
Analysis View: all
Other End Arrival Time         -0.120
+ Hold                          0.004
+ Phase Shift                   0.000
= Required Time                -0.116
  Arrival Time                  0.393
  Slack Time                    0.509
     Clock Rise Edge                      0.000
     + Source Insertion Delay            -0.257
     = Beginpoint Arrival Time           -0.257
     Timing Path:
     +--------------------------------------------------------------------------------+ 
     |        Instance         |     Arc     |   Cell    | Delay | Arrival | Required | 
     |                         |             |           |       |  Time   |   Time   | 
     |-------------------------+-------------+-----------+-------+---------+----------| 
     |                         | clk ^       |           |       |  -0.257 |   -0.766 | 
     | CTS_ccl_a_buf_00159     | A ^ -> Y ^  | CLKBUFX20 | 0.176 |  -0.082 |   -0.591 | 
     | CTS_ccl_a_buf_00090     | A ^ -> Y ^  | CLKBUFX6  | 0.199 |   0.117 |   -0.392 | 
     | line_buff_1_reg[301][1] | CK ^ -> Q v | SDFFQX1   | 0.276 |   0.393 |   -0.116 | 
     | line_buff_1_reg[301][1] | D v         | SDFFQX1   | 0.000 |   0.393 |   -0.116 | 
     +--------------------------------------------------------------------------------+ 
     Clock Rise Edge                      0.000
     + Source Insertion Delay            -0.257
     = Beginpoint Arrival Time           -0.257
     Other End Path:
     +-------------------------------------------------------------------------------+ 
     |        Instance         |    Arc     |   Cell    | Delay | Arrival | Required | 
     |                         |            |           |       |  Time   |   Time   | 
     |-------------------------+------------+-----------+-------+---------+----------| 
     |                         | clk ^      |           |       |  -0.257 |    0.251 | 
     | CTS_ccl_a_buf_00159     | A ^ -> Y ^ | CLKBUFX20 | 0.069 |  -0.189 |    0.320 | 
     | CTS_ccl_a_buf_00090     | A ^ -> Y ^ | CLKBUFX6  | 0.067 |  -0.122 |    0.387 | 
     | line_buff_1_reg[301][1] | CK ^       | SDFFQX1   | 0.002 |  -0.120 |    0.389 | 
     +-------------------------------------------------------------------------------+ 
Path 34: MET Hold Check with Pin line_buff_1_reg[67][3]/CK 
Endpoint:   line_buff_1_reg[67][3]/D (v) checked with  leading edge of 'clk'
Beginpoint: line_buff_1_reg[67][3]/Q (v) triggered by  leading edge of 'clk'
Path Groups: {reg2reg}
Analysis View: all
Other End Arrival Time         -0.124
+ Hold                          0.001
+ Phase Shift                   0.000
= Required Time                -0.123
  Arrival Time                  0.386
  Slack Time                    0.509
     Clock Rise Edge                      0.000
     + Source Insertion Delay            -0.257
     = Beginpoint Arrival Time           -0.257
     Timing Path:
     +-------------------------------------------------------------------------------+ 
     |        Instance        |     Arc     |   Cell    | Delay | Arrival | Required | 
     |                        |             |           |       |  Time   |   Time   | 
     |------------------------+-------------+-----------+-------+---------+----------| 
     |                        | clk ^       |           |       |  -0.257 |   -0.766 | 
     | CTS_ccl_a_buf_00159    | A ^ -> Y ^  | CLKBUFX20 | 0.176 |  -0.082 |   -0.591 | 
     | CTS_ccl_a_buf_00086    | A ^ -> Y ^  | CLKBUFX6  | 0.193 |   0.111 |   -0.397 | 
     | line_buff_1_reg[67][3] | CK ^ -> Q v | SDFFQX1   | 0.274 |   0.386 |   -0.123 | 
     | line_buff_1_reg[67][3] | D v         | SDFFQX1   | 0.000 |   0.386 |   -0.123 | 
     +-------------------------------------------------------------------------------+ 
     Clock Rise Edge                      0.000
     + Source Insertion Delay            -0.257
     = Beginpoint Arrival Time           -0.257
     Other End Path:
     +------------------------------------------------------------------------------+ 
     |        Instance        |    Arc     |   Cell    | Delay | Arrival | Required | 
     |                        |            |           |       |  Time   |   Time   | 
     |------------------------+------------+-----------+-------+---------+----------| 
     |                        | clk ^      |           |       |  -0.257 |    0.251 | 
     | CTS_ccl_a_buf_00159    | A ^ -> Y ^ | CLKBUFX20 | 0.069 |  -0.189 |    0.320 | 
     | CTS_ccl_a_buf_00086    | A ^ -> Y ^ | CLKBUFX6  | 0.063 |  -0.126 |    0.383 | 
     | line_buff_1_reg[67][3] | CK ^       | SDFFQX1   | 0.002 |  -0.124 |    0.385 | 
     +------------------------------------------------------------------------------+ 
Path 35: MET Hold Check with Pin line_buff_1_reg[65][5]/CK 
Endpoint:   line_buff_1_reg[65][5]/D (v) checked with  leading edge of 'clk'
Beginpoint: line_buff_1_reg[65][5]/Q (v) triggered by  leading edge of 'clk'
Path Groups: {reg2reg}
Analysis View: all
Other End Arrival Time         -0.124
+ Hold                          0.001
+ Phase Shift                   0.000
= Required Time                -0.123
  Arrival Time                  0.386
  Slack Time                    0.509
     Clock Rise Edge                      0.000
     + Source Insertion Delay            -0.257
     = Beginpoint Arrival Time           -0.257
     Timing Path:
     +-------------------------------------------------------------------------------+ 
     |        Instance        |     Arc     |   Cell    | Delay | Arrival | Required | 
     |                        |             |           |       |  Time   |   Time   | 
     |------------------------+-------------+-----------+-------+---------+----------| 
     |                        | clk ^       |           |       |  -0.257 |   -0.766 | 
     | CTS_ccl_a_buf_00159    | A ^ -> Y ^  | CLKBUFX20 | 0.176 |  -0.082 |   -0.591 | 
     | CTS_ccl_a_buf_00086    | A ^ -> Y ^  | CLKBUFX6  | 0.193 |   0.111 |   -0.397 | 
     | line_buff_1_reg[65][5] | CK ^ -> Q v | SDFFQX1   | 0.274 |   0.386 |   -0.123 | 
     | line_buff_1_reg[65][5] | D v         | SDFFQX1   | 0.000 |   0.386 |   -0.123 | 
     +-------------------------------------------------------------------------------+ 
     Clock Rise Edge                      0.000
     + Source Insertion Delay            -0.257
     = Beginpoint Arrival Time           -0.257
     Other End Path:
     +------------------------------------------------------------------------------+ 
     |        Instance        |    Arc     |   Cell    | Delay | Arrival | Required | 
     |                        |            |           |       |  Time   |   Time   | 
     |------------------------+------------+-----------+-------+---------+----------| 
     |                        | clk ^      |           |       |  -0.257 |    0.251 | 
     | CTS_ccl_a_buf_00159    | A ^ -> Y ^ | CLKBUFX20 | 0.069 |  -0.189 |    0.320 | 
     | CTS_ccl_a_buf_00086    | A ^ -> Y ^ | CLKBUFX6  | 0.063 |  -0.126 |    0.383 | 
     | line_buff_1_reg[65][5] | CK ^       | SDFFQX1   | 0.002 |  -0.124 |    0.385 | 
     +------------------------------------------------------------------------------+ 
Path 36: MET Hold Check with Pin line_buff_1_reg[64][5]/CK 
Endpoint:   line_buff_1_reg[64][5]/D (v) checked with  leading edge of 'clk'
Beginpoint: line_buff_1_reg[64][5]/Q (v) triggered by  leading edge of 'clk'
Path Groups: {reg2reg}
Analysis View: all
Other End Arrival Time         -0.124
+ Hold                          0.001
+ Phase Shift                   0.000
= Required Time                -0.123
  Arrival Time                  0.386
  Slack Time                    0.509
     Clock Rise Edge                      0.000
     + Source Insertion Delay            -0.257
     = Beginpoint Arrival Time           -0.257
     Timing Path:
     +-------------------------------------------------------------------------------+ 
     |        Instance        |     Arc     |   Cell    | Delay | Arrival | Required | 
     |                        |             |           |       |  Time   |   Time   | 
     |------------------------+-------------+-----------+-------+---------+----------| 
     |                        | clk ^       |           |       |  -0.257 |   -0.766 | 
     | CTS_ccl_a_buf_00159    | A ^ -> Y ^  | CLKBUFX20 | 0.176 |  -0.082 |   -0.591 | 
     | CTS_ccl_a_buf_00086    | A ^ -> Y ^  | CLKBUFX6  | 0.193 |   0.111 |   -0.397 | 
     | line_buff_1_reg[64][5] | CK ^ -> Q v | SDFFQX1   | 0.274 |   0.386 |   -0.123 | 
     | line_buff_1_reg[64][5] | D v         | SDFFQX1   | 0.000 |   0.386 |   -0.123 | 
     +-------------------------------------------------------------------------------+ 
     Clock Rise Edge                      0.000
     + Source Insertion Delay            -0.257
     = Beginpoint Arrival Time           -0.257
     Other End Path:
     +------------------------------------------------------------------------------+ 
     |        Instance        |    Arc     |   Cell    | Delay | Arrival | Required | 
     |                        |            |           |       |  Time   |   Time   | 
     |------------------------+------------+-----------+-------+---------+----------| 
     |                        | clk ^      |           |       |  -0.257 |    0.251 | 
     | CTS_ccl_a_buf_00159    | A ^ -> Y ^ | CLKBUFX20 | 0.069 |  -0.189 |    0.320 | 
     | CTS_ccl_a_buf_00086    | A ^ -> Y ^ | CLKBUFX6  | 0.063 |  -0.126 |    0.383 | 
     | line_buff_1_reg[64][5] | CK ^       | SDFFQX1   | 0.002 |  -0.124 |    0.385 | 
     +------------------------------------------------------------------------------+ 
Path 37: MET Hold Check with Pin line_buff_1_reg[256][3]/CK 
Endpoint:   line_buff_1_reg[256][3]/D (v) checked with  leading edge of 'clk'
Beginpoint: line_buff_1_reg[256][3]/Q (v) triggered by  leading edge of 'clk'
Path Groups: {reg2reg}
Analysis View: all
Other End Arrival Time         -0.118
+ Hold                          0.006
+ Phase Shift                   0.000
= Required Time                -0.112
  Arrival Time                  0.397
  Slack Time                    0.509
     Clock Rise Edge                      0.000
     + Source Insertion Delay            -0.257
     = Beginpoint Arrival Time           -0.257
     Timing Path:
     +--------------------------------------------------------------------------------+ 
     |        Instance         |     Arc     |   Cell    | Delay | Arrival | Required | 
     |                         |             |           |       |  Time   |   Time   | 
     |-------------------------+-------------+-----------+-------+---------+----------| 
     |                         | clk ^       |           |       |  -0.257 |   -0.766 | 
     | CTS_ccl_a_buf_00159     | A ^ -> Y ^  | CLKBUFX20 | 0.176 |  -0.082 |   -0.591 | 
     | CTS_ccl_a_buf_00132     | A ^ -> Y ^  | CLKBUFX6  | 0.200 |   0.118 |   -0.391 | 
     | line_buff_1_reg[256][3] | CK ^ -> Q v | SDFFQX1   | 0.279 |   0.397 |   -0.112 | 
     | line_buff_1_reg[256][3] | D v         | SDFFQX1   | 0.000 |   0.397 |   -0.112 | 
     +--------------------------------------------------------------------------------+ 
     Clock Rise Edge                      0.000
     + Source Insertion Delay            -0.257
     = Beginpoint Arrival Time           -0.257
     Other End Path:
     +-------------------------------------------------------------------------------+ 
     |        Instance         |    Arc     |   Cell    | Delay | Arrival | Required | 
     |                         |            |           |       |  Time   |   Time   | 
     |-------------------------+------------+-----------+-------+---------+----------| 
     |                         | clk ^      |           |       |  -0.257 |    0.251 | 
     | CTS_ccl_a_buf_00159     | A ^ -> Y ^ | CLKBUFX20 | 0.069 |  -0.189 |    0.320 | 
     | CTS_ccl_a_buf_00132     | A ^ -> Y ^ | CLKBUFX6  | 0.067 |  -0.122 |    0.387 | 
     | line_buff_1_reg[256][3] | CK ^       | SDFFQX1   | 0.004 |  -0.118 |    0.391 | 
     +-------------------------------------------------------------------------------+ 
Path 38: MET Hold Check with Pin line_buff_0_reg[302][3]/CK 
Endpoint:   line_buff_0_reg[302][3]/D (v) checked with  leading edge of 'clk'
Beginpoint: line_buff_0_reg[302][3]/Q (v) triggered by  leading edge of 'clk'
Path Groups: {reg2reg}
Analysis View: all
Other End Arrival Time         -0.120
+ Hold                          0.004
+ Phase Shift                   0.000
= Required Time                -0.116
  Arrival Time                  0.393
  Slack Time                    0.509
     Clock Rise Edge                      0.000
     + Source Insertion Delay            -0.257
     = Beginpoint Arrival Time           -0.257
     Timing Path:
     +--------------------------------------------------------------------------------+ 
     |        Instance         |     Arc     |   Cell    | Delay | Arrival | Required | 
     |                         |             |           |       |  Time   |   Time   | 
     |-------------------------+-------------+-----------+-------+---------+----------| 
     |                         | clk ^       |           |       |  -0.257 |   -0.766 | 
     | CTS_ccl_a_buf_00159     | A ^ -> Y ^  | CLKBUFX20 | 0.176 |  -0.082 |   -0.591 | 
     | CTS_ccl_a_buf_00090     | A ^ -> Y ^  | CLKBUFX6  | 0.199 |   0.117 |   -0.392 | 
     | line_buff_0_reg[302][3] | CK ^ -> Q v | SDFFQX1   | 0.276 |   0.393 |   -0.116 | 
     | line_buff_0_reg[302][3] | D v         | SDFFQX1   | 0.000 |   0.393 |   -0.116 | 
     +--------------------------------------------------------------------------------+ 
     Clock Rise Edge                      0.000
     + Source Insertion Delay            -0.257
     = Beginpoint Arrival Time           -0.257
     Other End Path:
     +-------------------------------------------------------------------------------+ 
     |        Instance         |    Arc     |   Cell    | Delay | Arrival | Required | 
     |                         |            |           |       |  Time   |   Time   | 
     |-------------------------+------------+-----------+-------+---------+----------| 
     |                         | clk ^      |           |       |  -0.257 |    0.251 | 
     | CTS_ccl_a_buf_00159     | A ^ -> Y ^ | CLKBUFX20 | 0.069 |  -0.189 |    0.320 | 
     | CTS_ccl_a_buf_00090     | A ^ -> Y ^ | CLKBUFX6  | 0.067 |  -0.122 |    0.387 | 
     | line_buff_0_reg[302][3] | CK ^       | SDFFQX1   | 0.001 |  -0.120 |    0.389 | 
     +-------------------------------------------------------------------------------+ 
Path 39: MET Hold Check with Pin line_buff_1_reg[12][3]/CK 
Endpoint:   line_buff_1_reg[12][3]/D (v) checked with  leading edge of 'clk'
Beginpoint: line_buff_1_reg[12][3]/Q (v) triggered by  leading edge of 'clk'
Path Groups: {reg2reg}
Analysis View: all
Other End Arrival Time         -0.118
+ Hold                          0.006
+ Phase Shift                   0.000
= Required Time                -0.112
  Arrival Time                  0.397
  Slack Time                    0.509
     Clock Rise Edge                      0.000
     + Source Insertion Delay            -0.257
     = Beginpoint Arrival Time           -0.257
     Timing Path:
     +-------------------------------------------------------------------------------+ 
     |        Instance        |     Arc     |   Cell    | Delay | Arrival | Required | 
     |                        |             |           |       |  Time   |   Time   | 
     |------------------------+-------------+-----------+-------+---------+----------| 
     |                        | clk ^       |           |       |  -0.257 |   -0.766 | 
     | CTS_ccl_a_buf_00159    | A ^ -> Y ^  | CLKBUFX20 | 0.176 |  -0.082 |   -0.591 | 
     | CTS_ccl_a_buf_00132    | A ^ -> Y ^  | CLKBUFX6  | 0.200 |   0.118 |   -0.391 | 
     | line_buff_1_reg[12][3] | CK ^ -> Q v | SDFFQX1   | 0.279 |   0.397 |   -0.112 | 
     | line_buff_1_reg[12][3] | D v         | SDFFQX1   | 0.000 |   0.397 |   -0.112 | 
     +-------------------------------------------------------------------------------+ 
     Clock Rise Edge                      0.000
     + Source Insertion Delay            -0.257
     = Beginpoint Arrival Time           -0.257
     Other End Path:
     +------------------------------------------------------------------------------+ 
     |        Instance        |    Arc     |   Cell    | Delay | Arrival | Required | 
     |                        |            |           |       |  Time   |   Time   | 
     |------------------------+------------+-----------+-------+---------+----------| 
     |                        | clk ^      |           |       |  -0.257 |    0.251 | 
     | CTS_ccl_a_buf_00159    | A ^ -> Y ^ | CLKBUFX20 | 0.069 |  -0.189 |    0.320 | 
     | CTS_ccl_a_buf_00132    | A ^ -> Y ^ | CLKBUFX6  | 0.067 |  -0.122 |    0.387 | 
     | line_buff_1_reg[12][3] | CK ^       | SDFFQX1   | 0.004 |  -0.118 |    0.391 | 
     +------------------------------------------------------------------------------+ 
Path 40: MET Hold Check with Pin line_buff_1_reg[12][2]/CK 
Endpoint:   line_buff_1_reg[12][2]/D (v) checked with  leading edge of 'clk'
Beginpoint: line_buff_1_reg[12][2]/Q (v) triggered by  leading edge of 'clk'
Path Groups: {reg2reg}
Analysis View: all
Other End Arrival Time         -0.118
+ Hold                          0.006
+ Phase Shift                   0.000
= Required Time                -0.112
  Arrival Time                  0.397
  Slack Time                    0.509
     Clock Rise Edge                      0.000
     + Source Insertion Delay            -0.257
     = Beginpoint Arrival Time           -0.257
     Timing Path:
     +-------------------------------------------------------------------------------+ 
     |        Instance        |     Arc     |   Cell    | Delay | Arrival | Required | 
     |                        |             |           |       |  Time   |   Time   | 
     |------------------------+-------------+-----------+-------+---------+----------| 
     |                        | clk ^       |           |       |  -0.257 |   -0.766 | 
     | CTS_ccl_a_buf_00159    | A ^ -> Y ^  | CLKBUFX20 | 0.176 |  -0.082 |   -0.591 | 
     | CTS_ccl_a_buf_00132    | A ^ -> Y ^  | CLKBUFX6  | 0.200 |   0.118 |   -0.391 | 
     | line_buff_1_reg[12][2] | CK ^ -> Q v | SDFFQX1   | 0.279 |   0.397 |   -0.112 | 
     | line_buff_1_reg[12][2] | D v         | SDFFQX1   | 0.000 |   0.397 |   -0.112 | 
     +-------------------------------------------------------------------------------+ 
     Clock Rise Edge                      0.000
     + Source Insertion Delay            -0.257
     = Beginpoint Arrival Time           -0.257
     Other End Path:
     +------------------------------------------------------------------------------+ 
     |        Instance        |    Arc     |   Cell    | Delay | Arrival | Required | 
     |                        |            |           |       |  Time   |   Time   | 
     |------------------------+------------+-----------+-------+---------+----------| 
     |                        | clk ^      |           |       |  -0.257 |    0.251 | 
     | CTS_ccl_a_buf_00159    | A ^ -> Y ^ | CLKBUFX20 | 0.069 |  -0.189 |    0.320 | 
     | CTS_ccl_a_buf_00132    | A ^ -> Y ^ | CLKBUFX6  | 0.067 |  -0.122 |    0.387 | 
     | line_buff_1_reg[12][2] | CK ^       | SDFFQX1   | 0.004 |  -0.118 |    0.391 | 
     +------------------------------------------------------------------------------+ 
Path 41: MET Hold Check with Pin line_buff_0_reg[622][3]/CK 
Endpoint:   line_buff_0_reg[622][3]/D (v) checked with  leading edge of 'clk'
Beginpoint: line_buff_0_reg[622][3]/Q (v) triggered by  leading edge of 'clk'
Path Groups: {reg2reg}
Analysis View: all
Other End Arrival Time         -0.120
+ Hold                          0.006
+ Phase Shift                   0.000
= Required Time                -0.114
  Arrival Time                  0.395
  Slack Time                    0.509
     Clock Rise Edge                      0.000
     + Source Insertion Delay            -0.257
     = Beginpoint Arrival Time           -0.257
     Timing Path:
     +--------------------------------------------------------------------------------+ 
     |        Instance         |     Arc     |   Cell    | Delay | Arrival | Required | 
     |                         |             |           |       |  Time   |   Time   | 
     |-------------------------+-------------+-----------+-------+---------+----------| 
     |                         | clk ^       |           |       |  -0.257 |   -0.766 | 
     | CTS_ccl_a_buf_00159     | A ^ -> Y ^  | CLKBUFX20 | 0.176 |  -0.082 |   -0.591 | 
     | CTS_ccl_a_buf_00093     | A ^ -> Y ^  | CLKBUFX6  | 0.200 |   0.118 |   -0.391 | 
     | line_buff_0_reg[622][3] | CK ^ -> Q v | SDFFQX1   | 0.276 |   0.395 |   -0.114 | 
     | line_buff_0_reg[622][3] | D v         | SDFFQX1   | 0.000 |   0.395 |   -0.114 | 
     +--------------------------------------------------------------------------------+ 
     Clock Rise Edge                      0.000
     + Source Insertion Delay            -0.257
     = Beginpoint Arrival Time           -0.257
     Other End Path:
     +-------------------------------------------------------------------------------+ 
     |        Instance         |    Arc     |   Cell    | Delay | Arrival | Required | 
     |                         |            |           |       |  Time   |   Time   | 
     |-------------------------+------------+-----------+-------+---------+----------| 
     |                         | clk ^      |           |       |  -0.257 |    0.251 | 
     | CTS_ccl_a_buf_00159     | A ^ -> Y ^ | CLKBUFX20 | 0.069 |  -0.189 |    0.320 | 
     | CTS_ccl_a_buf_00093     | A ^ -> Y ^ | CLKBUFX6  | 0.066 |  -0.123 |    0.386 | 
     | line_buff_0_reg[622][3] | CK ^       | SDFFQX1   | 0.002 |  -0.120 |    0.389 | 
     +-------------------------------------------------------------------------------+ 
Path 42: MET Hold Check with Pin line_buff_0_reg[303][2]/CK 
Endpoint:   line_buff_0_reg[303][2]/D (v) checked with  leading edge of 'clk'
Beginpoint: line_buff_0_reg[303][2]/Q (v) triggered by  leading edge of 'clk'
Path Groups: {reg2reg}
Analysis View: all
Other End Arrival Time         -0.120
+ Hold                          0.004
+ Phase Shift                   0.000
= Required Time                -0.116
  Arrival Time                  0.393
  Slack Time                    0.509
     Clock Rise Edge                      0.000
     + Source Insertion Delay            -0.257
     = Beginpoint Arrival Time           -0.257
     Timing Path:
     +--------------------------------------------------------------------------------+ 
     |        Instance         |     Arc     |   Cell    | Delay | Arrival | Required | 
     |                         |             |           |       |  Time   |   Time   | 
     |-------------------------+-------------+-----------+-------+---------+----------| 
     |                         | clk ^       |           |       |  -0.257 |   -0.766 | 
     | CTS_ccl_a_buf_00159     | A ^ -> Y ^  | CLKBUFX20 | 0.176 |  -0.082 |   -0.591 | 
     | CTS_ccl_a_buf_00090     | A ^ -> Y ^  | CLKBUFX6  | 0.199 |   0.117 |   -0.392 | 
     | line_buff_0_reg[303][2] | CK ^ -> Q v | SDFFQX1   | 0.276 |   0.393 |   -0.116 | 
     | line_buff_0_reg[303][2] | D v         | SDFFQX1   | 0.000 |   0.393 |   -0.116 | 
     +--------------------------------------------------------------------------------+ 
     Clock Rise Edge                      0.000
     + Source Insertion Delay            -0.257
     = Beginpoint Arrival Time           -0.257
     Other End Path:
     +-------------------------------------------------------------------------------+ 
     |        Instance         |    Arc     |   Cell    | Delay | Arrival | Required | 
     |                         |            |           |       |  Time   |   Time   | 
     |-------------------------+------------+-----------+-------+---------+----------| 
     |                         | clk ^      |           |       |  -0.257 |    0.252 | 
     | CTS_ccl_a_buf_00159     | A ^ -> Y ^ | CLKBUFX20 | 0.069 |  -0.189 |    0.320 | 
     | CTS_ccl_a_buf_00090     | A ^ -> Y ^ | CLKBUFX6  | 0.067 |  -0.122 |    0.387 | 
     | line_buff_0_reg[303][2] | CK ^       | SDFFQX1   | 0.001 |  -0.120 |    0.389 | 
     +-------------------------------------------------------------------------------+ 
Path 43: MET Hold Check with Pin line_buff_0_reg[64][0]/CK 
Endpoint:   line_buff_0_reg[64][0]/D (v) checked with  leading edge of 'clk'
Beginpoint: line_buff_0_reg[64][0]/Q (v) triggered by  leading edge of 'clk'
Path Groups: {reg2reg}
Analysis View: all
Other End Arrival Time         -0.124
+ Hold                          0.001
+ Phase Shift                   0.000
= Required Time                -0.123
  Arrival Time                  0.386
  Slack Time                    0.509
     Clock Rise Edge                      0.000
     + Source Insertion Delay            -0.257
     = Beginpoint Arrival Time           -0.257
     Timing Path:
     +-------------------------------------------------------------------------------+ 
     |        Instance        |     Arc     |   Cell    | Delay | Arrival | Required | 
     |                        |             |           |       |  Time   |   Time   | 
     |------------------------+-------------+-----------+-------+---------+----------| 
     |                        | clk ^       |           |       |  -0.257 |   -0.766 | 
     | CTS_ccl_a_buf_00159    | A ^ -> Y ^  | CLKBUFX20 | 0.176 |  -0.082 |   -0.591 | 
     | CTS_ccl_a_buf_00086    | A ^ -> Y ^  | CLKBUFX6  | 0.193 |   0.111 |   -0.397 | 
     | line_buff_0_reg[64][0] | CK ^ -> Q v | SDFFQX1   | 0.274 |   0.386 |   -0.123 | 
     | line_buff_0_reg[64][0] | D v         | SDFFQX1   | 0.000 |   0.386 |   -0.123 | 
     +-------------------------------------------------------------------------------+ 
     Clock Rise Edge                      0.000
     + Source Insertion Delay            -0.257
     = Beginpoint Arrival Time           -0.257
     Other End Path:
     +------------------------------------------------------------------------------+ 
     |        Instance        |    Arc     |   Cell    | Delay | Arrival | Required | 
     |                        |            |           |       |  Time   |   Time   | 
     |------------------------+------------+-----------+-------+---------+----------| 
     |                        | clk ^      |           |       |  -0.257 |    0.252 | 
     | CTS_ccl_a_buf_00159    | A ^ -> Y ^ | CLKBUFX20 | 0.069 |  -0.189 |    0.320 | 
     | CTS_ccl_a_buf_00086    | A ^ -> Y ^ | CLKBUFX6  | 0.063 |  -0.126 |    0.383 | 
     | line_buff_0_reg[64][0] | CK ^       | SDFFQX1   | 0.001 |  -0.124 |    0.385 | 
     +------------------------------------------------------------------------------+ 
Path 44: MET Hold Check with Pin line_buff_1_reg[69][5]/CK 
Endpoint:   line_buff_1_reg[69][5]/D (v) checked with  leading edge of 'clk'
Beginpoint: line_buff_1_reg[69][5]/Q (v) triggered by  leading edge of 'clk'
Path Groups: {reg2reg}
Analysis View: all
Other End Arrival Time         -0.124
+ Hold                          0.001
+ Phase Shift                   0.000
= Required Time                -0.123
  Arrival Time                  0.386
  Slack Time                    0.509
     Clock Rise Edge                      0.000
     + Source Insertion Delay            -0.257
     = Beginpoint Arrival Time           -0.257
     Timing Path:
     +-------------------------------------------------------------------------------+ 
     |        Instance        |     Arc     |   Cell    | Delay | Arrival | Required | 
     |                        |             |           |       |  Time   |   Time   | 
     |------------------------+-------------+-----------+-------+---------+----------| 
     |                        | clk ^       |           |       |  -0.257 |   -0.766 | 
     | CTS_ccl_a_buf_00159    | A ^ -> Y ^  | CLKBUFX20 | 0.176 |  -0.082 |   -0.591 | 
     | CTS_ccl_a_buf_00086    | A ^ -> Y ^  | CLKBUFX6  | 0.193 |   0.111 |   -0.397 | 
     | line_buff_1_reg[69][5] | CK ^ -> Q v | SDFFQX1   | 0.274 |   0.386 |   -0.123 | 
     | line_buff_1_reg[69][5] | D v         | SDFFQX1   | 0.000 |   0.386 |   -0.123 | 
     +-------------------------------------------------------------------------------+ 
     Clock Rise Edge                      0.000
     + Source Insertion Delay            -0.257
     = Beginpoint Arrival Time           -0.257
     Other End Path:
     +------------------------------------------------------------------------------+ 
     |        Instance        |    Arc     |   Cell    | Delay | Arrival | Required | 
     |                        |            |           |       |  Time   |   Time   | 
     |------------------------+------------+-----------+-------+---------+----------| 
     |                        | clk ^      |           |       |  -0.257 |    0.252 | 
     | CTS_ccl_a_buf_00159    | A ^ -> Y ^ | CLKBUFX20 | 0.069 |  -0.189 |    0.320 | 
     | CTS_ccl_a_buf_00086    | A ^ -> Y ^ | CLKBUFX6  | 0.063 |  -0.126 |    0.383 | 
     | line_buff_1_reg[69][5] | CK ^       | SDFFQX1   | 0.002 |  -0.124 |    0.385 | 
     +------------------------------------------------------------------------------+ 
Path 45: MET Hold Check with Pin line_buff_1_reg[330][4]/CK 
Endpoint:   line_buff_1_reg[330][4]/D (v) checked with  leading edge of 'clk'
Beginpoint: line_buff_1_reg[330][4]/Q (v) triggered by  leading edge of 'clk'
Path Groups: {reg2reg}
Analysis View: all
Other End Arrival Time         -0.118
+ Hold                          0.001
+ Phase Shift                   0.000
= Required Time                -0.117
  Arrival Time                  0.392
  Slack Time                    0.509
     Clock Rise Edge                      0.000
     + Source Insertion Delay            -0.257
     = Beginpoint Arrival Time           -0.257
     Timing Path:
     +--------------------------------------------------------------------------------+ 
     |        Instance         |     Arc     |   Cell    | Delay | Arrival | Required | 
     |                         |             |           |       |  Time   |   Time   | 
     |-------------------------+-------------+-----------+-------+---------+----------| 
     |                         | clk ^       |           |       |  -0.257 |   -0.766 | 
     | CTS_ccl_a_buf_00159     | A ^ -> Y ^  | CLKBUFX20 | 0.176 |  -0.082 |   -0.591 | 
     | CTS_ccl_a_buf_00129     | A ^ -> Y ^  | CLKBUFX8  | 0.197 |   0.115 |   -0.394 | 
     | line_buff_1_reg[330][4] | CK ^ -> Q v | SDFFQX1   | 0.277 |   0.392 |   -0.117 | 
     | line_buff_1_reg[330][4] | D v         | SDFFQX1   | 0.000 |   0.392 |   -0.117 | 
     +--------------------------------------------------------------------------------+ 
     Clock Rise Edge                      0.000
     + Source Insertion Delay            -0.257
     = Beginpoint Arrival Time           -0.257
     Other End Path:
     +-------------------------------------------------------------------------------+ 
     |        Instance         |    Arc     |   Cell    | Delay | Arrival | Required | 
     |                         |            |           |       |  Time   |   Time   | 
     |-------------------------+------------+-----------+-------+---------+----------| 
     |                         | clk ^      |           |       |  -0.257 |    0.252 | 
     | CTS_ccl_a_buf_00159     | A ^ -> Y ^ | CLKBUFX20 | 0.069 |  -0.189 |    0.320 | 
     | CTS_ccl_a_buf_00129     | A ^ -> Y ^ | CLKBUFX8  | 0.061 |  -0.128 |    0.381 | 
     | line_buff_1_reg[330][4] | CK ^       | SDFFQX1   | 0.010 |  -0.118 |    0.391 | 
     +-------------------------------------------------------------------------------+ 
Path 46: MET Hold Check with Pin line_buff_1_reg[256][2]/CK 
Endpoint:   line_buff_1_reg[256][2]/D (v) checked with  leading edge of 'clk'
Beginpoint: line_buff_1_reg[256][2]/Q (v) triggered by  leading edge of 'clk'
Path Groups: {reg2reg}
Analysis View: all
Other End Arrival Time         -0.118
+ Hold                          0.006
+ Phase Shift                   0.000
= Required Time                -0.112
  Arrival Time                  0.397
  Slack Time                    0.509
     Clock Rise Edge                      0.000
     + Source Insertion Delay            -0.257
     = Beginpoint Arrival Time           -0.257
     Timing Path:
     +--------------------------------------------------------------------------------+ 
     |        Instance         |     Arc     |   Cell    | Delay | Arrival | Required | 
     |                         |             |           |       |  Time   |   Time   | 
     |-------------------------+-------------+-----------+-------+---------+----------| 
     |                         | clk ^       |           |       |  -0.257 |   -0.766 | 
     | CTS_ccl_a_buf_00159     | A ^ -> Y ^  | CLKBUFX20 | 0.176 |  -0.082 |   -0.591 | 
     | CTS_ccl_a_buf_00132     | A ^ -> Y ^  | CLKBUFX6  | 0.200 |   0.118 |   -0.391 | 
     | line_buff_1_reg[256][2] | CK ^ -> Q v | SDFFQX1   | 0.279 |   0.397 |   -0.112 | 
     | line_buff_1_reg[256][2] | D v         | SDFFQX1   | 0.000 |   0.397 |   -0.112 | 
     +--------------------------------------------------------------------------------+ 
     Clock Rise Edge                      0.000
     + Source Insertion Delay            -0.257
     = Beginpoint Arrival Time           -0.257
     Other End Path:
     +-------------------------------------------------------------------------------+ 
     |        Instance         |    Arc     |   Cell    | Delay | Arrival | Required | 
     |                         |            |           |       |  Time   |   Time   | 
     |-------------------------+------------+-----------+-------+---------+----------| 
     |                         | clk ^      |           |       |  -0.257 |    0.252 | 
     | CTS_ccl_a_buf_00159     | A ^ -> Y ^ | CLKBUFX20 | 0.069 |  -0.189 |    0.320 | 
     | CTS_ccl_a_buf_00132     | A ^ -> Y ^ | CLKBUFX6  | 0.067 |  -0.122 |    0.387 | 
     | line_buff_1_reg[256][2] | CK ^       | SDFFQX1   | 0.004 |  -0.118 |    0.391 | 
     +-------------------------------------------------------------------------------+ 
Path 47: MET Hold Check with Pin line_buff_0_reg[302][2]/CK 
Endpoint:   line_buff_0_reg[302][2]/D (v) checked with  leading edge of 'clk'
Beginpoint: line_buff_0_reg[302][2]/Q (v) triggered by  leading edge of 'clk'
Path Groups: {reg2reg}
Analysis View: all
Other End Arrival Time         -0.120
+ Hold                          0.004
+ Phase Shift                   0.000
= Required Time                -0.116
  Arrival Time                  0.393
  Slack Time                    0.509
     Clock Rise Edge                      0.000
     + Source Insertion Delay            -0.257
     = Beginpoint Arrival Time           -0.257
     Timing Path:
     +--------------------------------------------------------------------------------+ 
     |        Instance         |     Arc     |   Cell    | Delay | Arrival | Required | 
     |                         |             |           |       |  Time   |   Time   | 
     |-------------------------+-------------+-----------+-------+---------+----------| 
     |                         | clk ^       |           |       |  -0.257 |   -0.767 | 
     | CTS_ccl_a_buf_00159     | A ^ -> Y ^  | CLKBUFX20 | 0.176 |  -0.082 |   -0.591 | 
     | CTS_ccl_a_buf_00090     | A ^ -> Y ^  | CLKBUFX6  | 0.199 |   0.117 |   -0.392 | 
     | line_buff_0_reg[302][2] | CK ^ -> Q v | SDFFQX1   | 0.276 |   0.393 |   -0.116 | 
     | line_buff_0_reg[302][2] | D v         | SDFFQX1   | 0.000 |   0.393 |   -0.116 | 
     +--------------------------------------------------------------------------------+ 
     Clock Rise Edge                      0.000
     + Source Insertion Delay            -0.257
     = Beginpoint Arrival Time           -0.257
     Other End Path:
     +-------------------------------------------------------------------------------+ 
     |        Instance         |    Arc     |   Cell    | Delay | Arrival | Required | 
     |                         |            |           |       |  Time   |   Time   | 
     |-------------------------+------------+-----------+-------+---------+----------| 
     |                         | clk ^      |           |       |  -0.257 |    0.252 | 
     | CTS_ccl_a_buf_00159     | A ^ -> Y ^ | CLKBUFX20 | 0.069 |  -0.189 |    0.320 | 
     | CTS_ccl_a_buf_00090     | A ^ -> Y ^ | CLKBUFX6  | 0.067 |  -0.122 |    0.387 | 
     | line_buff_0_reg[302][2] | CK ^       | SDFFQX1   | 0.001 |  -0.120 |    0.389 | 
     +-------------------------------------------------------------------------------+ 
Path 48: MET Hold Check with Pin line_buff_0_reg[377][1]/CK 
Endpoint:   line_buff_0_reg[377][1]/D (v) checked with  leading edge of 'clk'
Beginpoint: line_buff_0_reg[377][1]/Q (v) triggered by  leading edge of 'clk'
Path Groups: {reg2reg}
Analysis View: all
Other End Arrival Time         -0.120
+ Hold                          0.004
+ Phase Shift                   0.000
= Required Time                -0.116
  Arrival Time                  0.393
  Slack Time                    0.509
     Clock Rise Edge                      0.000
     + Source Insertion Delay            -0.257
     = Beginpoint Arrival Time           -0.257
     Timing Path:
     +--------------------------------------------------------------------------------+ 
     |        Instance         |     Arc     |   Cell    | Delay | Arrival | Required | 
     |                         |             |           |       |  Time   |   Time   | 
     |-------------------------+-------------+-----------+-------+---------+----------| 
     |                         | clk ^       |           |       |  -0.257 |   -0.767 | 
     | CTS_ccl_a_buf_00159     | A ^ -> Y ^  | CLKBUFX20 | 0.176 |  -0.082 |   -0.591 | 
     | CTS_ccl_a_buf_00090     | A ^ -> Y ^  | CLKBUFX6  | 0.199 |   0.117 |   -0.392 | 
     | line_buff_0_reg[377][1] | CK ^ -> Q v | SDFFQX1   | 0.276 |   0.393 |   -0.116 | 
     | line_buff_0_reg[377][1] | D v         | SDFFQX1   | 0.000 |   0.393 |   -0.116 | 
     +--------------------------------------------------------------------------------+ 
     Clock Rise Edge                      0.000
     + Source Insertion Delay            -0.257
     = Beginpoint Arrival Time           -0.257
     Other End Path:
     +-------------------------------------------------------------------------------+ 
     |        Instance         |    Arc     |   Cell    | Delay | Arrival | Required | 
     |                         |            |           |       |  Time   |   Time   | 
     |-------------------------+------------+-----------+-------+---------+----------| 
     |                         | clk ^      |           |       |  -0.257 |    0.252 | 
     | CTS_ccl_a_buf_00159     | A ^ -> Y ^ | CLKBUFX20 | 0.069 |  -0.189 |    0.320 | 
     | CTS_ccl_a_buf_00090     | A ^ -> Y ^ | CLKBUFX6  | 0.067 |  -0.122 |    0.387 | 
     | line_buff_0_reg[377][1] | CK ^       | SDFFQX1   | 0.002 |  -0.120 |    0.389 | 
     +-------------------------------------------------------------------------------+ 
Path 49: MET Hold Check with Pin line_buff_0_reg[66][5]/CK 
Endpoint:   line_buff_0_reg[66][5]/D (v) checked with  leading edge of 'clk'
Beginpoint: line_buff_0_reg[66][5]/Q (v) triggered by  leading edge of 'clk'
Path Groups: {reg2reg}
Analysis View: all
Other End Arrival Time         -0.125
+ Hold                          0.001
+ Phase Shift                   0.000
= Required Time                -0.124
  Arrival Time                  0.385
  Slack Time                    0.509
     Clock Rise Edge                      0.000
     + Source Insertion Delay            -0.257
     = Beginpoint Arrival Time           -0.257
     Timing Path:
     +-------------------------------------------------------------------------------+ 
     |        Instance        |     Arc     |   Cell    | Delay | Arrival | Required | 
     |                        |             |           |       |  Time   |   Time   | 
     |------------------------+-------------+-----------+-------+---------+----------| 
     |                        | clk ^       |           |       |  -0.257 |   -0.767 | 
     | CTS_ccl_a_buf_00159    | A ^ -> Y ^  | CLKBUFX20 | 0.176 |  -0.082 |   -0.591 | 
     | CTS_ccl_a_buf_00086    | A ^ -> Y ^  | CLKBUFX6  | 0.193 |   0.111 |   -0.398 | 
     | line_buff_0_reg[66][5] | CK ^ -> Q v | SDFFQX1   | 0.274 |   0.385 |   -0.124 | 
     | line_buff_0_reg[66][5] | D v         | SDFFQX1   | 0.000 |   0.385 |   -0.124 | 
     +-------------------------------------------------------------------------------+ 
     Clock Rise Edge                      0.000
     + Source Insertion Delay            -0.257
     = Beginpoint Arrival Time           -0.257
     Other End Path:
     +------------------------------------------------------------------------------+ 
     |        Instance        |    Arc     |   Cell    | Delay | Arrival | Required | 
     |                        |            |           |       |  Time   |   Time   | 
     |------------------------+------------+-----------+-------+---------+----------| 
     |                        | clk ^      |           |       |  -0.257 |    0.252 | 
     | CTS_ccl_a_buf_00159    | A ^ -> Y ^ | CLKBUFX20 | 0.069 |  -0.189 |    0.320 | 
     | CTS_ccl_a_buf_00086    | A ^ -> Y ^ | CLKBUFX6  | 0.063 |  -0.126 |    0.384 | 
     | line_buff_0_reg[66][5] | CK ^       | SDFFQX1   | 0.001 |  -0.125 |    0.385 | 
     +------------------------------------------------------------------------------+ 
Path 50: MET Hold Check with Pin line_buff_1_reg[98][3]/CK 
Endpoint:   line_buff_1_reg[98][3]/D (v) checked with  leading edge of 'clk'
Beginpoint: line_buff_1_reg[98][3]/Q (v) triggered by  leading edge of 'clk'
Path Groups: {reg2reg}
Analysis View: all
Other End Arrival Time         -0.120
+ Hold                          0.008
+ Phase Shift                   0.000
= Required Time                -0.111
  Arrival Time                  0.398
  Slack Time                    0.509
     Clock Rise Edge                      0.000
     + Source Insertion Delay            -0.257
     = Beginpoint Arrival Time           -0.257
     Timing Path:
     +-------------------------------------------------------------------------------+ 
     |        Instance        |     Arc     |   Cell    | Delay | Arrival | Required | 
     |                        |             |           |       |  Time   |   Time   | 
     |------------------------+-------------+-----------+-------+---------+----------| 
     |                        | clk ^       |           |       |  -0.257 |   -0.767 | 
     | CTS_ccl_a_buf_00159    | A ^ -> Y ^  | CLKBUFX20 | 0.176 |  -0.082 |   -0.591 | 
     | CTS_ccl_a_buf_00150    | A ^ -> Y ^  | CLKBUFX6  | 0.201 |   0.119 |   -0.390 | 
     | line_buff_1_reg[98][3] | CK ^ -> Q v | SDFFQX1   | 0.279 |   0.398 |   -0.111 | 
     | line_buff_1_reg[98][3] | D v         | SDFFQX1   | 0.000 |   0.398 |   -0.111 | 
     +-------------------------------------------------------------------------------+ 
     Clock Rise Edge                      0.000
     + Source Insertion Delay            -0.257
     = Beginpoint Arrival Time           -0.257
     Other End Path:
     +------------------------------------------------------------------------------+ 
     |        Instance        |    Arc     |   Cell    | Delay | Arrival | Required | 
     |                        |            |           |       |  Time   |   Time   | 
     |------------------------+------------+-----------+-------+---------+----------| 
     |                        | clk ^      |           |       |  -0.257 |    0.252 | 
     | CTS_ccl_a_buf_00159    | A ^ -> Y ^ | CLKBUFX20 | 0.069 |  -0.189 |    0.320 | 
     | CTS_ccl_a_buf_00150    | A ^ -> Y ^ | CLKBUFX6  | 0.066 |  -0.122 |    0.387 | 
     | line_buff_1_reg[98][3] | CK ^       | SDFFQX1   | 0.002 |  -0.120 |    0.389 | 
     +------------------------------------------------------------------------------+ 
Path 51: MET Hold Check with Pin line_buff_0_reg[70][2]/CK 
Endpoint:   line_buff_0_reg[70][2]/D (v) checked with  leading edge of 'clk'
Beginpoint: line_buff_0_reg[70][2]/Q (v) triggered by  leading edge of 'clk'
Path Groups: {reg2reg}
Analysis View: all
Other End Arrival Time         -0.124
+ Hold                          0.001
+ Phase Shift                   0.000
= Required Time                -0.123
  Arrival Time                  0.386
  Slack Time                    0.509
     Clock Rise Edge                      0.000
     + Source Insertion Delay            -0.257
     = Beginpoint Arrival Time           -0.257
     Timing Path:
     +-------------------------------------------------------------------------------+ 
     |        Instance        |     Arc     |   Cell    | Delay | Arrival | Required | 
     |                        |             |           |       |  Time   |   Time   | 
     |------------------------+-------------+-----------+-------+---------+----------| 
     |                        | clk ^       |           |       |  -0.257 |   -0.767 | 
     | CTS_ccl_a_buf_00159    | A ^ -> Y ^  | CLKBUFX20 | 0.176 |  -0.082 |   -0.591 | 
     | CTS_ccl_a_buf_00086    | A ^ -> Y ^  | CLKBUFX6  | 0.193 |   0.111 |   -0.398 | 
     | line_buff_0_reg[70][2] | CK ^ -> Q v | SDFFQX1   | 0.275 |   0.386 |   -0.123 | 
     | line_buff_0_reg[70][2] | D v         | SDFFQX1   | 0.000 |   0.386 |   -0.123 | 
     +-------------------------------------------------------------------------------+ 
     Clock Rise Edge                      0.000
     + Source Insertion Delay            -0.257
     = Beginpoint Arrival Time           -0.257
     Other End Path:
     +------------------------------------------------------------------------------+ 
     |        Instance        |    Arc     |   Cell    | Delay | Arrival | Required | 
     |                        |            |           |       |  Time   |   Time   | 
     |------------------------+------------+-----------+-------+---------+----------| 
     |                        | clk ^      |           |       |  -0.257 |    0.252 | 
     | CTS_ccl_a_buf_00159    | A ^ -> Y ^ | CLKBUFX20 | 0.069 |  -0.189 |    0.320 | 
     | CTS_ccl_a_buf_00086    | A ^ -> Y ^ | CLKBUFX6  | 0.063 |  -0.126 |    0.384 | 
     | line_buff_0_reg[70][2] | CK ^       | SDFFQX1   | 0.002 |  -0.124 |    0.385 | 
     +------------------------------------------------------------------------------+ 
Path 52: MET Hold Check with Pin line_buff_1_reg[100][3]/CK 
Endpoint:   line_buff_1_reg[100][3]/D (v) checked with  leading edge of 'clk'
Beginpoint: line_buff_1_reg[100][3]/Q (v) triggered by  leading edge of 'clk'
Path Groups: {reg2reg}
Analysis View: all
Other End Arrival Time         -0.120
+ Hold                          0.008
+ Phase Shift                   0.000
= Required Time                -0.112
  Arrival Time                  0.398
  Slack Time                    0.509
     Clock Rise Edge                      0.000
     + Source Insertion Delay            -0.257
     = Beginpoint Arrival Time           -0.257
     Timing Path:
     +--------------------------------------------------------------------------------+ 
     |        Instance         |     Arc     |   Cell    | Delay | Arrival | Required | 
     |                         |             |           |       |  Time   |   Time   | 
     |-------------------------+-------------+-----------+-------+---------+----------| 
     |                         | clk ^       |           |       |  -0.257 |   -0.767 | 
     | CTS_ccl_a_buf_00159     | A ^ -> Y ^  | CLKBUFX20 | 0.176 |  -0.082 |   -0.591 | 
     | CTS_ccl_a_buf_00150     | A ^ -> Y ^  | CLKBUFX6  | 0.201 |   0.119 |   -0.390 | 
     | line_buff_1_reg[100][3] | CK ^ -> Q v | SDFFQX1   | 0.279 |   0.398 |   -0.112 | 
     | line_buff_1_reg[100][3] | D v         | SDFFQX1   | 0.000 |   0.398 |   -0.112 | 
     +--------------------------------------------------------------------------------+ 
     Clock Rise Edge                      0.000
     + Source Insertion Delay            -0.257
     = Beginpoint Arrival Time           -0.257
     Other End Path:
     +-------------------------------------------------------------------------------+ 
     |        Instance         |    Arc     |   Cell    | Delay | Arrival | Required | 
     |                         |            |           |       |  Time   |   Time   | 
     |-------------------------+------------+-----------+-------+---------+----------| 
     |                         | clk ^      |           |       |  -0.257 |    0.252 | 
     | CTS_ccl_a_buf_00159     | A ^ -> Y ^ | CLKBUFX20 | 0.069 |  -0.189 |    0.320 | 
     | CTS_ccl_a_buf_00150     | A ^ -> Y ^ | CLKBUFX6  | 0.066 |  -0.122 |    0.387 | 
     | line_buff_1_reg[100][3] | CK ^       | SDFFQX1   | 0.002 |  -0.120 |    0.389 | 
     +-------------------------------------------------------------------------------+ 
Path 53: MET Hold Check with Pin line_buff_1_reg[398][3]/CK 
Endpoint:   line_buff_1_reg[398][3]/D (v) checked with  leading edge of 'clk'
Beginpoint: line_buff_1_reg[398][3]/Q (v) triggered by  leading edge of 'clk'
Path Groups: {reg2reg}
Analysis View: all
Other End Arrival Time         -0.123
+ Hold                          0.003
+ Phase Shift                   0.000
= Required Time                -0.120
  Arrival Time                  0.390
  Slack Time                    0.509
     Clock Rise Edge                      0.000
     + Source Insertion Delay            -0.257
     = Beginpoint Arrival Time           -0.257
     Timing Path:
     +--------------------------------------------------------------------------------+ 
     |        Instance         |     Arc     |   Cell    | Delay | Arrival | Required | 
     |                         |             |           |       |  Time   |   Time   | 
     |-------------------------+-------------+-----------+-------+---------+----------| 
     |                         | clk ^       |           |       |  -0.257 |   -0.767 | 
     | CTS_ccl_a_buf_00159     | A ^ -> Y ^  | CLKBUFX20 | 0.176 |  -0.082 |   -0.591 | 
     | CTS_ccl_a_buf_00082     | A ^ -> Y ^  | CLKBUFX6  | 0.197 |   0.115 |   -0.395 | 
     | line_buff_1_reg[398][3] | CK ^ -> Q v | SDFFQX1   | 0.275 |   0.390 |   -0.120 | 
     | line_buff_1_reg[398][3] | D v         | SDFFQX1   | 0.000 |   0.390 |   -0.120 | 
     +--------------------------------------------------------------------------------+ 
     Clock Rise Edge                      0.000
     + Source Insertion Delay            -0.257
     = Beginpoint Arrival Time           -0.257
     Other End Path:
     +-------------------------------------------------------------------------------+ 
     |        Instance         |    Arc     |   Cell    | Delay | Arrival | Required | 
     |                         |            |           |       |  Time   |   Time   | 
     |-------------------------+------------+-----------+-------+---------+----------| 
     |                         | clk ^      |           |       |  -0.257 |    0.252 | 
     | CTS_ccl_a_buf_00159     | A ^ -> Y ^ | CLKBUFX20 | 0.069 |  -0.189 |    0.321 | 
     | CTS_ccl_a_buf_00082     | A ^ -> Y ^ | CLKBUFX6  | 0.064 |  -0.125 |    0.385 | 
     | line_buff_1_reg[398][3] | CK ^       | SDFFQX1   | 0.002 |  -0.123 |    0.387 | 
     +-------------------------------------------------------------------------------+ 
Path 54: MET Hold Check with Pin line_buff_1_reg[396][3]/CK 
Endpoint:   line_buff_1_reg[396][3]/D (v) checked with  leading edge of 'clk'
Beginpoint: line_buff_1_reg[396][3]/Q (v) triggered by  leading edge of 'clk'
Path Groups: {reg2reg}
Analysis View: all
Other End Arrival Time         -0.123
+ Hold                          0.003
+ Phase Shift                   0.000
= Required Time                -0.120
  Arrival Time                  0.390
  Slack Time                    0.509
     Clock Rise Edge                      0.000
     + Source Insertion Delay            -0.257
     = Beginpoint Arrival Time           -0.257
     Timing Path:
     +--------------------------------------------------------------------------------+ 
     |        Instance         |     Arc     |   Cell    | Delay | Arrival | Required | 
     |                         |             |           |       |  Time   |   Time   | 
     |-------------------------+-------------+-----------+-------+---------+----------| 
     |                         | clk ^       |           |       |  -0.257 |   -0.767 | 
     | CTS_ccl_a_buf_00159     | A ^ -> Y ^  | CLKBUFX20 | 0.176 |  -0.082 |   -0.591 | 
     | CTS_ccl_a_buf_00082     | A ^ -> Y ^  | CLKBUFX6  | 0.197 |   0.115 |   -0.395 | 
     | line_buff_1_reg[396][3] | CK ^ -> Q v | SDFFQX1   | 0.275 |   0.390 |   -0.120 | 
     | line_buff_1_reg[396][3] | D v         | SDFFQX1   | 0.000 |   0.390 |   -0.120 | 
     +--------------------------------------------------------------------------------+ 
     Clock Rise Edge                      0.000
     + Source Insertion Delay            -0.257
     = Beginpoint Arrival Time           -0.257
     Other End Path:
     +-------------------------------------------------------------------------------+ 
     |        Instance         |    Arc     |   Cell    | Delay | Arrival | Required | 
     |                         |            |           |       |  Time   |   Time   | 
     |-------------------------+------------+-----------+-------+---------+----------| 
     |                         | clk ^      |           |       |  -0.257 |    0.252 | 
     | CTS_ccl_a_buf_00159     | A ^ -> Y ^ | CLKBUFX20 | 0.069 |  -0.189 |    0.321 | 
     | CTS_ccl_a_buf_00082     | A ^ -> Y ^ | CLKBUFX6  | 0.064 |  -0.125 |    0.385 | 
     | line_buff_1_reg[396][3] | CK ^       | SDFFQX1   | 0.002 |  -0.123 |    0.387 | 
     +-------------------------------------------------------------------------------+ 
Path 55: MET Hold Check with Pin line_buff_0_reg[300][2]/CK 
Endpoint:   line_buff_0_reg[300][2]/D (v) checked with  leading edge of 'clk'
Beginpoint: line_buff_0_reg[300][2]/Q (v) triggered by  leading edge of 'clk'
Path Groups: {reg2reg}
Analysis View: all
Other End Arrival Time         -0.120
+ Hold                          0.004
+ Phase Shift                   0.000
= Required Time                -0.116
  Arrival Time                  0.393
  Slack Time                    0.509
     Clock Rise Edge                      0.000
     + Source Insertion Delay            -0.257
     = Beginpoint Arrival Time           -0.257
     Timing Path:
     +--------------------------------------------------------------------------------+ 
     |        Instance         |     Arc     |   Cell    | Delay | Arrival | Required | 
     |                         |             |           |       |  Time   |   Time   | 
     |-------------------------+-------------+-----------+-------+---------+----------| 
     |                         | clk ^       |           |       |  -0.257 |   -0.767 | 
     | CTS_ccl_a_buf_00159     | A ^ -> Y ^  | CLKBUFX20 | 0.176 |  -0.082 |   -0.591 | 
     | CTS_ccl_a_buf_00090     | A ^ -> Y ^  | CLKBUFX6  | 0.199 |   0.117 |   -0.392 | 
     | line_buff_0_reg[300][2] | CK ^ -> Q v | SDFFQX1   | 0.276 |   0.393 |   -0.116 | 
     | line_buff_0_reg[300][2] | D v         | SDFFQX1   | 0.000 |   0.393 |   -0.116 | 
     +--------------------------------------------------------------------------------+ 
     Clock Rise Edge                      0.000
     + Source Insertion Delay            -0.257
     = Beginpoint Arrival Time           -0.257
     Other End Path:
     +-------------------------------------------------------------------------------+ 
     |        Instance         |    Arc     |   Cell    | Delay | Arrival | Required | 
     |                         |            |           |       |  Time   |   Time   | 
     |-------------------------+------------+-----------+-------+---------+----------| 
     |                         | clk ^      |           |       |  -0.257 |    0.252 | 
     | CTS_ccl_a_buf_00159     | A ^ -> Y ^ | CLKBUFX20 | 0.069 |  -0.189 |    0.321 | 
     | CTS_ccl_a_buf_00090     | A ^ -> Y ^ | CLKBUFX6  | 0.067 |  -0.122 |    0.388 | 
     | line_buff_0_reg[300][2] | CK ^       | SDFFQX1   | 0.002 |  -0.120 |    0.389 | 
     +-------------------------------------------------------------------------------+ 
Path 56: MET Hold Check with Pin line_buff_0_reg[302][4]/CK 
Endpoint:   line_buff_0_reg[302][4]/D (v) checked with  leading edge of 'clk'
Beginpoint: line_buff_0_reg[302][4]/Q (v) triggered by  leading edge of 'clk'
Path Groups: {reg2reg}
Analysis View: all
Other End Arrival Time         -0.120
+ Hold                          0.004
+ Phase Shift                   0.000
= Required Time                -0.117
  Arrival Time                  0.393
  Slack Time                    0.510
     Clock Rise Edge                      0.000
     + Source Insertion Delay            -0.257
     = Beginpoint Arrival Time           -0.257
     Timing Path:
     +--------------------------------------------------------------------------------+ 
     |        Instance         |     Arc     |   Cell    | Delay | Arrival | Required | 
     |                         |             |           |       |  Time   |   Time   | 
     |-------------------------+-------------+-----------+-------+---------+----------| 
     |                         | clk ^       |           |       |  -0.257 |   -0.767 | 
     | CTS_ccl_a_buf_00159     | A ^ -> Y ^  | CLKBUFX20 | 0.176 |  -0.082 |   -0.591 | 
     | CTS_ccl_a_buf_00090     | A ^ -> Y ^  | CLKBUFX6  | 0.199 |   0.117 |   -0.393 | 
     | line_buff_0_reg[302][4] | CK ^ -> Q v | SDFFQX1   | 0.276 |   0.393 |   -0.117 | 
     | line_buff_0_reg[302][4] | D v         | SDFFQX1   | 0.000 |   0.393 |   -0.117 | 
     +--------------------------------------------------------------------------------+ 
     Clock Rise Edge                      0.000
     + Source Insertion Delay            -0.257
     = Beginpoint Arrival Time           -0.257
     Other End Path:
     +-------------------------------------------------------------------------------+ 
     |        Instance         |    Arc     |   Cell    | Delay | Arrival | Required | 
     |                         |            |           |       |  Time   |   Time   | 
     |-------------------------+------------+-----------+-------+---------+----------| 
     |                         | clk ^      |           |       |  -0.257 |    0.252 | 
     | CTS_ccl_a_buf_00159     | A ^ -> Y ^ | CLKBUFX20 | 0.069 |  -0.189 |    0.321 | 
     | CTS_ccl_a_buf_00090     | A ^ -> Y ^ | CLKBUFX6  | 0.067 |  -0.122 |    0.388 | 
     | line_buff_0_reg[302][4] | CK ^       | SDFFQX1   | 0.001 |  -0.120 |    0.389 | 
     +-------------------------------------------------------------------------------+ 
Path 57: MET Hold Check with Pin line_buff_1_reg[392][1]/CK 
Endpoint:   line_buff_1_reg[392][1]/D (v) checked with  leading edge of 'clk'
Beginpoint: line_buff_1_reg[392][1]/Q (v) triggered by  leading edge of 'clk'
Path Groups: {reg2reg}
Analysis View: all
Other End Arrival Time         -0.123
+ Hold                          0.003
+ Phase Shift                   0.000
= Required Time                -0.120
  Arrival Time                  0.390
  Slack Time                    0.510
     Clock Rise Edge                      0.000
     + Source Insertion Delay            -0.257
     = Beginpoint Arrival Time           -0.257
     Timing Path:
     +--------------------------------------------------------------------------------+ 
     |        Instance         |     Arc     |   Cell    | Delay | Arrival | Required | 
     |                         |             |           |       |  Time   |   Time   | 
     |-------------------------+-------------+-----------+-------+---------+----------| 
     |                         | clk ^       |           |       |  -0.257 |   -0.767 | 
     | CTS_ccl_a_buf_00159     | A ^ -> Y ^  | CLKBUFX20 | 0.176 |  -0.082 |   -0.591 | 
     | CTS_ccl_a_buf_00082     | A ^ -> Y ^  | CLKBUFX6  | 0.197 |   0.115 |   -0.395 | 
     | line_buff_1_reg[392][1] | CK ^ -> Q v | SDFFQX1   | 0.275 |   0.390 |   -0.120 | 
     | line_buff_1_reg[392][1] | D v         | SDFFQX1   | 0.000 |   0.390 |   -0.120 | 
     +--------------------------------------------------------------------------------+ 
     Clock Rise Edge                      0.000
     + Source Insertion Delay            -0.257
     = Beginpoint Arrival Time           -0.257
     Other End Path:
     +-------------------------------------------------------------------------------+ 
     |        Instance         |    Arc     |   Cell    | Delay | Arrival | Required | 
     |                         |            |           |       |  Time   |   Time   | 
     |-------------------------+------------+-----------+-------+---------+----------| 
     |                         | clk ^      |           |       |  -0.257 |    0.252 | 
     | CTS_ccl_a_buf_00159     | A ^ -> Y ^ | CLKBUFX20 | 0.069 |  -0.189 |    0.321 | 
     | CTS_ccl_a_buf_00082     | A ^ -> Y ^ | CLKBUFX6  | 0.064 |  -0.125 |    0.385 | 
     | line_buff_1_reg[392][1] | CK ^       | SDFFQX1   | 0.002 |  -0.123 |    0.387 | 
     +-------------------------------------------------------------------------------+ 
Path 58: MET Hold Check with Pin line_buff_1_reg[70][4]/CK 
Endpoint:   line_buff_1_reg[70][4]/D (v) checked with  leading edge of 'clk'
Beginpoint: line_buff_1_reg[70][4]/Q (v) triggered by  leading edge of 'clk'
Path Groups: {reg2reg}
Analysis View: all
Other End Arrival Time         -0.124
+ Hold                          0.001
+ Phase Shift                   0.000
= Required Time                -0.123
  Arrival Time                  0.386
  Slack Time                    0.510
     Clock Rise Edge                      0.000
     + Source Insertion Delay            -0.257
     = Beginpoint Arrival Time           -0.257
     Timing Path:
     +-------------------------------------------------------------------------------+ 
     |        Instance        |     Arc     |   Cell    | Delay | Arrival | Required | 
     |                        |             |           |       |  Time   |   Time   | 
     |------------------------+-------------+-----------+-------+---------+----------| 
     |                        | clk ^       |           |       |  -0.257 |   -0.767 | 
     | CTS_ccl_a_buf_00159    | A ^ -> Y ^  | CLKBUFX20 | 0.176 |  -0.082 |   -0.591 | 
     | CTS_ccl_a_buf_00086    | A ^ -> Y ^  | CLKBUFX6  | 0.193 |   0.111 |   -0.398 | 
     | line_buff_1_reg[70][4] | CK ^ -> Q v | SDFFQX1   | 0.275 |   0.386 |   -0.123 | 
     | line_buff_1_reg[70][4] | D v         | SDFFQX1   | 0.000 |   0.386 |   -0.123 | 
     +-------------------------------------------------------------------------------+ 
     Clock Rise Edge                      0.000
     + Source Insertion Delay            -0.257
     = Beginpoint Arrival Time           -0.257
     Other End Path:
     +------------------------------------------------------------------------------+ 
     |        Instance        |    Arc     |   Cell    | Delay | Arrival | Required | 
     |                        |            |           |       |  Time   |   Time   | 
     |------------------------+------------+-----------+-------+---------+----------| 
     |                        | clk ^      |           |       |  -0.257 |    0.252 | 
     | CTS_ccl_a_buf_00159    | A ^ -> Y ^ | CLKBUFX20 | 0.069 |  -0.189 |    0.321 | 
     | CTS_ccl_a_buf_00086    | A ^ -> Y ^ | CLKBUFX6  | 0.063 |  -0.126 |    0.384 | 
     | line_buff_1_reg[70][4] | CK ^       | SDFFQX1   | 0.002 |  -0.124 |    0.386 | 
     +------------------------------------------------------------------------------+ 
Path 59: MET Hold Check with Pin line_buff_1_reg[590][5]/CK 
Endpoint:   line_buff_1_reg[590][5]/D (v) checked with  leading edge of 'clk'
Beginpoint: line_buff_1_reg[590][5]/Q (v) triggered by  leading edge of 'clk'
Path Groups: {reg2reg}
Analysis View: all
Other End Arrival Time         -0.120
+ Hold                          0.006
+ Phase Shift                   0.000
= Required Time                -0.115
  Arrival Time                  0.395
  Slack Time                    0.510
     Clock Rise Edge                      0.000
     + Source Insertion Delay            -0.257
     = Beginpoint Arrival Time           -0.257
     Timing Path:
     +--------------------------------------------------------------------------------+ 
     |        Instance         |     Arc     |   Cell    | Delay | Arrival | Required | 
     |                         |             |           |       |  Time   |   Time   | 
     |-------------------------+-------------+-----------+-------+---------+----------| 
     |                         | clk ^       |           |       |  -0.257 |   -0.767 | 
     | CTS_ccl_a_buf_00159     | A ^ -> Y ^  | CLKBUFX20 | 0.176 |  -0.082 |   -0.592 | 
     | CTS_ccl_a_buf_00080     | A ^ -> Y ^  | CLKBUFX6  | 0.200 |   0.118 |   -0.391 | 
     | line_buff_1_reg[590][5] | CK ^ -> Q v | SDFFQX1   | 0.277 |   0.395 |   -0.115 | 
     | line_buff_1_reg[590][5] | D v         | SDFFQX1   | 0.000 |   0.395 |   -0.115 | 
     +--------------------------------------------------------------------------------+ 
     Clock Rise Edge                      0.000
     + Source Insertion Delay            -0.257
     = Beginpoint Arrival Time           -0.257
     Other End Path:
     +-------------------------------------------------------------------------------+ 
     |        Instance         |    Arc     |   Cell    | Delay | Arrival | Required | 
     |                         |            |           |       |  Time   |   Time   | 
     |-------------------------+------------+-----------+-------+---------+----------| 
     |                         | clk ^      |           |       |  -0.257 |    0.252 | 
     | CTS_ccl_a_buf_00159     | A ^ -> Y ^ | CLKBUFX20 | 0.069 |  -0.189 |    0.321 | 
     | CTS_ccl_a_buf_00080     | A ^ -> Y ^ | CLKBUFX6  | 0.067 |  -0.122 |    0.388 | 
     | line_buff_1_reg[590][5] | CK ^       | SDFFQX1   | 0.002 |  -0.120 |    0.390 | 
     +-------------------------------------------------------------------------------+ 
Path 60: MET Hold Check with Pin line_buff_1_reg[71][3]/CK 
Endpoint:   line_buff_1_reg[71][3]/D (v) checked with  leading edge of 'clk'
Beginpoint: line_buff_1_reg[71][3]/Q (v) triggered by  leading edge of 'clk'
Path Groups: {reg2reg}
Analysis View: all
Other End Arrival Time         -0.124
+ Hold                          0.000
+ Phase Shift                   0.000
= Required Time                -0.123
  Arrival Time                  0.386
  Slack Time                    0.510
     Clock Rise Edge                      0.000
     + Source Insertion Delay            -0.257
     = Beginpoint Arrival Time           -0.257
     Timing Path:
     +-------------------------------------------------------------------------------+ 
     |        Instance        |     Arc     |   Cell    | Delay | Arrival | Required | 
     |                        |             |           |       |  Time   |   Time   | 
     |------------------------+-------------+-----------+-------+---------+----------| 
     |                        | clk ^       |           |       |  -0.257 |   -0.767 | 
     | CTS_ccl_a_buf_00159    | A ^ -> Y ^  | CLKBUFX20 | 0.176 |  -0.082 |   -0.592 | 
     | CTS_ccl_a_buf_00086    | A ^ -> Y ^  | CLKBUFX6  | 0.193 |   0.111 |   -0.398 | 
     | line_buff_1_reg[71][3] | CK ^ -> Q v | SDFFQX1   | 0.275 |   0.386 |   -0.123 | 
     | line_buff_1_reg[71][3] | D v         | SDFFQX1   | 0.000 |   0.386 |   -0.123 | 
     +-------------------------------------------------------------------------------+ 
     Clock Rise Edge                      0.000
     + Source Insertion Delay            -0.257
     = Beginpoint Arrival Time           -0.257
     Other End Path:
     +------------------------------------------------------------------------------+ 
     |        Instance        |    Arc     |   Cell    | Delay | Arrival | Required | 
     |                        |            |           |       |  Time   |   Time   | 
     |------------------------+------------+-----------+-------+---------+----------| 
     |                        | clk ^      |           |       |  -0.257 |    0.252 | 
     | CTS_ccl_a_buf_00159    | A ^ -> Y ^ | CLKBUFX20 | 0.069 |  -0.189 |    0.321 | 
     | CTS_ccl_a_buf_00086    | A ^ -> Y ^ | CLKBUFX6  | 0.063 |  -0.126 |    0.384 | 
     | line_buff_1_reg[71][3] | CK ^       | SDFFQX1   | 0.002 |  -0.124 |    0.386 | 
     +------------------------------------------------------------------------------+ 
Path 61: MET Hold Check with Pin line_buff_0_reg[66][0]/CK 
Endpoint:   line_buff_0_reg[66][0]/D (v) checked with  leading edge of 'clk'
Beginpoint: line_buff_0_reg[66][0]/Q (v) triggered by  leading edge of 'clk'
Path Groups: {reg2reg}
Analysis View: all
Other End Arrival Time         -0.124
+ Hold                          0.001
+ Phase Shift                   0.000
= Required Time                -0.123
  Arrival Time                  0.386
  Slack Time                    0.510
     Clock Rise Edge                      0.000
     + Source Insertion Delay            -0.257
     = Beginpoint Arrival Time           -0.257
     Timing Path:
     +-------------------------------------------------------------------------------+ 
     |        Instance        |     Arc     |   Cell    | Delay | Arrival | Required | 
     |                        |             |           |       |  Time   |   Time   | 
     |------------------------+-------------+-----------+-------+---------+----------| 
     |                        | clk ^       |           |       |  -0.257 |   -0.767 | 
     | CTS_ccl_a_buf_00159    | A ^ -> Y ^  | CLKBUFX20 | 0.176 |  -0.082 |   -0.592 | 
     | CTS_ccl_a_buf_00086    | A ^ -> Y ^  | CLKBUFX6  | 0.193 |   0.111 |   -0.398 | 
     | line_buff_0_reg[66][0] | CK ^ -> Q v | SDFFQX1   | 0.275 |   0.386 |   -0.123 | 
     | line_buff_0_reg[66][0] | D v         | SDFFQX1   | 0.000 |   0.386 |   -0.123 | 
     +-------------------------------------------------------------------------------+ 
     Clock Rise Edge                      0.000
     + Source Insertion Delay            -0.257
     = Beginpoint Arrival Time           -0.257
     Other End Path:
     +------------------------------------------------------------------------------+ 
     |        Instance        |    Arc     |   Cell    | Delay | Arrival | Required | 
     |                        |            |           |       |  Time   |   Time   | 
     |------------------------+------------+-----------+-------+---------+----------| 
     |                        | clk ^      |           |       |  -0.257 |    0.252 | 
     | CTS_ccl_a_buf_00159    | A ^ -> Y ^ | CLKBUFX20 | 0.069 |  -0.189 |    0.321 | 
     | CTS_ccl_a_buf_00086    | A ^ -> Y ^ | CLKBUFX6  | 0.063 |  -0.126 |    0.384 | 
     | line_buff_0_reg[66][0] | CK ^       | SDFFQX1   | 0.002 |  -0.124 |    0.386 | 
     +------------------------------------------------------------------------------+ 
Path 62: MET Hold Check with Pin line_buff_0_reg[73][3]/CK 
Endpoint:   line_buff_0_reg[73][3]/D (v) checked with  leading edge of 'clk'
Beginpoint: line_buff_0_reg[73][3]/Q (v) triggered by  leading edge of 'clk'
Path Groups: {reg2reg}
Analysis View: all
Other End Arrival Time         -0.124
+ Hold                          0.000
+ Phase Shift                   0.000
= Required Time                -0.124
  Arrival Time                  0.386
  Slack Time                    0.510
     Clock Rise Edge                      0.000
     + Source Insertion Delay            -0.257
     = Beginpoint Arrival Time           -0.257
     Timing Path:
     +-------------------------------------------------------------------------------+ 
     |        Instance        |     Arc     |   Cell    | Delay | Arrival | Required | 
     |                        |             |           |       |  Time   |   Time   | 
     |------------------------+-------------+-----------+-------+---------+----------| 
     |                        | clk ^       |           |       |  -0.257 |   -0.767 | 
     | CTS_ccl_a_buf_00159    | A ^ -> Y ^  | CLKBUFX20 | 0.176 |  -0.082 |   -0.592 | 
     | CTS_ccl_a_buf_00086    | A ^ -> Y ^  | CLKBUFX6  | 0.193 |   0.111 |   -0.398 | 
     | line_buff_0_reg[73][3] | CK ^ -> Q v | SDFFQX1   | 0.275 |   0.386 |   -0.124 | 
     | line_buff_0_reg[73][3] | D v         | SDFFQX1   | 0.000 |   0.386 |   -0.124 | 
     +-------------------------------------------------------------------------------+ 
     Clock Rise Edge                      0.000
     + Source Insertion Delay            -0.257
     = Beginpoint Arrival Time           -0.257
     Other End Path:
     +------------------------------------------------------------------------------+ 
     |        Instance        |    Arc     |   Cell    | Delay | Arrival | Required | 
     |                        |            |           |       |  Time   |   Time   | 
     |------------------------+------------+-----------+-------+---------+----------| 
     |                        | clk ^      |           |       |  -0.257 |    0.252 | 
     | CTS_ccl_a_buf_00159    | A ^ -> Y ^ | CLKBUFX20 | 0.069 |  -0.189 |    0.321 | 
     | CTS_ccl_a_buf_00086    | A ^ -> Y ^ | CLKBUFX6  | 0.063 |  -0.126 |    0.384 | 
     | line_buff_0_reg[73][3] | CK ^       | SDFFQX1   | 0.001 |  -0.124 |    0.386 | 
     +------------------------------------------------------------------------------+ 
Path 63: MET Hold Check with Pin line_buff_0_reg[72][3]/CK 
Endpoint:   line_buff_0_reg[72][3]/D (v) checked with  leading edge of 'clk'
Beginpoint: line_buff_0_reg[72][3]/Q (v) triggered by  leading edge of 'clk'
Path Groups: {reg2reg}
Analysis View: all
Other End Arrival Time         -0.124
+ Hold                          0.000
+ Phase Shift                   0.000
= Required Time                -0.124
  Arrival Time                  0.386
  Slack Time                    0.510
     Clock Rise Edge                      0.000
     + Source Insertion Delay            -0.257
     = Beginpoint Arrival Time           -0.257
     Timing Path:
     +-------------------------------------------------------------------------------+ 
     |        Instance        |     Arc     |   Cell    | Delay | Arrival | Required | 
     |                        |             |           |       |  Time   |   Time   | 
     |------------------------+-------------+-----------+-------+---------+----------| 
     |                        | clk ^       |           |       |  -0.257 |   -0.767 | 
     | CTS_ccl_a_buf_00159    | A ^ -> Y ^  | CLKBUFX20 | 0.176 |  -0.082 |   -0.592 | 
     | CTS_ccl_a_buf_00086    | A ^ -> Y ^  | CLKBUFX6  | 0.193 |   0.111 |   -0.398 | 
     | line_buff_0_reg[72][3] | CK ^ -> Q v | SDFFQX1   | 0.275 |   0.386 |   -0.124 | 
     | line_buff_0_reg[72][3] | D v         | SDFFQX1   | 0.000 |   0.386 |   -0.124 | 
     +-------------------------------------------------------------------------------+ 
     Clock Rise Edge                      0.000
     + Source Insertion Delay            -0.257
     = Beginpoint Arrival Time           -0.257
     Other End Path:
     +------------------------------------------------------------------------------+ 
     |        Instance        |    Arc     |   Cell    | Delay | Arrival | Required | 
     |                        |            |           |       |  Time   |   Time   | 
     |------------------------+------------+-----------+-------+---------+----------| 
     |                        | clk ^      |           |       |  -0.257 |    0.252 | 
     | CTS_ccl_a_buf_00159    | A ^ -> Y ^ | CLKBUFX20 | 0.069 |  -0.189 |    0.321 | 
     | CTS_ccl_a_buf_00086    | A ^ -> Y ^ | CLKBUFX6  | 0.063 |  -0.126 |    0.384 | 
     | line_buff_0_reg[72][3] | CK ^       | SDFFQX1   | 0.001 |  -0.124 |    0.386 | 
     +------------------------------------------------------------------------------+ 
Path 64: MET Hold Check with Pin line_buff_0_reg[68][1]/CK 
Endpoint:   line_buff_0_reg[68][1]/D (v) checked with  leading edge of 'clk'
Beginpoint: line_buff_0_reg[68][1]/Q (v) triggered by  leading edge of 'clk'
Path Groups: {reg2reg}
Analysis View: all
Other End Arrival Time         -0.124
+ Hold                          0.000
+ Phase Shift                   0.000
= Required Time                -0.123
  Arrival Time                  0.386
  Slack Time                    0.510
     Clock Rise Edge                      0.000
     + Source Insertion Delay            -0.257
     = Beginpoint Arrival Time           -0.257
     Timing Path:
     +-------------------------------------------------------------------------------+ 
     |        Instance        |     Arc     |   Cell    | Delay | Arrival | Required | 
     |                        |             |           |       |  Time   |   Time   | 
     |------------------------+-------------+-----------+-------+---------+----------| 
     |                        | clk ^       |           |       |  -0.257 |   -0.767 | 
     | CTS_ccl_a_buf_00159    | A ^ -> Y ^  | CLKBUFX20 | 0.176 |  -0.082 |   -0.592 | 
     | CTS_ccl_a_buf_00086    | A ^ -> Y ^  | CLKBUFX6  | 0.193 |   0.111 |   -0.398 | 
     | line_buff_0_reg[68][1] | CK ^ -> Q v | SDFFQX1   | 0.275 |   0.386 |   -0.123 | 
     | line_buff_0_reg[68][1] | D v         | SDFFQX1   | 0.000 |   0.386 |   -0.123 | 
     +-------------------------------------------------------------------------------+ 
     Clock Rise Edge                      0.000
     + Source Insertion Delay            -0.257
     = Beginpoint Arrival Time           -0.257
     Other End Path:
     +------------------------------------------------------------------------------+ 
     |        Instance        |    Arc     |   Cell    | Delay | Arrival | Required | 
     |                        |            |           |       |  Time   |   Time   | 
     |------------------------+------------+-----------+-------+---------+----------| 
     |                        | clk ^      |           |       |  -0.257 |    0.252 | 
     | CTS_ccl_a_buf_00159    | A ^ -> Y ^ | CLKBUFX20 | 0.069 |  -0.189 |    0.321 | 
     | CTS_ccl_a_buf_00086    | A ^ -> Y ^ | CLKBUFX6  | 0.063 |  -0.126 |    0.384 | 
     | line_buff_0_reg[68][1] | CK ^       | SDFFQX1   | 0.002 |  -0.124 |    0.386 | 
     +------------------------------------------------------------------------------+ 
Path 65: MET Hold Check with Pin line_buff_0_reg[67][4]/CK 
Endpoint:   line_buff_0_reg[67][4]/D (v) checked with  leading edge of 'clk'
Beginpoint: line_buff_0_reg[67][4]/Q (v) triggered by  leading edge of 'clk'
Path Groups: {reg2reg}
Analysis View: all
Other End Arrival Time         -0.125
+ Hold                          0.001
+ Phase Shift                   0.000
= Required Time                -0.124
  Arrival Time                  0.386
  Slack Time                    0.510
     Clock Rise Edge                      0.000
     + Source Insertion Delay            -0.257
     = Beginpoint Arrival Time           -0.257
     Timing Path:
     +-------------------------------------------------------------------------------+ 
     |        Instance        |     Arc     |   Cell    | Delay | Arrival | Required | 
     |                        |             |           |       |  Time   |   Time   | 
     |------------------------+-------------+-----------+-------+---------+----------| 
     |                        | clk ^       |           |       |  -0.257 |   -0.767 | 
     | CTS_ccl_a_buf_00159    | A ^ -> Y ^  | CLKBUFX20 | 0.176 |  -0.082 |   -0.592 | 
     | CTS_ccl_a_buf_00086    | A ^ -> Y ^  | CLKBUFX6  | 0.193 |   0.111 |   -0.398 | 
     | line_buff_0_reg[67][4] | CK ^ -> Q v | SDFFQX1   | 0.274 |   0.386 |   -0.124 | 
     | line_buff_0_reg[67][4] | D v         | SDFFQX1   | 0.000 |   0.386 |   -0.124 | 
     +-------------------------------------------------------------------------------+ 
     Clock Rise Edge                      0.000
     + Source Insertion Delay            -0.257
     = Beginpoint Arrival Time           -0.257
     Other End Path:
     +------------------------------------------------------------------------------+ 
     |        Instance        |    Arc     |   Cell    | Delay | Arrival | Required | 
     |                        |            |           |       |  Time   |   Time   | 
     |------------------------+------------+-----------+-------+---------+----------| 
     |                        | clk ^      |           |       |  -0.257 |    0.252 | 
     | CTS_ccl_a_buf_00159    | A ^ -> Y ^ | CLKBUFX20 | 0.069 |  -0.189 |    0.321 | 
     | CTS_ccl_a_buf_00086    | A ^ -> Y ^ | CLKBUFX6  | 0.063 |  -0.126 |    0.384 | 
     | line_buff_0_reg[67][4] | CK ^       | SDFFQX1   | 0.001 |  -0.125 |    0.385 | 
     +------------------------------------------------------------------------------+ 
Path 66: MET Hold Check with Pin line_buff_0_reg[100][5]/CK 
Endpoint:   line_buff_0_reg[100][5]/D (v) checked with  leading edge of 'clk'
Beginpoint: line_buff_0_reg[100][5]/Q (v) triggered by  leading edge of 'clk'
Path Groups: {reg2reg}
Analysis View: all
Other End Arrival Time         -0.120
+ Hold                          0.008
+ Phase Shift                   0.000
= Required Time                -0.112
  Arrival Time                  0.398
  Slack Time                    0.510
     Clock Rise Edge                      0.000
     + Source Insertion Delay            -0.257
     = Beginpoint Arrival Time           -0.257
     Timing Path:
     +--------------------------------------------------------------------------------+ 
     |        Instance         |     Arc     |   Cell    | Delay | Arrival | Required | 
     |                         |             |           |       |  Time   |   Time   | 
     |-------------------------+-------------+-----------+-------+---------+----------| 
     |                         | clk ^       |           |       |  -0.257 |   -0.767 | 
     | CTS_ccl_a_buf_00159     | A ^ -> Y ^  | CLKBUFX20 | 0.176 |  -0.082 |   -0.592 | 
     | CTS_ccl_a_buf_00150     | A ^ -> Y ^  | CLKBUFX6  | 0.201 |   0.119 |   -0.391 | 
     | line_buff_0_reg[100][5] | CK ^ -> Q v | SDFFQX1   | 0.279 |   0.398 |   -0.112 | 
     | line_buff_0_reg[100][5] | D v         | SDFFQX1   | 0.000 |   0.398 |   -0.112 | 
     +--------------------------------------------------------------------------------+ 
     Clock Rise Edge                      0.000
     + Source Insertion Delay            -0.257
     = Beginpoint Arrival Time           -0.257
     Other End Path:
     +-------------------------------------------------------------------------------+ 
     |        Instance         |    Arc     |   Cell    | Delay | Arrival | Required | 
     |                         |            |           |       |  Time   |   Time   | 
     |-------------------------+------------+-----------+-------+---------+----------| 
     |                         | clk ^      |           |       |  -0.257 |    0.252 | 
     | CTS_ccl_a_buf_00159     | A ^ -> Y ^ | CLKBUFX20 | 0.069 |  -0.189 |    0.321 | 
     | CTS_ccl_a_buf_00150     | A ^ -> Y ^ | CLKBUFX6  | 0.066 |  -0.122 |    0.388 | 
     | line_buff_0_reg[100][5] | CK ^       | SDFFQX1   | 0.002 |  -0.120 |    0.390 | 
     +-------------------------------------------------------------------------------+ 
Path 67: MET Hold Check with Pin line_buff_0_reg[261][0]/CK 
Endpoint:   line_buff_0_reg[261][0]/D (v) checked with  leading edge of 'clk'
Beginpoint: line_buff_0_reg[261][0]/Q (v) triggered by  leading edge of 'clk'
Path Groups: {reg2reg}
Analysis View: all
Other End Arrival Time         -0.119
+ Hold                          0.006
+ Phase Shift                   0.000
= Required Time                -0.113
  Arrival Time                  0.397
  Slack Time                    0.510
     Clock Rise Edge                      0.000
     + Source Insertion Delay            -0.257
     = Beginpoint Arrival Time           -0.257
     Timing Path:
     +--------------------------------------------------------------------------------+ 
     |        Instance         |     Arc     |   Cell    | Delay | Arrival | Required | 
     |                         |             |           |       |  Time   |   Time   | 
     |-------------------------+-------------+-----------+-------+---------+----------| 
     |                         | clk ^       |           |       |  -0.257 |   -0.767 | 
     | CTS_ccl_a_buf_00159     | A ^ -> Y ^  | CLKBUFX20 | 0.176 |  -0.082 |   -0.592 | 
     | CTS_ccl_a_buf_00132     | A ^ -> Y ^  | CLKBUFX6  | 0.200 |   0.118 |   -0.392 | 
     | line_buff_0_reg[261][0] | CK ^ -> Q v | SDFFQX1   | 0.279 |   0.397 |   -0.113 | 
     | line_buff_0_reg[261][0] | D v         | SDFFQX1   | 0.000 |   0.397 |   -0.113 | 
     +--------------------------------------------------------------------------------+ 
     Clock Rise Edge                      0.000
     + Source Insertion Delay            -0.257
     = Beginpoint Arrival Time           -0.257
     Other End Path:
     +-------------------------------------------------------------------------------+ 
     |        Instance         |    Arc     |   Cell    | Delay | Arrival | Required | 
     |                         |            |           |       |  Time   |   Time   | 
     |-------------------------+------------+-----------+-------+---------+----------| 
     |                         | clk ^      |           |       |  -0.257 |    0.253 | 
     | CTS_ccl_a_buf_00159     | A ^ -> Y ^ | CLKBUFX20 | 0.069 |  -0.189 |    0.321 | 
     | CTS_ccl_a_buf_00132     | A ^ -> Y ^ | CLKBUFX6  | 0.067 |  -0.122 |    0.388 | 
     | line_buff_0_reg[261][0] | CK ^       | SDFFQX1   | 0.004 |  -0.119 |    0.391 | 
     +-------------------------------------------------------------------------------+ 
Path 68: MET Hold Check with Pin line_buff_0_reg[330][2]/CK 
Endpoint:   line_buff_0_reg[330][2]/D (v) checked with  leading edge of 'clk'
Beginpoint: line_buff_0_reg[330][2]/Q (v) triggered by  leading edge of 'clk'
Path Groups: {reg2reg}
Analysis View: all
Other End Arrival Time         -0.118
+ Hold                          0.001
+ Phase Shift                   0.000
= Required Time                -0.117
  Arrival Time                  0.393
  Slack Time                    0.510
     Clock Rise Edge                      0.000
     + Source Insertion Delay            -0.257
     = Beginpoint Arrival Time           -0.257
     Timing Path:
     +--------------------------------------------------------------------------------+ 
     |        Instance         |     Arc     |   Cell    | Delay | Arrival | Required | 
     |                         |             |           |       |  Time   |   Time   | 
     |-------------------------+-------------+-----------+-------+---------+----------| 
     |                         | clk ^       |           |       |  -0.257 |   -0.767 | 
     | CTS_ccl_a_buf_00159     | A ^ -> Y ^  | CLKBUFX20 | 0.176 |  -0.082 |   -0.592 | 
     | CTS_ccl_a_buf_00129     | A ^ -> Y ^  | CLKBUFX8  | 0.197 |   0.115 |   -0.395 | 
     | line_buff_0_reg[330][2] | CK ^ -> Q v | SDFFQX1   | 0.278 |   0.393 |   -0.117 | 
     | line_buff_0_reg[330][2] | D v         | SDFFQX1   | 0.000 |   0.393 |   -0.117 | 
     +--------------------------------------------------------------------------------+ 
     Clock Rise Edge                      0.000
     + Source Insertion Delay            -0.257
     = Beginpoint Arrival Time           -0.257
     Other End Path:
     +-------------------------------------------------------------------------------+ 
     |        Instance         |    Arc     |   Cell    | Delay | Arrival | Required | 
     |                         |            |           |       |  Time   |   Time   | 
     |-------------------------+------------+-----------+-------+---------+----------| 
     |                         | clk ^      |           |       |  -0.257 |    0.253 | 
     | CTS_ccl_a_buf_00159     | A ^ -> Y ^ | CLKBUFX20 | 0.069 |  -0.189 |    0.321 | 
     | CTS_ccl_a_buf_00129     | A ^ -> Y ^ | CLKBUFX8  | 0.061 |  -0.128 |    0.382 | 
     | line_buff_0_reg[330][2] | CK ^       | SDFFQX1   | 0.010 |  -0.118 |    0.392 | 
     +-------------------------------------------------------------------------------+ 
Path 69: MET Hold Check with Pin line_buff_0_reg[257][2]/CK 
Endpoint:   line_buff_0_reg[257][2]/D (v) checked with  leading edge of 'clk'
Beginpoint: line_buff_0_reg[257][2]/Q (v) triggered by  leading edge of 'clk'
Path Groups: {reg2reg}
Analysis View: all
Other End Arrival Time         -0.118
+ Hold                          0.006
+ Phase Shift                   0.000
= Required Time                -0.113
  Arrival Time                  0.397
  Slack Time                    0.510
     Clock Rise Edge                      0.000
     + Source Insertion Delay            -0.257
     = Beginpoint Arrival Time           -0.257
     Timing Path:
     +--------------------------------------------------------------------------------+ 
     |        Instance         |     Arc     |   Cell    | Delay | Arrival | Required | 
     |                         |             |           |       |  Time   |   Time   | 
     |-------------------------+-------------+-----------+-------+---------+----------| 
     |                         | clk ^       |           |       |  -0.257 |   -0.767 | 
     | CTS_ccl_a_buf_00159     | A ^ -> Y ^  | CLKBUFX20 | 0.176 |  -0.082 |   -0.592 | 
     | CTS_ccl_a_buf_00132     | A ^ -> Y ^  | CLKBUFX6  | 0.200 |   0.118 |   -0.392 | 
     | line_buff_0_reg[257][2] | CK ^ -> Q v | SDFFQX1   | 0.280 |   0.397 |   -0.113 | 
     | line_buff_0_reg[257][2] | D v         | SDFFQX1   | 0.000 |   0.397 |   -0.113 | 
     +--------------------------------------------------------------------------------+ 
     Clock Rise Edge                      0.000
     + Source Insertion Delay            -0.257
     = Beginpoint Arrival Time           -0.257
     Other End Path:
     +-------------------------------------------------------------------------------+ 
     |        Instance         |    Arc     |   Cell    | Delay | Arrival | Required | 
     |                         |            |           |       |  Time   |   Time   | 
     |-------------------------+------------+-----------+-------+---------+----------| 
     |                         | clk ^      |           |       |  -0.257 |    0.253 | 
     | CTS_ccl_a_buf_00159     | A ^ -> Y ^ | CLKBUFX20 | 0.069 |  -0.189 |    0.321 | 
     | CTS_ccl_a_buf_00132     | A ^ -> Y ^ | CLKBUFX6  | 0.067 |  -0.122 |    0.388 | 
     | line_buff_0_reg[257][2] | CK ^       | SDFFQX1   | 0.004 |  -0.118 |    0.392 | 
     +-------------------------------------------------------------------------------+ 
Path 70: MET Hold Check with Pin line_buff_0_reg[68][0]/CK 
Endpoint:   line_buff_0_reg[68][0]/D (v) checked with  leading edge of 'clk'
Beginpoint: line_buff_0_reg[68][0]/Q (v) triggered by  leading edge of 'clk'
Path Groups: {reg2reg}
Analysis View: all
Other End Arrival Time         -0.124
+ Hold                          0.000
+ Phase Shift                   0.000
= Required Time                -0.124
  Arrival Time                  0.386
  Slack Time                    0.510
     Clock Rise Edge                      0.000
     + Source Insertion Delay            -0.257
     = Beginpoint Arrival Time           -0.257
     Timing Path:
     +-------------------------------------------------------------------------------+ 
     |        Instance        |     Arc     |   Cell    | Delay | Arrival | Required | 
     |                        |             |           |       |  Time   |   Time   | 
     |------------------------+-------------+-----------+-------+---------+----------| 
     |                        | clk ^       |           |       |  -0.257 |   -0.767 | 
     | CTS_ccl_a_buf_00159    | A ^ -> Y ^  | CLKBUFX20 | 0.176 |  -0.082 |   -0.592 | 
     | CTS_ccl_a_buf_00086    | A ^ -> Y ^  | CLKBUFX6  | 0.193 |   0.111 |   -0.399 | 
     | line_buff_0_reg[68][0] | CK ^ -> Q v | SDFFQX1   | 0.275 |   0.386 |   -0.124 | 
     | line_buff_0_reg[68][0] | D v         | SDFFQX1   | 0.000 |   0.386 |   -0.124 | 
     +-------------------------------------------------------------------------------+ 
     Clock Rise Edge                      0.000
     + Source Insertion Delay            -0.257
     = Beginpoint Arrival Time           -0.257
     Other End Path:
     +------------------------------------------------------------------------------+ 
     |        Instance        |    Arc     |   Cell    | Delay | Arrival | Required | 
     |                        |            |           |       |  Time   |   Time   | 
     |------------------------+------------+-----------+-------+---------+----------| 
     |                        | clk ^      |           |       |  -0.257 |    0.253 | 
     | CTS_ccl_a_buf_00159    | A ^ -> Y ^ | CLKBUFX20 | 0.069 |  -0.189 |    0.321 | 
     | CTS_ccl_a_buf_00086    | A ^ -> Y ^ | CLKBUFX6  | 0.063 |  -0.126 |    0.384 | 
     | line_buff_0_reg[68][0] | CK ^       | SDFFQX1   | 0.001 |  -0.124 |    0.386 | 
     +------------------------------------------------------------------------------+ 
Path 71: MET Hold Check with Pin line_buff_1_reg[71][4]/CK 
Endpoint:   line_buff_1_reg[71][4]/D (v) checked with  leading edge of 'clk'
Beginpoint: line_buff_1_reg[71][4]/Q (v) triggered by  leading edge of 'clk'
Path Groups: {reg2reg}
Analysis View: all
Other End Arrival Time         -0.124
+ Hold                          0.000
+ Phase Shift                   0.000
= Required Time                -0.124
  Arrival Time                  0.386
  Slack Time                    0.510
     Clock Rise Edge                      0.000
     + Source Insertion Delay            -0.257
     = Beginpoint Arrival Time           -0.257
     Timing Path:
     +-------------------------------------------------------------------------------+ 
     |        Instance        |     Arc     |   Cell    | Delay | Arrival | Required | 
     |                        |             |           |       |  Time   |   Time   | 
     |------------------------+-------------+-----------+-------+---------+----------| 
     |                        | clk ^       |           |       |  -0.257 |   -0.767 | 
     | CTS_ccl_a_buf_00159    | A ^ -> Y ^  | CLKBUFX20 | 0.176 |  -0.082 |   -0.592 | 
     | CTS_ccl_a_buf_00086    | A ^ -> Y ^  | CLKBUFX6  | 0.193 |   0.111 |   -0.399 | 
     | line_buff_1_reg[71][4] | CK ^ -> Q v | SDFFQX1   | 0.275 |   0.386 |   -0.124 | 
     | line_buff_1_reg[71][4] | D v         | SDFFQX1   | 0.000 |   0.386 |   -0.124 | 
     +-------------------------------------------------------------------------------+ 
     Clock Rise Edge                      0.000
     + Source Insertion Delay            -0.257
     = Beginpoint Arrival Time           -0.257
     Other End Path:
     +------------------------------------------------------------------------------+ 
     |        Instance        |    Arc     |   Cell    | Delay | Arrival | Required | 
     |                        |            |           |       |  Time   |   Time   | 
     |------------------------+------------+-----------+-------+---------+----------| 
     |                        | clk ^      |           |       |  -0.257 |    0.253 | 
     | CTS_ccl_a_buf_00159    | A ^ -> Y ^ | CLKBUFX20 | 0.069 |  -0.189 |    0.321 | 
     | CTS_ccl_a_buf_00086    | A ^ -> Y ^ | CLKBUFX6  | 0.063 |  -0.126 |    0.384 | 
     | line_buff_1_reg[71][4] | CK ^       | SDFFQX1   | 0.002 |  -0.124 |    0.386 | 
     +------------------------------------------------------------------------------+ 
Path 72: MET Hold Check with Pin line_buff_0_reg[330][5]/CK 
Endpoint:   line_buff_0_reg[330][5]/D (v) checked with  leading edge of 'clk'
Beginpoint: line_buff_0_reg[330][5]/Q (v) triggered by  leading edge of 'clk'
Path Groups: {reg2reg}
Analysis View: all
Other End Arrival Time         -0.118
+ Hold                          0.001
+ Phase Shift                   0.000
= Required Time                -0.117
  Arrival Time                  0.393
  Slack Time                    0.510
     Clock Rise Edge                      0.000
     + Source Insertion Delay            -0.257
     = Beginpoint Arrival Time           -0.257
     Timing Path:
     +--------------------------------------------------------------------------------+ 
     |        Instance         |     Arc     |   Cell    | Delay | Arrival | Required | 
     |                         |             |           |       |  Time   |   Time   | 
     |-------------------------+-------------+-----------+-------+---------+----------| 
     |                         | clk ^       |           |       |  -0.257 |   -0.767 | 
     | CTS_ccl_a_buf_00159     | A ^ -> Y ^  | CLKBUFX20 | 0.176 |  -0.082 |   -0.592 | 
     | CTS_ccl_a_buf_00129     | A ^ -> Y ^  | CLKBUFX8  | 0.197 |   0.115 |   -0.395 | 
     | line_buff_0_reg[330][5] | CK ^ -> Q v | SDFFQX1   | 0.278 |   0.393 |   -0.117 | 
     | line_buff_0_reg[330][5] | D v         | SDFFQX1   | 0.000 |   0.393 |   -0.117 | 
     +--------------------------------------------------------------------------------+ 
     Clock Rise Edge                      0.000
     + Source Insertion Delay            -0.257
     = Beginpoint Arrival Time           -0.257
     Other End Path:
     +-------------------------------------------------------------------------------+ 
     |        Instance         |    Arc     |   Cell    | Delay | Arrival | Required | 
     |                         |            |           |       |  Time   |   Time   | 
     |-------------------------+------------+-----------+-------+---------+----------| 
     |                         | clk ^      |           |       |  -0.257 |    0.253 | 
     | CTS_ccl_a_buf_00159     | A ^ -> Y ^ | CLKBUFX20 | 0.069 |  -0.189 |    0.321 | 
     | CTS_ccl_a_buf_00129     | A ^ -> Y ^ | CLKBUFX8  | 0.061 |  -0.128 |    0.382 | 
     | line_buff_0_reg[330][5] | CK ^       | SDFFQX1   | 0.010 |  -0.118 |    0.392 | 
     +-------------------------------------------------------------------------------+ 
Path 73: MET Hold Check with Pin line_buff_1_reg[299][0]/CK 
Endpoint:   line_buff_1_reg[299][0]/D (v) checked with  leading edge of 'clk'
Beginpoint: line_buff_1_reg[299][0]/Q (v) triggered by  leading edge of 'clk'
Path Groups: {reg2reg}
Analysis View: all
Other End Arrival Time         -0.120
+ Hold                          0.004
+ Phase Shift                   0.000
= Required Time                -0.117
  Arrival Time                  0.394
  Slack Time                    0.510
     Clock Rise Edge                      0.000
     + Source Insertion Delay            -0.257
     = Beginpoint Arrival Time           -0.257
     Timing Path:
     +--------------------------------------------------------------------------------+ 
     |        Instance         |     Arc     |   Cell    | Delay | Arrival | Required | 
     |                         |             |           |       |  Time   |   Time   | 
     |-------------------------+-------------+-----------+-------+---------+----------| 
     |                         | clk ^       |           |       |  -0.257 |   -0.768 | 
     | CTS_ccl_a_buf_00159     | A ^ -> Y ^  | CLKBUFX20 | 0.176 |  -0.082 |   -0.592 | 
     | CTS_ccl_a_buf_00090     | A ^ -> Y ^  | CLKBUFX6  | 0.199 |   0.117 |   -0.393 | 
     | line_buff_1_reg[299][0] | CK ^ -> Q v | SDFFQX1   | 0.277 |   0.394 |   -0.117 | 
     | line_buff_1_reg[299][0] | D v         | SDFFQX1   | 0.000 |   0.394 |   -0.117 | 
     +--------------------------------------------------------------------------------+ 
     Clock Rise Edge                      0.000
     + Source Insertion Delay            -0.257
     = Beginpoint Arrival Time           -0.257
     Other End Path:
     +-------------------------------------------------------------------------------+ 
     |        Instance         |    Arc     |   Cell    | Delay | Arrival | Required | 
     |                         |            |           |       |  Time   |   Time   | 
     |-------------------------+------------+-----------+-------+---------+----------| 
     |                         | clk ^      |           |       |  -0.257 |    0.253 | 
     | CTS_ccl_a_buf_00159     | A ^ -> Y ^ | CLKBUFX20 | 0.069 |  -0.189 |    0.321 | 
     | CTS_ccl_a_buf_00090     | A ^ -> Y ^ | CLKBUFX6  | 0.067 |  -0.122 |    0.388 | 
     | line_buff_1_reg[299][0] | CK ^       | SDFFQX1   | 0.002 |  -0.120 |    0.390 | 
     +-------------------------------------------------------------------------------+ 
Path 74: MET Hold Check with Pin line_buff_0_reg[68][2]/CK 
Endpoint:   line_buff_0_reg[68][2]/D (v) checked with  leading edge of 'clk'
Beginpoint: line_buff_0_reg[68][2]/Q (v) triggered by  leading edge of 'clk'
Path Groups: {reg2reg}
Analysis View: all
Other End Arrival Time         -0.124
+ Hold                          0.000
+ Phase Shift                   0.000
= Required Time                -0.124
  Arrival Time                  0.386
  Slack Time                    0.510
     Clock Rise Edge                      0.000
     + Source Insertion Delay            -0.257
     = Beginpoint Arrival Time           -0.257
     Timing Path:
     +-------------------------------------------------------------------------------+ 
     |        Instance        |     Arc     |   Cell    | Delay | Arrival | Required | 
     |                        |             |           |       |  Time   |   Time   | 
     |------------------------+-------------+-----------+-------+---------+----------| 
     |                        | clk ^       |           |       |  -0.257 |   -0.768 | 
     | CTS_ccl_a_buf_00159    | A ^ -> Y ^  | CLKBUFX20 | 0.176 |  -0.082 |   -0.592 | 
     | CTS_ccl_a_buf_00086    | A ^ -> Y ^  | CLKBUFX6  | 0.193 |   0.111 |   -0.399 | 
     | line_buff_0_reg[68][2] | CK ^ -> Q v | SDFFQX1   | 0.275 |   0.386 |   -0.124 | 
     | line_buff_0_reg[68][2] | D v         | SDFFQX1   | 0.000 |   0.386 |   -0.124 | 
     +-------------------------------------------------------------------------------+ 
     Clock Rise Edge                      0.000
     + Source Insertion Delay            -0.257
     = Beginpoint Arrival Time           -0.257
     Other End Path:
     +------------------------------------------------------------------------------+ 
     |        Instance        |    Arc     |   Cell    | Delay | Arrival | Required | 
     |                        |            |           |       |  Time   |   Time   | 
     |------------------------+------------+-----------+-------+---------+----------| 
     |                        | clk ^      |           |       |  -0.257 |    0.253 | 
     | CTS_ccl_a_buf_00159    | A ^ -> Y ^ | CLKBUFX20 | 0.069 |  -0.189 |    0.321 | 
     | CTS_ccl_a_buf_00086    | A ^ -> Y ^ | CLKBUFX6  | 0.063 |  -0.126 |    0.384 | 
     | line_buff_0_reg[68][2] | CK ^       | SDFFQX1   | 0.002 |  -0.124 |    0.386 | 
     +------------------------------------------------------------------------------+ 
Path 75: MET Hold Check with Pin line_buff_1_reg[104][2]/CK 
Endpoint:   line_buff_1_reg[104][2]/D (v) checked with  leading edge of 'clk'
Beginpoint: line_buff_1_reg[104][2]/Q (v) triggered by  leading edge of 'clk'
Path Groups: {reg2reg}
Analysis View: all
Other End Arrival Time         -0.119
+ Hold                          0.008
+ Phase Shift                   0.000
= Required Time                -0.112
  Arrival Time                  0.398
  Slack Time                    0.510
     Clock Rise Edge                      0.000
     + Source Insertion Delay            -0.257
     = Beginpoint Arrival Time           -0.257
     Timing Path:
     +--------------------------------------------------------------------------------+ 
     |        Instance         |     Arc     |   Cell    | Delay | Arrival | Required | 
     |                         |             |           |       |  Time   |   Time   | 
     |-------------------------+-------------+-----------+-------+---------+----------| 
     |                         | clk ^       |           |       |  -0.257 |   -0.768 | 
     | CTS_ccl_a_buf_00159     | A ^ -> Y ^  | CLKBUFX20 | 0.176 |  -0.082 |   -0.592 | 
     | CTS_ccl_a_buf_00150     | A ^ -> Y ^  | CLKBUFX6  | 0.201 |   0.119 |   -0.391 | 
     | line_buff_1_reg[104][2] | CK ^ -> Q v | SDFFQX1   | 0.279 |   0.398 |   -0.112 | 
     | line_buff_1_reg[104][2] | D v         | SDFFQX1   | 0.000 |   0.398 |   -0.112 | 
     +--------------------------------------------------------------------------------+ 
     Clock Rise Edge                      0.000
     + Source Insertion Delay            -0.257
     = Beginpoint Arrival Time           -0.257
     Other End Path:
     +-------------------------------------------------------------------------------+ 
     |        Instance         |    Arc     |   Cell    | Delay | Arrival | Required | 
     |                         |            |           |       |  Time   |   Time   | 
     |-------------------------+------------+-----------+-------+---------+----------| 
     |                         | clk ^      |           |       |  -0.257 |    0.253 | 
     | CTS_ccl_a_buf_00159     | A ^ -> Y ^ | CLKBUFX20 | 0.069 |  -0.189 |    0.321 | 
     | CTS_ccl_a_buf_00150     | A ^ -> Y ^ | CLKBUFX6  | 0.066 |  -0.122 |    0.388 | 
     | line_buff_1_reg[104][2] | CK ^       | SDFFQX1   | 0.003 |  -0.119 |    0.391 | 
     +-------------------------------------------------------------------------------+ 
Path 76: MET Hold Check with Pin line_buff_0_reg[330][4]/CK 
Endpoint:   line_buff_0_reg[330][4]/D (v) checked with  leading edge of 'clk'
Beginpoint: line_buff_0_reg[330][4]/Q (v) triggered by  leading edge of 'clk'
Path Groups: {reg2reg}
Analysis View: all
Other End Arrival Time         -0.118
+ Hold                          0.001
+ Phase Shift                   0.000
= Required Time                -0.117
  Arrival Time                  0.393
  Slack Time                    0.510
     Clock Rise Edge                      0.000
     + Source Insertion Delay            -0.257
     = Beginpoint Arrival Time           -0.257
     Timing Path:
     +--------------------------------------------------------------------------------+ 
     |        Instance         |     Arc     |   Cell    | Delay | Arrival | Required | 
     |                         |             |           |       |  Time   |   Time   | 
     |-------------------------+-------------+-----------+-------+---------+----------| 
     |                         | clk ^       |           |       |  -0.257 |   -0.768 | 
     | CTS_ccl_a_buf_00159     | A ^ -> Y ^  | CLKBUFX20 | 0.176 |  -0.082 |   -0.592 | 
     | CTS_ccl_a_buf_00129     | A ^ -> Y ^  | CLKBUFX8  | 0.197 |   0.115 |   -0.395 | 
     | line_buff_0_reg[330][4] | CK ^ -> Q v | SDFFQX1   | 0.278 |   0.393 |   -0.117 | 
     | line_buff_0_reg[330][4] | D v         | SDFFQX1   | 0.000 |   0.393 |   -0.117 | 
     +--------------------------------------------------------------------------------+ 
     Clock Rise Edge                      0.000
     + Source Insertion Delay            -0.257
     = Beginpoint Arrival Time           -0.257
     Other End Path:
     +-------------------------------------------------------------------------------+ 
     |        Instance         |    Arc     |   Cell    | Delay | Arrival | Required | 
     |                         |            |           |       |  Time   |   Time   | 
     |-------------------------+------------+-----------+-------+---------+----------| 
     |                         | clk ^      |           |       |  -0.257 |    0.253 | 
     | CTS_ccl_a_buf_00159     | A ^ -> Y ^ | CLKBUFX20 | 0.069 |  -0.189 |    0.321 | 
     | CTS_ccl_a_buf_00129     | A ^ -> Y ^ | CLKBUFX8  | 0.061 |  -0.128 |    0.382 | 
     | line_buff_0_reg[330][4] | CK ^       | SDFFQX1   | 0.010 |  -0.118 |    0.392 | 
     +-------------------------------------------------------------------------------+ 
Path 77: MET Hold Check with Pin line_buff_1_reg[68][5]/CK 
Endpoint:   line_buff_1_reg[68][5]/D (v) checked with  leading edge of 'clk'
Beginpoint: line_buff_1_reg[68][5]/Q (v) triggered by  leading edge of 'clk'
Path Groups: {reg2reg}
Analysis View: all
Other End Arrival Time         -0.124
+ Hold                          0.000
+ Phase Shift                   0.000
= Required Time                -0.124
  Arrival Time                  0.387
  Slack Time                    0.510
     Clock Rise Edge                      0.000
     + Source Insertion Delay            -0.257
     = Beginpoint Arrival Time           -0.257
     Timing Path:
     +-------------------------------------------------------------------------------+ 
     |        Instance        |     Arc     |   Cell    | Delay | Arrival | Required | 
     |                        |             |           |       |  Time   |   Time   | 
     |------------------------+-------------+-----------+-------+---------+----------| 
     |                        | clk ^       |           |       |  -0.257 |   -0.768 | 
     | CTS_ccl_a_buf_00159    | A ^ -> Y ^  | CLKBUFX20 | 0.176 |  -0.082 |   -0.592 | 
     | CTS_ccl_a_buf_00086    | A ^ -> Y ^  | CLKBUFX6  | 0.193 |   0.111 |   -0.399 | 
     | line_buff_1_reg[68][5] | CK ^ -> Q v | SDFFQX1   | 0.275 |   0.387 |   -0.124 | 
     | line_buff_1_reg[68][5] | D v         | SDFFQX1   | 0.000 |   0.387 |   -0.124 | 
     +-------------------------------------------------------------------------------+ 
     Clock Rise Edge                      0.000
     + Source Insertion Delay            -0.257
     = Beginpoint Arrival Time           -0.257
     Other End Path:
     +------------------------------------------------------------------------------+ 
     |        Instance        |    Arc     |   Cell    | Delay | Arrival | Required | 
     |                        |            |           |       |  Time   |   Time   | 
     |------------------------+------------+-----------+-------+---------+----------| 
     |                        | clk ^      |           |       |  -0.257 |    0.253 | 
     | CTS_ccl_a_buf_00159    | A ^ -> Y ^ | CLKBUFX20 | 0.069 |  -0.189 |    0.321 | 
     | CTS_ccl_a_buf_00086    | A ^ -> Y ^ | CLKBUFX6  | 0.063 |  -0.126 |    0.385 | 
     | line_buff_1_reg[68][5] | CK ^       | SDFFQX1   | 0.002 |  -0.124 |    0.386 | 
     +------------------------------------------------------------------------------+ 
Path 78: MET Hold Check with Pin line_buff_1_reg[259][1]/CK 
Endpoint:   line_buff_1_reg[259][1]/D (v) checked with  leading edge of 'clk'
Beginpoint: line_buff_1_reg[259][1]/Q (v) triggered by  leading edge of 'clk'
Path Groups: {reg2reg}
Analysis View: all
Other End Arrival Time         -0.118
+ Hold                          0.006
+ Phase Shift                   0.000
= Required Time                -0.112
  Arrival Time                  0.398
  Slack Time                    0.510
     Clock Rise Edge                      0.000
     + Source Insertion Delay            -0.257
     = Beginpoint Arrival Time           -0.257
     Timing Path:
     +--------------------------------------------------------------------------------+ 
     |        Instance         |     Arc     |   Cell    | Delay | Arrival | Required | 
     |                         |             |           |       |  Time   |   Time   | 
     |-------------------------+-------------+-----------+-------+---------+----------| 
     |                         | clk ^       |           |       |  -0.257 |   -0.768 | 
     | CTS_ccl_a_buf_00159     | A ^ -> Y ^  | CLKBUFX20 | 0.176 |  -0.082 |   -0.592 | 
     | CTS_ccl_a_buf_00132     | A ^ -> Y ^  | CLKBUFX6  | 0.200 |   0.118 |   -0.392 | 
     | line_buff_1_reg[259][1] | CK ^ -> Q v | SDFFQX1   | 0.280 |   0.398 |   -0.112 | 
     | line_buff_1_reg[259][1] | D v         | SDFFQX1   | 0.000 |   0.398 |   -0.112 | 
     +--------------------------------------------------------------------------------+ 
     Clock Rise Edge                      0.000
     + Source Insertion Delay            -0.257
     = Beginpoint Arrival Time           -0.257
     Other End Path:
     +-------------------------------------------------------------------------------+ 
     |        Instance         |    Arc     |   Cell    | Delay | Arrival | Required | 
     |                         |            |           |       |  Time   |   Time   | 
     |-------------------------+------------+-----------+-------+---------+----------| 
     |                         | clk ^      |           |       |  -0.257 |    0.253 | 
     | CTS_ccl_a_buf_00159     | A ^ -> Y ^ | CLKBUFX20 | 0.069 |  -0.189 |    0.322 | 
     | CTS_ccl_a_buf_00132     | A ^ -> Y ^ | CLKBUFX6  | 0.067 |  -0.122 |    0.388 | 
     | line_buff_1_reg[259][1] | CK ^       | SDFFQX1   | 0.004 |  -0.118 |    0.392 | 
     +-------------------------------------------------------------------------------+ 
Path 79: MET Hold Check with Pin line_buff_1_reg[70][5]/CK 
Endpoint:   line_buff_1_reg[70][5]/D (v) checked with  leading edge of 'clk'
Beginpoint: line_buff_1_reg[70][5]/Q (v) triggered by  leading edge of 'clk'
Path Groups: {reg2reg}
Analysis View: all
Other End Arrival Time         -0.124
+ Hold                          0.000
+ Phase Shift                   0.000
= Required Time                -0.124
  Arrival Time                  0.387
  Slack Time                    0.510
     Clock Rise Edge                      0.000
     + Source Insertion Delay            -0.257
     = Beginpoint Arrival Time           -0.257
     Timing Path:
     +-------------------------------------------------------------------------------+ 
     |        Instance        |     Arc     |   Cell    | Delay | Arrival | Required | 
     |                        |             |           |       |  Time   |   Time   | 
     |------------------------+-------------+-----------+-------+---------+----------| 
     |                        | clk ^       |           |       |  -0.257 |   -0.768 | 
     | CTS_ccl_a_buf_00159    | A ^ -> Y ^  | CLKBUFX20 | 0.176 |  -0.082 |   -0.592 | 
     | CTS_ccl_a_buf_00086    | A ^ -> Y ^  | CLKBUFX6  | 0.193 |   0.111 |   -0.399 | 
     | line_buff_1_reg[70][5] | CK ^ -> Q v | SDFFQX1   | 0.275 |   0.387 |   -0.124 | 
     | line_buff_1_reg[70][5] | D v         | SDFFQX1   | 0.000 |   0.387 |   -0.124 | 
     +-------------------------------------------------------------------------------+ 
     Clock Rise Edge                      0.000
     + Source Insertion Delay            -0.257
     = Beginpoint Arrival Time           -0.257
     Other End Path:
     +------------------------------------------------------------------------------+ 
     |        Instance        |    Arc     |   Cell    | Delay | Arrival | Required | 
     |                        |            |           |       |  Time   |   Time   | 
     |------------------------+------------+-----------+-------+---------+----------| 
     |                        | clk ^      |           |       |  -0.257 |    0.253 | 
     | CTS_ccl_a_buf_00159    | A ^ -> Y ^ | CLKBUFX20 | 0.069 |  -0.189 |    0.322 | 
     | CTS_ccl_a_buf_00086    | A ^ -> Y ^ | CLKBUFX6  | 0.063 |  -0.126 |    0.385 | 
     | line_buff_1_reg[70][5] | CK ^       | SDFFQX1   | 0.002 |  -0.124 |    0.386 | 
     +------------------------------------------------------------------------------+ 
Path 80: MET Hold Check with Pin line_buff_0_reg[303][4]/CK 
Endpoint:   line_buff_0_reg[303][4]/D (v) checked with  leading edge of 'clk'
Beginpoint: line_buff_0_reg[303][4]/Q (v) triggered by  leading edge of 'clk'
Path Groups: {reg2reg}
Analysis View: all
Other End Arrival Time         -0.120
+ Hold                          0.003
+ Phase Shift                   0.000
= Required Time                -0.117
  Arrival Time                  0.393
  Slack Time                    0.510
     Clock Rise Edge                      0.000
     + Source Insertion Delay            -0.257
     = Beginpoint Arrival Time           -0.257
     Timing Path:
     +--------------------------------------------------------------------------------+ 
     |        Instance         |     Arc     |   Cell    | Delay | Arrival | Required | 
     |                         |             |           |       |  Time   |   Time   | 
     |-------------------------+-------------+-----------+-------+---------+----------| 
     |                         | clk ^       |           |       |  -0.257 |   -0.768 | 
     | CTS_ccl_a_buf_00159     | A ^ -> Y ^  | CLKBUFX20 | 0.176 |  -0.082 |   -0.592 | 
     | CTS_ccl_a_buf_00090     | A ^ -> Y ^  | CLKBUFX6  | 0.199 |   0.117 |   -0.393 | 
     | line_buff_0_reg[303][4] | CK ^ -> Q v | SDFFQX1   | 0.276 |   0.393 |   -0.117 | 
     | line_buff_0_reg[303][4] | D v         | SDFFQX1   | 0.000 |   0.393 |   -0.117 | 
     +--------------------------------------------------------------------------------+ 
     Clock Rise Edge                      0.000
     + Source Insertion Delay            -0.257
     = Beginpoint Arrival Time           -0.257
     Other End Path:
     +-------------------------------------------------------------------------------+ 
     |        Instance         |    Arc     |   Cell    | Delay | Arrival | Required | 
     |                         |            |           |       |  Time   |   Time   | 
     |-------------------------+------------+-----------+-------+---------+----------| 
     |                         | clk ^      |           |       |  -0.257 |    0.253 | 
     | CTS_ccl_a_buf_00159     | A ^ -> Y ^ | CLKBUFX20 | 0.069 |  -0.189 |    0.322 | 
     | CTS_ccl_a_buf_00090     | A ^ -> Y ^ | CLKBUFX6  | 0.067 |  -0.122 |    0.389 | 
     | line_buff_0_reg[303][4] | CK ^       | SDFFQX1   | 0.001 |  -0.120 |    0.390 | 
     +-------------------------------------------------------------------------------+ 
Path 81: MET Hold Check with Pin line_buff_0_reg[71][1]/CK 
Endpoint:   line_buff_0_reg[71][1]/D (v) checked with  leading edge of 'clk'
Beginpoint: line_buff_0_reg[71][1]/Q (v) triggered by  leading edge of 'clk'
Path Groups: {reg2reg}
Analysis View: all
Other End Arrival Time         -0.124
+ Hold                          0.000
+ Phase Shift                   0.000
= Required Time                -0.124
  Arrival Time                  0.387
  Slack Time                    0.510
     Clock Rise Edge                      0.000
     + Source Insertion Delay            -0.257
     = Beginpoint Arrival Time           -0.257
     Timing Path:
     +-------------------------------------------------------------------------------+ 
     |        Instance        |     Arc     |   Cell    | Delay | Arrival | Required | 
     |                        |             |           |       |  Time   |   Time   | 
     |------------------------+-------------+-----------+-------+---------+----------| 
     |                        | clk ^       |           |       |  -0.257 |   -0.768 | 
     | CTS_ccl_a_buf_00159    | A ^ -> Y ^  | CLKBUFX20 | 0.176 |  -0.082 |   -0.592 | 
     | CTS_ccl_a_buf_00086    | A ^ -> Y ^  | CLKBUFX6  | 0.193 |   0.111 |   -0.399 | 
     | line_buff_0_reg[71][1] | CK ^ -> Q v | SDFFQX1   | 0.275 |   0.387 |   -0.124 | 
     | line_buff_0_reg[71][1] | D v         | SDFFQX1   | 0.000 |   0.387 |   -0.124 | 
     +-------------------------------------------------------------------------------+ 
     Clock Rise Edge                      0.000
     + Source Insertion Delay            -0.257
     = Beginpoint Arrival Time           -0.257
     Other End Path:
     +------------------------------------------------------------------------------+ 
     |        Instance        |    Arc     |   Cell    | Delay | Arrival | Required | 
     |                        |            |           |       |  Time   |   Time   | 
     |------------------------+------------+-----------+-------+---------+----------| 
     |                        | clk ^      |           |       |  -0.257 |    0.253 | 
     | CTS_ccl_a_buf_00159    | A ^ -> Y ^ | CLKBUFX20 | 0.069 |  -0.189 |    0.322 | 
     | CTS_ccl_a_buf_00086    | A ^ -> Y ^ | CLKBUFX6  | 0.063 |  -0.126 |    0.385 | 
     | line_buff_0_reg[71][1] | CK ^       | SDFFQX1   | 0.002 |  -0.124 |    0.386 | 
     +------------------------------------------------------------------------------+ 
Path 82: MET Hold Check with Pin line_buff_1_reg[261][5]/CK 
Endpoint:   line_buff_1_reg[261][5]/D (v) checked with  leading edge of 'clk'
Beginpoint: line_buff_1_reg[261][5]/Q (v) triggered by  leading edge of 'clk'
Path Groups: {reg2reg}
Analysis View: all
Other End Arrival Time         -0.119
+ Hold                          0.006
+ Phase Shift                   0.000
= Required Time                -0.113
  Arrival Time                  0.398
  Slack Time                    0.510
     Clock Rise Edge                      0.000
     + Source Insertion Delay            -0.257
     = Beginpoint Arrival Time           -0.257
     Timing Path:
     +--------------------------------------------------------------------------------+ 
     |        Instance         |     Arc     |   Cell    | Delay | Arrival | Required | 
     |                         |             |           |       |  Time   |   Time   | 
     |-------------------------+-------------+-----------+-------+---------+----------| 
     |                         | clk ^       |           |       |  -0.257 |   -0.768 | 
     | CTS_ccl_a_buf_00159     | A ^ -> Y ^  | CLKBUFX20 | 0.176 |  -0.082 |   -0.592 | 
     | CTS_ccl_a_buf_00132     | A ^ -> Y ^  | CLKBUFX6  | 0.200 |   0.118 |   -0.392 | 
     | line_buff_1_reg[261][5] | CK ^ -> Q v | SDFFQX1   | 0.280 |   0.398 |   -0.113 | 
     | line_buff_1_reg[261][5] | D v         | SDFFQX1   | 0.000 |   0.398 |   -0.113 | 
     +--------------------------------------------------------------------------------+ 
     Clock Rise Edge                      0.000
     + Source Insertion Delay            -0.257
     = Beginpoint Arrival Time           -0.257
     Other End Path:
     +-------------------------------------------------------------------------------+ 
     |        Instance         |    Arc     |   Cell    | Delay | Arrival | Required | 
     |                         |            |           |       |  Time   |   Time   | 
     |-------------------------+------------+-----------+-------+---------+----------| 
     |                         | clk ^      |           |       |  -0.257 |    0.253 | 
     | CTS_ccl_a_buf_00159     | A ^ -> Y ^ | CLKBUFX20 | 0.069 |  -0.189 |    0.322 | 
     | CTS_ccl_a_buf_00132     | A ^ -> Y ^ | CLKBUFX6  | 0.067 |  -0.122 |    0.388 | 
     | line_buff_1_reg[261][5] | CK ^       | SDFFQX1   | 0.004 |  -0.119 |    0.392 | 
     +-------------------------------------------------------------------------------+ 
Path 83: MET Hold Check with Pin line_buff_1_reg[300][4]/CK 
Endpoint:   line_buff_1_reg[300][4]/D (v) checked with  leading edge of 'clk'
Beginpoint: line_buff_1_reg[300][4]/Q (v) triggered by  leading edge of 'clk'
Path Groups: {reg2reg}
Analysis View: all
Other End Arrival Time         -0.120
+ Hold                          0.003
+ Phase Shift                   0.000
= Required Time                -0.117
  Arrival Time                  0.394
  Slack Time                    0.510
     Clock Rise Edge                      0.000
     + Source Insertion Delay            -0.257
     = Beginpoint Arrival Time           -0.257
     Timing Path:
     +--------------------------------------------------------------------------------+ 
     |        Instance         |     Arc     |   Cell    | Delay | Arrival | Required | 
     |                         |             |           |       |  Time   |   Time   | 
     |-------------------------+-------------+-----------+-------+---------+----------| 
     |                         | clk ^       |           |       |  -0.257 |   -0.768 | 
     | CTS_ccl_a_buf_00159     | A ^ -> Y ^  | CLKBUFX20 | 0.176 |  -0.082 |   -0.592 | 
     | CTS_ccl_a_buf_00090     | A ^ -> Y ^  | CLKBUFX6  | 0.199 |   0.117 |   -0.393 | 
     | line_buff_1_reg[300][4] | CK ^ -> Q v | SDFFQX1   | 0.277 |   0.394 |   -0.117 | 
     | line_buff_1_reg[300][4] | D v         | SDFFQX1   | 0.000 |   0.394 |   -0.117 | 
     +--------------------------------------------------------------------------------+ 
     Clock Rise Edge                      0.000
     + Source Insertion Delay            -0.257
     = Beginpoint Arrival Time           -0.257
     Other End Path:
     +-------------------------------------------------------------------------------+ 
     |        Instance         |    Arc     |   Cell    | Delay | Arrival | Required | 
     |                         |            |           |       |  Time   |   Time   | 
     |-------------------------+------------+-----------+-------+---------+----------| 
     |                         | clk ^      |           |       |  -0.257 |    0.253 | 
     | CTS_ccl_a_buf_00159     | A ^ -> Y ^ | CLKBUFX20 | 0.069 |  -0.189 |    0.322 | 
     | CTS_ccl_a_buf_00090     | A ^ -> Y ^ | CLKBUFX6  | 0.067 |  -0.122 |    0.389 | 
     | line_buff_1_reg[300][4] | CK ^       | SDFFQX1   | 0.002 |  -0.120 |    0.390 | 
     +-------------------------------------------------------------------------------+ 
Path 84: MET Hold Check with Pin line_buff_1_reg[330][0]/CK 
Endpoint:   line_buff_1_reg[330][0]/D (v) checked with  leading edge of 'clk'
Beginpoint: line_buff_1_reg[330][0]/Q (v) triggered by  leading edge of 'clk'
Path Groups: {reg2reg}
Analysis View: all
Other End Arrival Time         -0.118
+ Hold                          0.000
+ Phase Shift                   0.000
= Required Time                -0.117
  Arrival Time                  0.393
  Slack Time                    0.510
     Clock Rise Edge                      0.000
     + Source Insertion Delay            -0.257
     = Beginpoint Arrival Time           -0.257
     Timing Path:
     +--------------------------------------------------------------------------------+ 
     |        Instance         |     Arc     |   Cell    | Delay | Arrival | Required | 
     |                         |             |           |       |  Time   |   Time   | 
     |-------------------------+-------------+-----------+-------+---------+----------| 
     |                         | clk ^       |           |       |  -0.257 |   -0.768 | 
     | CTS_ccl_a_buf_00159     | A ^ -> Y ^  | CLKBUFX20 | 0.176 |  -0.082 |   -0.592 | 
     | CTS_ccl_a_buf_00129     | A ^ -> Y ^  | CLKBUFX8  | 0.197 |   0.115 |   -0.395 | 
     | line_buff_1_reg[330][0] | CK ^ -> Q v | SDFFQX1   | 0.278 |   0.393 |   -0.117 | 
     | line_buff_1_reg[330][0] | D v         | SDFFQX1   | 0.000 |   0.393 |   -0.117 | 
     +--------------------------------------------------------------------------------+ 
     Clock Rise Edge                      0.000
     + Source Insertion Delay            -0.257
     = Beginpoint Arrival Time           -0.257
     Other End Path:
     +-------------------------------------------------------------------------------+ 
     |        Instance         |    Arc     |   Cell    | Delay | Arrival | Required | 
     |                         |            |           |       |  Time   |   Time   | 
     |-------------------------+------------+-----------+-------+---------+----------| 
     |                         | clk ^      |           |       |  -0.257 |    0.253 | 
     | CTS_ccl_a_buf_00159     | A ^ -> Y ^ | CLKBUFX20 | 0.069 |  -0.189 |    0.322 | 
     | CTS_ccl_a_buf_00129     | A ^ -> Y ^ | CLKBUFX8  | 0.061 |  -0.128 |    0.382 | 
     | line_buff_1_reg[330][0] | CK ^       | SDFFQX1   | 0.010 |  -0.118 |    0.393 | 
     +-------------------------------------------------------------------------------+ 
Path 85: MET Hold Check with Pin line_buff_1_reg[259][0]/CK 
Endpoint:   line_buff_1_reg[259][0]/D (v) checked with  leading edge of 'clk'
Beginpoint: line_buff_1_reg[259][0]/Q (v) triggered by  leading edge of 'clk'
Path Groups: {reg2reg}
Analysis View: all
Other End Arrival Time         -0.119
+ Hold                          0.006
+ Phase Shift                   0.000
= Required Time                -0.113
  Arrival Time                  0.398
  Slack Time                    0.510
     Clock Rise Edge                      0.000
     + Source Insertion Delay            -0.257
     = Beginpoint Arrival Time           -0.257
     Timing Path:
     +--------------------------------------------------------------------------------+ 
     |        Instance         |     Arc     |   Cell    | Delay | Arrival | Required | 
     |                         |             |           |       |  Time   |   Time   | 
     |-------------------------+-------------+-----------+-------+---------+----------| 
     |                         | clk ^       |           |       |  -0.257 |   -0.768 | 
     | CTS_ccl_a_buf_00159     | A ^ -> Y ^  | CLKBUFX20 | 0.176 |  -0.082 |   -0.592 | 
     | CTS_ccl_a_buf_00132     | A ^ -> Y ^  | CLKBUFX6  | 0.200 |   0.118 |   -0.392 | 
     | line_buff_1_reg[259][0] | CK ^ -> Q v | SDFFQX1   | 0.280 |   0.398 |   -0.113 | 
     | line_buff_1_reg[259][0] | D v         | SDFFQX1   | 0.000 |   0.398 |   -0.113 | 
     +--------------------------------------------------------------------------------+ 
     Clock Rise Edge                      0.000
     + Source Insertion Delay            -0.257
     = Beginpoint Arrival Time           -0.257
     Other End Path:
     +-------------------------------------------------------------------------------+ 
     |        Instance         |    Arc     |   Cell    | Delay | Arrival | Required | 
     |                         |            |           |       |  Time   |   Time   | 
     |-------------------------+------------+-----------+-------+---------+----------| 
     |                         | clk ^      |           |       |  -0.257 |    0.253 | 
     | CTS_ccl_a_buf_00159     | A ^ -> Y ^ | CLKBUFX20 | 0.069 |  -0.189 |    0.322 | 
     | CTS_ccl_a_buf_00132     | A ^ -> Y ^ | CLKBUFX6  | 0.067 |  -0.122 |    0.388 | 
     | line_buff_1_reg[259][0] | CK ^       | SDFFQX1   | 0.004 |  -0.119 |    0.392 | 
     +-------------------------------------------------------------------------------+ 
Path 86: MET Hold Check with Pin line_buff_1_reg[257][1]/CK 
Endpoint:   line_buff_1_reg[257][1]/D (v) checked with  leading edge of 'clk'
Beginpoint: line_buff_1_reg[257][1]/Q (v) triggered by  leading edge of 'clk'
Path Groups: {reg2reg}
Analysis View: all
Other End Arrival Time         -0.118
+ Hold                          0.006
+ Phase Shift                   0.000
= Required Time                -0.112
  Arrival Time                  0.398
  Slack Time                    0.510
     Clock Rise Edge                      0.000
     + Source Insertion Delay            -0.257
     = Beginpoint Arrival Time           -0.257
     Timing Path:
     +--------------------------------------------------------------------------------+ 
     |        Instance         |     Arc     |   Cell    | Delay | Arrival | Required | 
     |                         |             |           |       |  Time   |   Time   | 
     |-------------------------+-------------+-----------+-------+---------+----------| 
     |                         | clk ^       |           |       |  -0.257 |   -0.768 | 
     | CTS_ccl_a_buf_00159     | A ^ -> Y ^  | CLKBUFX20 | 0.176 |  -0.082 |   -0.592 | 
     | CTS_ccl_a_buf_00132     | A ^ -> Y ^  | CLKBUFX6  | 0.200 |   0.118 |   -0.392 | 
     | line_buff_1_reg[257][1] | CK ^ -> Q v | SDFFQX1   | 0.280 |   0.398 |   -0.112 | 
     | line_buff_1_reg[257][1] | D v         | SDFFQX1   | 0.000 |   0.398 |   -0.112 | 
     +--------------------------------------------------------------------------------+ 
     Clock Rise Edge                      0.000
     + Source Insertion Delay            -0.257
     = Beginpoint Arrival Time           -0.257
     Other End Path:
     +-------------------------------------------------------------------------------+ 
     |        Instance         |    Arc     |   Cell    | Delay | Arrival | Required | 
     |                         |            |           |       |  Time   |   Time   | 
     |-------------------------+------------+-----------+-------+---------+----------| 
     |                         | clk ^      |           |       |  -0.257 |    0.253 | 
     | CTS_ccl_a_buf_00159     | A ^ -> Y ^ | CLKBUFX20 | 0.069 |  -0.189 |    0.322 | 
     | CTS_ccl_a_buf_00132     | A ^ -> Y ^ | CLKBUFX6  | 0.067 |  -0.122 |    0.388 | 
     | line_buff_1_reg[257][1] | CK ^       | SDFFQX1   | 0.004 |  -0.118 |    0.392 | 
     +-------------------------------------------------------------------------------+ 
Path 87: MET Hold Check with Pin line_buff_0_reg[382][2]/CK 
Endpoint:   line_buff_0_reg[382][2]/D (v) checked with  leading edge of 'clk'
Beginpoint: line_buff_0_reg[382][2]/Q (v) triggered by  leading edge of 'clk'
Path Groups: {reg2reg}
Analysis View: all
Other End Arrival Time         -0.120
+ Hold                          0.003
+ Phase Shift                   0.000
= Required Time                -0.117
  Arrival Time                  0.394
  Slack Time                    0.510
     Clock Rise Edge                      0.000
     + Source Insertion Delay            -0.257
     = Beginpoint Arrival Time           -0.257
     Timing Path:
     +--------------------------------------------------------------------------------+ 
     |        Instance         |     Arc     |   Cell    | Delay | Arrival | Required | 
     |                         |             |           |       |  Time   |   Time   | 
     |-------------------------+-------------+-----------+-------+---------+----------| 
     |                         | clk ^       |           |       |  -0.257 |   -0.768 | 
     | CTS_ccl_a_buf_00159     | A ^ -> Y ^  | CLKBUFX20 | 0.176 |  -0.082 |   -0.592 | 
     | CTS_ccl_a_buf_00090     | A ^ -> Y ^  | CLKBUFX6  | 0.199 |   0.117 |   -0.393 | 
     | line_buff_0_reg[382][2] | CK ^ -> Q v | SDFFQX1   | 0.277 |   0.394 |   -0.117 | 
     | line_buff_0_reg[382][2] | D v         | SDFFQX1   | 0.000 |   0.394 |   -0.117 | 
     +--------------------------------------------------------------------------------+ 
     Clock Rise Edge                      0.000
     + Source Insertion Delay            -0.257
     = Beginpoint Arrival Time           -0.257
     Other End Path:
     +-------------------------------------------------------------------------------+ 
     |        Instance         |    Arc     |   Cell    | Delay | Arrival | Required | 
     |                         |            |           |       |  Time   |   Time   | 
     |-------------------------+------------+-----------+-------+---------+----------| 
     |                         | clk ^      |           |       |  -0.257 |    0.253 | 
     | CTS_ccl_a_buf_00159     | A ^ -> Y ^ | CLKBUFX20 | 0.069 |  -0.189 |    0.322 | 
     | CTS_ccl_a_buf_00090     | A ^ -> Y ^ | CLKBUFX6  | 0.067 |  -0.122 |    0.389 | 
     | line_buff_0_reg[382][2] | CK ^       | SDFFQX1   | 0.002 |  -0.120 |    0.390 | 
     +-------------------------------------------------------------------------------+ 
Path 88: MET Hold Check with Pin line_buff_1_reg[415][1]/CK 
Endpoint:   line_buff_1_reg[415][1]/D (v) checked with  leading edge of 'clk'
Beginpoint: line_buff_1_reg[415][1]/Q (v) triggered by  leading edge of 'clk'
Path Groups: {reg2reg}
Analysis View: all
Other End Arrival Time         -0.122
+ Hold                          0.006
+ Phase Shift                   0.000
= Required Time                -0.117
  Arrival Time                  0.394
  Slack Time                    0.510
     Clock Rise Edge                      0.000
     + Source Insertion Delay            -0.257
     = Beginpoint Arrival Time           -0.257
     Timing Path:
     +--------------------------------------------------------------------------------+ 
     |        Instance         |     Arc     |   Cell    | Delay | Arrival | Required | 
     |                         |             |           |       |  Time   |   Time   | 
     |-------------------------+-------------+-----------+-------+---------+----------| 
     |                         | clk ^       |           |       |  -0.257 |   -0.768 | 
     | CTS_ccl_a_buf_00159     | A ^ -> Y ^  | CLKBUFX20 | 0.176 |  -0.082 |   -0.592 | 
     | CTS_ccl_a_buf_00079     | A ^ -> Y ^  | CLKBUFX6  | 0.198 |   0.116 |   -0.394 | 
     | line_buff_1_reg[415][1] | CK ^ -> Q v | SDFFQX1   | 0.277 |   0.394 |   -0.117 | 
     | line_buff_1_reg[415][1] | D v         | SDFFQX1   | 0.000 |   0.394 |   -0.117 | 
     +--------------------------------------------------------------------------------+ 
     Clock Rise Edge                      0.000
     + Source Insertion Delay            -0.257
     = Beginpoint Arrival Time           -0.257
     Other End Path:
     +-------------------------------------------------------------------------------+ 
     |        Instance         |    Arc     |   Cell    | Delay | Arrival | Required | 
     |                         |            |           |       |  Time   |   Time   | 
     |-------------------------+------------+-----------+-------+---------+----------| 
     |                         | clk ^      |           |       |  -0.257 |    0.253 | 
     | CTS_ccl_a_buf_00159     | A ^ -> Y ^ | CLKBUFX20 | 0.069 |  -0.189 |    0.322 | 
     | CTS_ccl_a_buf_00079     | A ^ -> Y ^ | CLKBUFX6  | 0.065 |  -0.124 |    0.387 | 
     | line_buff_1_reg[415][1] | CK ^       | SDFFQX1   | 0.002 |  -0.122 |    0.388 | 
     +-------------------------------------------------------------------------------+ 
Path 89: MET Hold Check with Pin line_buff_0_reg[395][4]/CK 
Endpoint:   line_buff_0_reg[395][4]/D (v) checked with  leading edge of 'clk'
Beginpoint: line_buff_0_reg[395][4]/Q (v) triggered by  leading edge of 'clk'
Path Groups: {reg2reg}
Analysis View: all
Other End Arrival Time         -0.123
+ Hold                          0.002
+ Phase Shift                   0.000
= Required Time                -0.121
  Arrival Time                  0.390
  Slack Time                    0.511
     Clock Rise Edge                      0.000
     + Source Insertion Delay            -0.257
     = Beginpoint Arrival Time           -0.257
     Timing Path:
     +--------------------------------------------------------------------------------+ 
     |        Instance         |     Arc     |   Cell    | Delay | Arrival | Required | 
     |                         |             |           |       |  Time   |   Time   | 
     |-------------------------+-------------+-----------+-------+---------+----------| 
     |                         | clk ^       |           |       |  -0.257 |   -0.768 | 
     | CTS_ccl_a_buf_00159     | A ^ -> Y ^  | CLKBUFX20 | 0.176 |  -0.082 |   -0.592 | 
     | CTS_ccl_a_buf_00082     | A ^ -> Y ^  | CLKBUFX6  | 0.197 |   0.115 |   -0.396 | 
     | line_buff_0_reg[395][4] | CK ^ -> Q v | SDFFQX1   | 0.275 |   0.390 |   -0.121 | 
     | line_buff_0_reg[395][4] | D v         | SDFFQX1   | 0.000 |   0.390 |   -0.121 | 
     +--------------------------------------------------------------------------------+ 
     Clock Rise Edge                      0.000
     + Source Insertion Delay            -0.257
     = Beginpoint Arrival Time           -0.257
     Other End Path:
     +-------------------------------------------------------------------------------+ 
     |        Instance         |    Arc     |   Cell    | Delay | Arrival | Required | 
     |                         |            |           |       |  Time   |   Time   | 
     |-------------------------+------------+-----------+-------+---------+----------| 
     |                         | clk ^      |           |       |  -0.257 |    0.253 | 
     | CTS_ccl_a_buf_00159     | A ^ -> Y ^ | CLKBUFX20 | 0.069 |  -0.189 |    0.322 | 
     | CTS_ccl_a_buf_00082     | A ^ -> Y ^ | CLKBUFX6  | 0.064 |  -0.125 |    0.386 | 
     | line_buff_0_reg[395][4] | CK ^       | SDFFQX1   | 0.002 |  -0.123 |    0.387 | 
     +-------------------------------------------------------------------------------+ 
Path 90: MET Hold Check with Pin line_buff_0_reg[69][4]/CK 
Endpoint:   line_buff_0_reg[69][4]/D (v) checked with  leading edge of 'clk'
Beginpoint: line_buff_0_reg[69][4]/Q (v) triggered by  leading edge of 'clk'
Path Groups: {reg2reg}
Analysis View: all
Other End Arrival Time         -0.124
+ Hold                          0.000
+ Phase Shift                   0.000
= Required Time                -0.124
  Arrival Time                  0.386
  Slack Time                    0.511
     Clock Rise Edge                      0.000
     + Source Insertion Delay            -0.257
     = Beginpoint Arrival Time           -0.257
     Timing Path:
     +-------------------------------------------------------------------------------+ 
     |        Instance        |     Arc     |   Cell    | Delay | Arrival | Required | 
     |                        |             |           |       |  Time   |   Time   | 
     |------------------------+-------------+-----------+-------+---------+----------| 
     |                        | clk ^       |           |       |  -0.257 |   -0.768 | 
     | CTS_ccl_a_buf_00159    | A ^ -> Y ^  | CLKBUFX20 | 0.176 |  -0.082 |   -0.592 | 
     | CTS_ccl_a_buf_00086    | A ^ -> Y ^  | CLKBUFX6  | 0.193 |   0.111 |   -0.399 | 
     | line_buff_0_reg[69][4] | CK ^ -> Q v | SDFFQX1   | 0.275 |   0.386 |   -0.124 | 
     | line_buff_0_reg[69][4] | D v         | SDFFQX1   | 0.000 |   0.386 |   -0.124 | 
     +-------------------------------------------------------------------------------+ 
     Clock Rise Edge                      0.000
     + Source Insertion Delay            -0.257
     = Beginpoint Arrival Time           -0.257
     Other End Path:
     +------------------------------------------------------------------------------+ 
     |        Instance        |    Arc     |   Cell    | Delay | Arrival | Required | 
     |                        |            |           |       |  Time   |   Time   | 
     |------------------------+------------+-----------+-------+---------+----------| 
     |                        | clk ^      |           |       |  -0.257 |    0.253 | 
     | CTS_ccl_a_buf_00159    | A ^ -> Y ^ | CLKBUFX20 | 0.069 |  -0.189 |    0.322 | 
     | CTS_ccl_a_buf_00086    | A ^ -> Y ^ | CLKBUFX6  | 0.063 |  -0.126 |    0.385 | 
     | line_buff_0_reg[69][4] | CK ^       | SDFFQX1   | 0.001 |  -0.124 |    0.386 | 
     +------------------------------------------------------------------------------+ 
Path 91: MET Hold Check with Pin line_buff_0_reg[67][2]/CK 
Endpoint:   line_buff_0_reg[67][2]/D (v) checked with  leading edge of 'clk'
Beginpoint: line_buff_0_reg[67][2]/Q (v) triggered by  leading edge of 'clk'
Path Groups: {reg2reg}
Analysis View: all
Other End Arrival Time         -0.124
+ Hold                          0.000
+ Phase Shift                   0.000
= Required Time                -0.124
  Arrival Time                  0.387
  Slack Time                    0.511
     Clock Rise Edge                      0.000
     + Source Insertion Delay            -0.257
     = Beginpoint Arrival Time           -0.257
     Timing Path:
     +-------------------------------------------------------------------------------+ 
     |        Instance        |     Arc     |   Cell    | Delay | Arrival | Required | 
     |                        |             |           |       |  Time   |   Time   | 
     |------------------------+-------------+-----------+-------+---------+----------| 
     |                        | clk ^       |           |       |  -0.257 |   -0.768 | 
     | CTS_ccl_a_buf_00159    | A ^ -> Y ^  | CLKBUFX20 | 0.176 |  -0.082 |   -0.592 | 
     | CTS_ccl_a_buf_00086    | A ^ -> Y ^  | CLKBUFX6  | 0.193 |   0.111 |   -0.399 | 
     | line_buff_0_reg[67][2] | CK ^ -> Q v | SDFFQX1   | 0.275 |   0.387 |   -0.124 | 
     | line_buff_0_reg[67][2] | D v         | SDFFQX1   | 0.000 |   0.387 |   -0.124 | 
     +-------------------------------------------------------------------------------+ 
     Clock Rise Edge                      0.000
     + Source Insertion Delay            -0.257
     = Beginpoint Arrival Time           -0.257
     Other End Path:
     +------------------------------------------------------------------------------+ 
     |        Instance        |    Arc     |   Cell    | Delay | Arrival | Required | 
     |                        |            |           |       |  Time   |   Time   | 
     |------------------------+------------+-----------+-------+---------+----------| 
     |                        | clk ^      |           |       |  -0.257 |    0.253 | 
     | CTS_ccl_a_buf_00159    | A ^ -> Y ^ | CLKBUFX20 | 0.069 |  -0.189 |    0.322 | 
     | CTS_ccl_a_buf_00086    | A ^ -> Y ^ | CLKBUFX6  | 0.063 |  -0.126 |    0.385 | 
     | line_buff_0_reg[67][2] | CK ^       | SDFFQX1   | 0.002 |  -0.124 |    0.387 | 
     +------------------------------------------------------------------------------+ 
Path 92: MET Hold Check with Pin line_buff_0_reg[296][4]/CK 
Endpoint:   line_buff_0_reg[296][4]/D (v) checked with  leading edge of 'clk'
Beginpoint: line_buff_0_reg[296][4]/Q (v) triggered by  leading edge of 'clk'
Path Groups: {reg2reg}
Analysis View: all
Other End Arrival Time         -0.120
+ Hold                          0.003
+ Phase Shift                   0.000
= Required Time                -0.117
  Arrival Time                  0.394
  Slack Time                    0.511
     Clock Rise Edge                      0.000
     + Source Insertion Delay            -0.257
     = Beginpoint Arrival Time           -0.257
     Timing Path:
     +--------------------------------------------------------------------------------+ 
     |        Instance         |     Arc     |   Cell    | Delay | Arrival | Required | 
     |                         |             |           |       |  Time   |   Time   | 
     |-------------------------+-------------+-----------+-------+---------+----------| 
     |                         | clk ^       |           |       |  -0.257 |   -0.768 | 
     | CTS_ccl_a_buf_00159     | A ^ -> Y ^  | CLKBUFX20 | 0.176 |  -0.082 |   -0.592 | 
     | CTS_ccl_a_buf_00090     | A ^ -> Y ^  | CLKBUFX6  | 0.199 |   0.117 |   -0.394 | 
     | line_buff_0_reg[296][4] | CK ^ -> Q v | SDFFQX1   | 0.277 |   0.394 |   -0.117 | 
     | line_buff_0_reg[296][4] | D v         | SDFFQX1   | 0.000 |   0.394 |   -0.117 | 
     +--------------------------------------------------------------------------------+ 
     Clock Rise Edge                      0.000
     + Source Insertion Delay            -0.257
     = Beginpoint Arrival Time           -0.257
     Other End Path:
     +-------------------------------------------------------------------------------+ 
     |        Instance         |    Arc     |   Cell    | Delay | Arrival | Required | 
     |                         |            |           |       |  Time   |   Time   | 
     |-------------------------+------------+-----------+-------+---------+----------| 
     |                         | clk ^      |           |       |  -0.257 |    0.253 | 
     | CTS_ccl_a_buf_00159     | A ^ -> Y ^ | CLKBUFX20 | 0.069 |  -0.189 |    0.322 | 
     | CTS_ccl_a_buf_00090     | A ^ -> Y ^ | CLKBUFX6  | 0.067 |  -0.122 |    0.389 | 
     | line_buff_0_reg[296][4] | CK ^       | SDFFQX1   | 0.002 |  -0.120 |    0.391 | 
     +-------------------------------------------------------------------------------+ 
Path 93: MET Hold Check with Pin line_buff_1_reg[393][3]/CK 
Endpoint:   line_buff_1_reg[393][3]/D (v) checked with  leading edge of 'clk'
Beginpoint: line_buff_1_reg[393][3]/Q (v) triggered by  leading edge of 'clk'
Path Groups: {reg2reg}
Analysis View: all
Other End Arrival Time         -0.123
+ Hold                          0.002
+ Phase Shift                   0.000
= Required Time                -0.120
  Arrival Time                  0.390
  Slack Time                    0.511
     Clock Rise Edge                      0.000
     + Source Insertion Delay            -0.257
     = Beginpoint Arrival Time           -0.257
     Timing Path:
     +--------------------------------------------------------------------------------+ 
     |        Instance         |     Arc     |   Cell    | Delay | Arrival | Required | 
     |                         |             |           |       |  Time   |   Time   | 
     |-------------------------+-------------+-----------+-------+---------+----------| 
     |                         | clk ^       |           |       |  -0.257 |   -0.768 | 
     | CTS_ccl_a_buf_00159     | A ^ -> Y ^  | CLKBUFX20 | 0.176 |  -0.082 |   -0.592 | 
     | CTS_ccl_a_buf_00082     | A ^ -> Y ^  | CLKBUFX6  | 0.197 |   0.115 |   -0.396 | 
     | line_buff_1_reg[393][3] | CK ^ -> Q v | SDFFQX1   | 0.276 |   0.390 |   -0.120 | 
     | line_buff_1_reg[393][3] | D v         | SDFFQX1   | 0.000 |   0.390 |   -0.120 | 
     +--------------------------------------------------------------------------------+ 
     Clock Rise Edge                      0.000
     + Source Insertion Delay            -0.257
     = Beginpoint Arrival Time           -0.257
     Other End Path:
     +-------------------------------------------------------------------------------+ 
     |        Instance         |    Arc     |   Cell    | Delay | Arrival | Required | 
     |                         |            |           |       |  Time   |   Time   | 
     |-------------------------+------------+-----------+-------+---------+----------| 
     |                         | clk ^      |           |       |  -0.257 |    0.253 | 
     | CTS_ccl_a_buf_00159     | A ^ -> Y ^ | CLKBUFX20 | 0.069 |  -0.189 |    0.322 | 
     | CTS_ccl_a_buf_00082     | A ^ -> Y ^ | CLKBUFX6  | 0.064 |  -0.125 |    0.386 | 
     | line_buff_1_reg[393][3] | CK ^       | SDFFQX1   | 0.002 |  -0.123 |    0.388 | 
     +-------------------------------------------------------------------------------+ 
Path 94: MET Hold Check with Pin line_buff_0_reg[326][1]/CK 
Endpoint:   line_buff_0_reg[326][1]/D (v) checked with  leading edge of 'clk'
Beginpoint: line_buff_0_reg[326][1]/Q (v) triggered by  leading edge of 'clk'
Path Groups: {reg2reg}
Analysis View: all
Other End Arrival Time         -0.118
+ Hold                          0.000
+ Phase Shift                   0.000
= Required Time                -0.117
  Arrival Time                  0.393
  Slack Time                    0.511
     Clock Rise Edge                      0.000
     + Source Insertion Delay            -0.257
     = Beginpoint Arrival Time           -0.257
     Timing Path:
     +--------------------------------------------------------------------------------+ 
     |        Instance         |     Arc     |   Cell    | Delay | Arrival | Required | 
     |                         |             |           |       |  Time   |   Time   | 
     |-------------------------+-------------+-----------+-------+---------+----------| 
     |                         | clk ^       |           |       |  -0.257 |   -0.768 | 
     | CTS_ccl_a_buf_00159     | A ^ -> Y ^  | CLKBUFX20 | 0.176 |  -0.082 |   -0.592 | 
     | CTS_ccl_a_buf_00129     | A ^ -> Y ^  | CLKBUFX8  | 0.197 |   0.115 |   -0.395 | 
     | line_buff_0_reg[326][1] | CK ^ -> Q v | SDFFQX1   | 0.278 |   0.393 |   -0.117 | 
     | line_buff_0_reg[326][1] | D v         | SDFFQX1   | 0.000 |   0.393 |   -0.117 | 
     +--------------------------------------------------------------------------------+ 
     Clock Rise Edge                      0.000
     + Source Insertion Delay            -0.257
     = Beginpoint Arrival Time           -0.257
     Other End Path:
     +-------------------------------------------------------------------------------+ 
     |        Instance         |    Arc     |   Cell    | Delay | Arrival | Required | 
     |                         |            |           |       |  Time   |   Time   | 
     |-------------------------+------------+-----------+-------+---------+----------| 
     |                         | clk ^      |           |       |  -0.257 |    0.253 | 
     | CTS_ccl_a_buf_00159     | A ^ -> Y ^ | CLKBUFX20 | 0.069 |  -0.189 |    0.322 | 
     | CTS_ccl_a_buf_00129     | A ^ -> Y ^ | CLKBUFX8  | 0.061 |  -0.128 |    0.383 | 
     | line_buff_0_reg[326][1] | CK ^       | SDFFQX1   | 0.010 |  -0.118 |    0.393 | 
     +-------------------------------------------------------------------------------+ 
Path 95: MET Hold Check with Pin line_buff_0_reg[545][3]/CK 
Endpoint:   line_buff_0_reg[545][3]/D (v) checked with  leading edge of 'clk'
Beginpoint: line_buff_0_reg[545][3]/Q (v) triggered by  leading edge of 'clk'
Path Groups: {reg2reg}
Analysis View: all
Other End Arrival Time         -0.119
+ Hold                          0.008
+ Phase Shift                   0.000
= Required Time                -0.111
  Arrival Time                  0.400
  Slack Time                    0.511
     Clock Rise Edge                      0.000
     + Source Insertion Delay            -0.257
     = Beginpoint Arrival Time           -0.257
     Timing Path:
     +--------------------------------------------------------------------------------+ 
     |        Instance         |     Arc     |   Cell    | Delay | Arrival | Required | 
     |                         |             |           |       |  Time   |   Time   | 
     |-------------------------+-------------+-----------+-------+---------+----------| 
     |                         | clk ^       |           |       |  -0.257 |   -0.768 | 
     | CTS_ccl_a_buf_00159     | A ^ -> Y ^  | CLKBUFX20 | 0.176 |  -0.082 |   -0.593 | 
     | CTS_ccl_a_buf_00099     | A ^ -> Y ^  | CLKBUFX6  | 0.200 |   0.118 |   -0.393 | 
     | line_buff_0_reg[545][3] | CK ^ -> Q v | SDFFQX1   | 0.282 |   0.400 |   -0.111 | 
     | line_buff_0_reg[545][3] | D v         | SDFFQX1   | 0.000 |   0.400 |   -0.111 | 
     +--------------------------------------------------------------------------------+ 
     Clock Rise Edge                      0.000
     + Source Insertion Delay            -0.257
     = Beginpoint Arrival Time           -0.257
     Other End Path:
     +-------------------------------------------------------------------------------+ 
     |        Instance         |    Arc     |   Cell    | Delay | Arrival | Required | 
     |                         |            |           |       |  Time   |   Time   | 
     |-------------------------+------------+-----------+-------+---------+----------| 
     |                         | clk ^      |           |       |  -0.257 |    0.253 | 
     | CTS_ccl_a_buf_00159     | A ^ -> Y ^ | CLKBUFX20 | 0.069 |  -0.189 |    0.322 | 
     | CTS_ccl_a_buf_00099     | A ^ -> Y ^ | CLKBUFX6  | 0.065 |  -0.124 |    0.387 | 
     | line_buff_0_reg[545][3] | CK ^       | SDFFQX1   | 0.005 |  -0.119 |    0.392 | 
     +-------------------------------------------------------------------------------+ 
Path 96: MET Hold Check with Pin line_buff_0_reg[392][3]/CK 
Endpoint:   line_buff_0_reg[392][3]/D (v) checked with  leading edge of 'clk'
Beginpoint: line_buff_0_reg[392][3]/Q (v) triggered by  leading edge of 'clk'
Path Groups: {reg2reg}
Analysis View: all
Other End Arrival Time         -0.123
+ Hold                          0.002
+ Phase Shift                   0.000
= Required Time                -0.120
  Arrival Time                  0.390
  Slack Time                    0.511
     Clock Rise Edge                      0.000
     + Source Insertion Delay            -0.257
     = Beginpoint Arrival Time           -0.257
     Timing Path:
     +--------------------------------------------------------------------------------+ 
     |        Instance         |     Arc     |   Cell    | Delay | Arrival | Required | 
     |                         |             |           |       |  Time   |   Time   | 
     |-------------------------+-------------+-----------+-------+---------+----------| 
     |                         | clk ^       |           |       |  -0.257 |   -0.768 | 
     | CTS_ccl_a_buf_00159     | A ^ -> Y ^  | CLKBUFX20 | 0.176 |  -0.082 |   -0.593 | 
     | CTS_ccl_a_buf_00082     | A ^ -> Y ^  | CLKBUFX6  | 0.197 |   0.115 |   -0.396 | 
     | line_buff_0_reg[392][3] | CK ^ -> Q v | SDFFQX1   | 0.276 |   0.390 |   -0.120 | 
     | line_buff_0_reg[392][3] | D v         | SDFFQX1   | 0.000 |   0.390 |   -0.120 | 
     +--------------------------------------------------------------------------------+ 
     Clock Rise Edge                      0.000
     + Source Insertion Delay            -0.257
     = Beginpoint Arrival Time           -0.257
     Other End Path:
     +-------------------------------------------------------------------------------+ 
     |        Instance         |    Arc     |   Cell    | Delay | Arrival | Required | 
     |                         |            |           |       |  Time   |   Time   | 
     |-------------------------+------------+-----------+-------+---------+----------| 
     |                         | clk ^      |           |       |  -0.257 |    0.253 | 
     | CTS_ccl_a_buf_00159     | A ^ -> Y ^ | CLKBUFX20 | 0.069 |  -0.189 |    0.322 | 
     | CTS_ccl_a_buf_00082     | A ^ -> Y ^ | CLKBUFX6  | 0.064 |  -0.125 |    0.386 | 
     | line_buff_0_reg[392][3] | CK ^       | SDFFQX1   | 0.002 |  -0.123 |    0.388 | 
     +-------------------------------------------------------------------------------+ 
Path 97: MET Hold Check with Pin line_buff_1_reg[256][4]/CK 
Endpoint:   line_buff_1_reg[256][4]/D (v) checked with  leading edge of 'clk'
Beginpoint: line_buff_1_reg[256][4]/Q (v) triggered by  leading edge of 'clk'
Path Groups: {reg2reg}
Analysis View: all
Other End Arrival Time         -0.118
+ Hold                          0.005
+ Phase Shift                   0.000
= Required Time                -0.113
  Arrival Time                  0.398
  Slack Time                    0.511
     Clock Rise Edge                      0.000
     + Source Insertion Delay            -0.257
     = Beginpoint Arrival Time           -0.257
     Timing Path:
     +--------------------------------------------------------------------------------+ 
     |        Instance         |     Arc     |   Cell    | Delay | Arrival | Required | 
     |                         |             |           |       |  Time   |   Time   | 
     |-------------------------+-------------+-----------+-------+---------+----------| 
     |                         | clk ^       |           |       |  -0.257 |   -0.768 | 
     | CTS_ccl_a_buf_00159     | A ^ -> Y ^  | CLKBUFX20 | 0.176 |  -0.082 |   -0.593 | 
     | CTS_ccl_a_buf_00132     | A ^ -> Y ^  | CLKBUFX6  | 0.200 |   0.118 |   -0.393 | 
     | line_buff_1_reg[256][4] | CK ^ -> Q v | SDFFQX1   | 0.280 |   0.398 |   -0.113 | 
     | line_buff_1_reg[256][4] | D v         | SDFFQX1   | 0.000 |   0.398 |   -0.113 | 
     +--------------------------------------------------------------------------------+ 
     Clock Rise Edge                      0.000
     + Source Insertion Delay            -0.257
     = Beginpoint Arrival Time           -0.257
     Other End Path:
     +-------------------------------------------------------------------------------+ 
     |        Instance         |    Arc     |   Cell    | Delay | Arrival | Required | 
     |                         |            |           |       |  Time   |   Time   | 
     |-------------------------+------------+-----------+-------+---------+----------| 
     |                         | clk ^      |           |       |  -0.257 |    0.253 | 
     | CTS_ccl_a_buf_00159     | A ^ -> Y ^ | CLKBUFX20 | 0.069 |  -0.189 |    0.322 | 
     | CTS_ccl_a_buf_00132     | A ^ -> Y ^ | CLKBUFX6  | 0.067 |  -0.122 |    0.388 | 
     | line_buff_1_reg[256][4] | CK ^       | SDFFQX1   | 0.004 |  -0.118 |    0.393 | 
     +-------------------------------------------------------------------------------+ 
Path 98: MET Hold Check with Pin line_buff_0_reg[261][5]/CK 
Endpoint:   line_buff_0_reg[261][5]/D (v) checked with  leading edge of 'clk'
Beginpoint: line_buff_0_reg[261][5]/Q (v) triggered by  leading edge of 'clk'
Path Groups: {reg2reg}
Analysis View: all
Other End Arrival Time         -0.118
+ Hold                          0.005
+ Phase Shift                   0.000
= Required Time                -0.113
  Arrival Time                  0.398
  Slack Time                    0.511
     Clock Rise Edge                      0.000
     + Source Insertion Delay            -0.257
     = Beginpoint Arrival Time           -0.257
     Timing Path:
     +--------------------------------------------------------------------------------+ 
     |        Instance         |     Arc     |   Cell    | Delay | Arrival | Required | 
     |                         |             |           |       |  Time   |   Time   | 
     |-------------------------+-------------+-----------+-------+---------+----------| 
     |                         | clk ^       |           |       |  -0.257 |   -0.768 | 
     | CTS_ccl_a_buf_00159     | A ^ -> Y ^  | CLKBUFX20 | 0.176 |  -0.082 |   -0.593 | 
     | CTS_ccl_a_buf_00132     | A ^ -> Y ^  | CLKBUFX6  | 0.200 |   0.118 |   -0.393 | 
     | line_buff_0_reg[261][5] | CK ^ -> Q v | SDFFQX1   | 0.280 |   0.398 |   -0.113 | 
     | line_buff_0_reg[261][5] | D v         | SDFFQX1   | 0.000 |   0.398 |   -0.113 | 
     +--------------------------------------------------------------------------------+ 
     Clock Rise Edge                      0.000
     + Source Insertion Delay            -0.257
     = Beginpoint Arrival Time           -0.257
     Other End Path:
     +-------------------------------------------------------------------------------+ 
     |        Instance         |    Arc     |   Cell    | Delay | Arrival | Required | 
     |                         |            |           |       |  Time   |   Time   | 
     |-------------------------+------------+-----------+-------+---------+----------| 
     |                         | clk ^      |           |       |  -0.257 |    0.253 | 
     | CTS_ccl_a_buf_00159     | A ^ -> Y ^ | CLKBUFX20 | 0.069 |  -0.189 |    0.322 | 
     | CTS_ccl_a_buf_00132     | A ^ -> Y ^ | CLKBUFX6  | 0.067 |  -0.122 |    0.388 | 
     | line_buff_0_reg[261][5] | CK ^       | SDFFQX1   | 0.004 |  -0.118 |    0.392 | 
     +-------------------------------------------------------------------------------+ 
Path 99: MET Hold Check with Pin line_buff_1_reg[73][3]/CK 
Endpoint:   line_buff_1_reg[73][3]/D (v) checked with  leading edge of 'clk'
Beginpoint: line_buff_1_reg[73][3]/Q (v) triggered by  leading edge of 'clk'
Path Groups: {reg2reg}
Analysis View: all
Other End Arrival Time         -0.124
+ Hold                          0.000
+ Phase Shift                   0.000
= Required Time                -0.124
  Arrival Time                  0.387
  Slack Time                    0.511
     Clock Rise Edge                      0.000
     + Source Insertion Delay            -0.257
     = Beginpoint Arrival Time           -0.257
     Timing Path:
     +-------------------------------------------------------------------------------+ 
     |        Instance        |     Arc     |   Cell    | Delay | Arrival | Required | 
     |                        |             |           |       |  Time   |   Time   | 
     |------------------------+-------------+-----------+-------+---------+----------| 
     |                        | clk ^       |           |       |  -0.257 |   -0.768 | 
     | CTS_ccl_a_buf_00159    | A ^ -> Y ^  | CLKBUFX20 | 0.176 |  -0.082 |   -0.593 | 
     | CTS_ccl_a_buf_00086    | A ^ -> Y ^  | CLKBUFX6  | 0.193 |   0.111 |   -0.399 | 
     | line_buff_1_reg[73][3] | CK ^ -> Q v | SDFFQX1   | 0.275 |   0.387 |   -0.124 | 
     | line_buff_1_reg[73][3] | D v         | SDFFQX1   | 0.000 |   0.387 |   -0.124 | 
     +-------------------------------------------------------------------------------+ 
     Clock Rise Edge                      0.000
     + Source Insertion Delay            -0.257
     = Beginpoint Arrival Time           -0.257
     Other End Path:
     +------------------------------------------------------------------------------+ 
     |        Instance        |    Arc     |   Cell    | Delay | Arrival | Required | 
     |                        |            |           |       |  Time   |   Time   | 
     |------------------------+------------+-----------+-------+---------+----------| 
     |                        | clk ^      |           |       |  -0.257 |    0.253 | 
     | CTS_ccl_a_buf_00159    | A ^ -> Y ^ | CLKBUFX20 | 0.069 |  -0.189 |    0.322 | 
     | CTS_ccl_a_buf_00086    | A ^ -> Y ^ | CLKBUFX6  | 0.063 |  -0.126 |    0.385 | 
     | line_buff_1_reg[73][3] | CK ^       | SDFFQX1   | 0.002 |  -0.124 |    0.387 | 
     +------------------------------------------------------------------------------+ 
Path 100: MET Hold Check with Pin line_buff_1_reg[327][2]/CK 
Endpoint:   line_buff_1_reg[327][2]/D (v) checked with  leading edge of 'clk'
Beginpoint: line_buff_1_reg[327][2]/Q (v) triggered by  leading edge of 'clk'
Path Groups: {reg2reg}
Analysis View: all
Other End Arrival Time         -0.118
+ Hold                          0.000
+ Phase Shift                   0.000
= Required Time                -0.117
  Arrival Time                  0.393
  Slack Time                    0.511
     Clock Rise Edge                      0.000
     + Source Insertion Delay            -0.257
     = Beginpoint Arrival Time           -0.257
     Timing Path:
     +--------------------------------------------------------------------------------+ 
     |        Instance         |     Arc     |   Cell    | Delay | Arrival | Required | 
     |                         |             |           |       |  Time   |   Time   | 
     |-------------------------+-------------+-----------+-------+---------+----------| 
     |                         | clk ^       |           |       |  -0.257 |   -0.768 | 
     | CTS_ccl_a_buf_00159     | A ^ -> Y ^  | CLKBUFX20 | 0.176 |  -0.082 |   -0.593 | 
     | CTS_ccl_a_buf_00129     | A ^ -> Y ^  | CLKBUFX8  | 0.197 |   0.115 |   -0.395 | 
     | line_buff_1_reg[327][2] | CK ^ -> Q v | SDFFQX1   | 0.278 |   0.393 |   -0.117 | 
     | line_buff_1_reg[327][2] | D v         | SDFFQX1   | 0.000 |   0.393 |   -0.117 | 
     +--------------------------------------------------------------------------------+ 
     Clock Rise Edge                      0.000
     + Source Insertion Delay            -0.257
     = Beginpoint Arrival Time           -0.257
     Other End Path:
     +-------------------------------------------------------------------------------+ 
     |        Instance         |    Arc     |   Cell    | Delay | Arrival | Required | 
     |                         |            |           |       |  Time   |   Time   | 
     |-------------------------+------------+-----------+-------+---------+----------| 
     |                         | clk ^      |           |       |  -0.257 |    0.253 | 
     | CTS_ccl_a_buf_00159     | A ^ -> Y ^ | CLKBUFX20 | 0.069 |  -0.189 |    0.322 | 
     | CTS_ccl_a_buf_00129     | A ^ -> Y ^ | CLKBUFX8  | 0.061 |  -0.128 |    0.383 | 
     | line_buff_1_reg[327][2] | CK ^       | SDFFQX1   | 0.010 |  -0.118 |    0.393 | 
     +-------------------------------------------------------------------------------+ 
Path 101: MET Hold Check with Pin line_buff_0_reg[544][4]/CK 
Endpoint:   line_buff_0_reg[544][4]/D (v) checked with  leading edge of 'clk'
Beginpoint: line_buff_0_reg[544][4]/Q (v) triggered by  leading edge of 'clk'
Path Groups: {reg2reg}
Analysis View: all
Other End Arrival Time         -0.118
+ Hold                          0.007
+ Phase Shift                   0.000
= Required Time                -0.111
  Arrival Time                  0.400
  Slack Time                    0.511
     Clock Rise Edge                      0.000
     + Source Insertion Delay            -0.257
     = Beginpoint Arrival Time           -0.257
     Timing Path:
     +--------------------------------------------------------------------------------+ 
     |        Instance         |     Arc     |   Cell    | Delay | Arrival | Required | 
     |                         |             |           |       |  Time   |   Time   | 
     |-------------------------+-------------+-----------+-------+---------+----------| 
     |                         | clk ^       |           |       |  -0.257 |   -0.768 | 
     | CTS_ccl_a_buf_00159     | A ^ -> Y ^  | CLKBUFX20 | 0.176 |  -0.082 |   -0.593 | 
     | CTS_ccl_a_buf_00099     | A ^ -> Y ^  | CLKBUFX6  | 0.200 |   0.118 |   -0.393 | 
     | line_buff_0_reg[544][4] | CK ^ -> Q v | SDFFQX1   | 0.282 |   0.400 |   -0.111 | 
     | line_buff_0_reg[544][4] | D v         | SDFFQX1   | 0.000 |   0.400 |   -0.111 | 
     +--------------------------------------------------------------------------------+ 
     Clock Rise Edge                      0.000
     + Source Insertion Delay            -0.257
     = Beginpoint Arrival Time           -0.257
     Other End Path:
     +-------------------------------------------------------------------------------+ 
     |        Instance         |    Arc     |   Cell    | Delay | Arrival | Required | 
     |                         |            |           |       |  Time   |   Time   | 
     |-------------------------+------------+-----------+-------+---------+----------| 
     |                         | clk ^      |           |       |  -0.257 |    0.253 | 
     | CTS_ccl_a_buf_00159     | A ^ -> Y ^ | CLKBUFX20 | 0.069 |  -0.189 |    0.322 | 
     | CTS_ccl_a_buf_00099     | A ^ -> Y ^ | CLKBUFX6  | 0.065 |  -0.124 |    0.387 | 
     | line_buff_0_reg[544][4] | CK ^       | SDFFQX1   | 0.006 |  -0.118 |    0.393 | 
     +-------------------------------------------------------------------------------+ 
Path 102: MET Hold Check with Pin line_buff_1_reg[392][3]/CK 
Endpoint:   line_buff_1_reg[392][3]/D (v) checked with  leading edge of 'clk'
Beginpoint: line_buff_1_reg[392][3]/Q (v) triggered by  leading edge of 'clk'
Path Groups: {reg2reg}
Analysis View: all
Other End Arrival Time         -0.123
+ Hold                          0.002
+ Phase Shift                   0.000
= Required Time                -0.120
  Arrival Time                  0.390
  Slack Time                    0.511
     Clock Rise Edge                      0.000
     + Source Insertion Delay            -0.257
     = Beginpoint Arrival Time           -0.257
     Timing Path:
     +--------------------------------------------------------------------------------+ 
     |        Instance         |     Arc     |   Cell    | Delay | Arrival | Required | 
     |                         |             |           |       |  Time   |   Time   | 
     |-------------------------+-------------+-----------+-------+---------+----------| 
     |                         | clk ^       |           |       |  -0.257 |   -0.768 | 
     | CTS_ccl_a_buf_00159     | A ^ -> Y ^  | CLKBUFX20 | 0.176 |  -0.082 |   -0.593 | 
     | CTS_ccl_a_buf_00082     | A ^ -> Y ^  | CLKBUFX6  | 0.197 |   0.115 |   -0.396 | 
     | line_buff_1_reg[392][3] | CK ^ -> Q v | SDFFQX1   | 0.276 |   0.390 |   -0.120 | 
     | line_buff_1_reg[392][3] | D v         | SDFFQX1   | 0.000 |   0.390 |   -0.120 | 
     +--------------------------------------------------------------------------------+ 
     Clock Rise Edge                      0.000
     + Source Insertion Delay            -0.257
     = Beginpoint Arrival Time           -0.257
     Other End Path:
     +-------------------------------------------------------------------------------+ 
     |        Instance         |    Arc     |   Cell    | Delay | Arrival | Required | 
     |                         |            |           |       |  Time   |   Time   | 
     |-------------------------+------------+-----------+-------+---------+----------| 
     |                         | clk ^      |           |       |  -0.257 |    0.253 | 
     | CTS_ccl_a_buf_00159     | A ^ -> Y ^ | CLKBUFX20 | 0.069 |  -0.189 |    0.322 | 
     | CTS_ccl_a_buf_00082     | A ^ -> Y ^ | CLKBUFX6  | 0.064 |  -0.125 |    0.386 | 
     | line_buff_1_reg[392][3] | CK ^       | SDFFQX1   | 0.002 |  -0.123 |    0.388 | 
     +-------------------------------------------------------------------------------+ 
Path 103: MET Hold Check with Pin line_buff_1_reg[68][3]/CK 
Endpoint:   line_buff_1_reg[68][3]/D (v) checked with  leading edge of 'clk'
Beginpoint: line_buff_1_reg[68][3]/Q (v) triggered by  leading edge of 'clk'
Path Groups: {reg2reg}
Analysis View: all
Other End Arrival Time         -0.124
+ Hold                          0.000
+ Phase Shift                   0.000
= Required Time                -0.124
  Arrival Time                  0.387
  Slack Time                    0.511
     Clock Rise Edge                      0.000
     + Source Insertion Delay            -0.257
     = Beginpoint Arrival Time           -0.257
     Timing Path:
     +-------------------------------------------------------------------------------+ 
     |        Instance        |     Arc     |   Cell    | Delay | Arrival | Required | 
     |                        |             |           |       |  Time   |   Time   | 
     |------------------------+-------------+-----------+-------+---------+----------| 
     |                        | clk ^       |           |       |  -0.257 |   -0.768 | 
     | CTS_ccl_a_buf_00159    | A ^ -> Y ^  | CLKBUFX20 | 0.176 |  -0.082 |   -0.593 | 
     | CTS_ccl_a_buf_00086    | A ^ -> Y ^  | CLKBUFX6  | 0.193 |   0.111 |   -0.399 | 
     | line_buff_1_reg[68][3] | CK ^ -> Q v | SDFFQX1   | 0.275 |   0.387 |   -0.124 | 
     | line_buff_1_reg[68][3] | D v         | SDFFQX1   | 0.000 |   0.387 |   -0.124 | 
     +-------------------------------------------------------------------------------+ 
     Clock Rise Edge                      0.000
     + Source Insertion Delay            -0.257
     = Beginpoint Arrival Time           -0.257
     Other End Path:
     +------------------------------------------------------------------------------+ 
     |        Instance        |    Arc     |   Cell    | Delay | Arrival | Required | 
     |                        |            |           |       |  Time   |   Time   | 
     |------------------------+------------+-----------+-------+---------+----------| 
     |                        | clk ^      |           |       |  -0.257 |    0.253 | 
     | CTS_ccl_a_buf_00159    | A ^ -> Y ^ | CLKBUFX20 | 0.069 |  -0.189 |    0.322 | 
     | CTS_ccl_a_buf_00086    | A ^ -> Y ^ | CLKBUFX6  | 0.063 |  -0.126 |    0.385 | 
     | line_buff_1_reg[68][3] | CK ^       | SDFFQX1   | 0.002 |  -0.124 |    0.387 | 
     +------------------------------------------------------------------------------+ 
Path 104: MET Hold Check with Pin line_buff_0_reg[64][5]/CK 
Endpoint:   line_buff_0_reg[64][5]/D (v) checked with  leading edge of 'clk'
Beginpoint: line_buff_0_reg[64][5]/Q (v) triggered by  leading edge of 'clk'
Path Groups: {reg2reg}
Analysis View: all
Other End Arrival Time         -0.124
+ Hold                          0.000
+ Phase Shift                   0.000
= Required Time                -0.124
  Arrival Time                  0.386
  Slack Time                    0.511
     Clock Rise Edge                      0.000
     + Source Insertion Delay            -0.257
     = Beginpoint Arrival Time           -0.257
     Timing Path:
     +-------------------------------------------------------------------------------+ 
     |        Instance        |     Arc     |   Cell    | Delay | Arrival | Required | 
     |                        |             |           |       |  Time   |   Time   | 
     |------------------------+-------------+-----------+-------+---------+----------| 
     |                        | clk ^       |           |       |  -0.257 |   -0.768 | 
     | CTS_ccl_a_buf_00159    | A ^ -> Y ^  | CLKBUFX20 | 0.176 |  -0.082 |   -0.593 | 
     | CTS_ccl_a_buf_00086    | A ^ -> Y ^  | CLKBUFX6  | 0.193 |   0.111 |   -0.399 | 
     | line_buff_0_reg[64][5] | CK ^ -> Q v | SDFFQX1   | 0.275 |   0.386 |   -0.124 | 
     | line_buff_0_reg[64][5] | D v         | SDFFQX1   | 0.000 |   0.386 |   -0.124 | 
     +-------------------------------------------------------------------------------+ 
     Clock Rise Edge                      0.000
     + Source Insertion Delay            -0.257
     = Beginpoint Arrival Time           -0.257
     Other End Path:
     +------------------------------------------------------------------------------+ 
     |        Instance        |    Arc     |   Cell    | Delay | Arrival | Required | 
     |                        |            |           |       |  Time   |   Time   | 
     |------------------------+------------+-----------+-------+---------+----------| 
     |                        | clk ^      |           |       |  -0.257 |    0.253 | 
     | CTS_ccl_a_buf_00159    | A ^ -> Y ^ | CLKBUFX20 | 0.069 |  -0.189 |    0.322 | 
     | CTS_ccl_a_buf_00086    | A ^ -> Y ^ | CLKBUFX6  | 0.063 |  -0.126 |    0.385 | 
     | line_buff_0_reg[64][5] | CK ^       | SDFFQX1   | 0.001 |  -0.124 |    0.386 | 
     +------------------------------------------------------------------------------+ 
Path 105: MET Hold Check with Pin line_buff_1_reg[394][3]/CK 
Endpoint:   line_buff_1_reg[394][3]/D (v) checked with  leading edge of 'clk'
Beginpoint: line_buff_1_reg[394][3]/Q (v) triggered by  leading edge of 'clk'
Path Groups: {reg2reg}
Analysis View: all
Other End Arrival Time         -0.123
+ Hold                          0.002
+ Phase Shift                   0.000
= Required Time                -0.121
  Arrival Time                  0.390
  Slack Time                    0.511
     Clock Rise Edge                      0.000
     + Source Insertion Delay            -0.257
     = Beginpoint Arrival Time           -0.257
     Timing Path:
     +--------------------------------------------------------------------------------+ 
     |        Instance         |     Arc     |   Cell    | Delay | Arrival | Required | 
     |                         |             |           |       |  Time   |   Time   | 
     |-------------------------+-------------+-----------+-------+---------+----------| 
     |                         | clk ^       |           |       |  -0.257 |   -0.768 | 
     | CTS_ccl_a_buf_00159     | A ^ -> Y ^  | CLKBUFX20 | 0.176 |  -0.082 |   -0.593 | 
     | CTS_ccl_a_buf_00082     | A ^ -> Y ^  | CLKBUFX6  | 0.197 |   0.115 |   -0.396 | 
     | line_buff_1_reg[394][3] | CK ^ -> Q v | SDFFQX1   | 0.275 |   0.390 |   -0.121 | 
     | line_buff_1_reg[394][3] | D v         | SDFFQX1   | 0.000 |   0.390 |   -0.121 | 
     +--------------------------------------------------------------------------------+ 
     Clock Rise Edge                      0.000
     + Source Insertion Delay            -0.257
     = Beginpoint Arrival Time           -0.257
     Other End Path:
     +-------------------------------------------------------------------------------+ 
     |        Instance         |    Arc     |   Cell    | Delay | Arrival | Required | 
     |                         |            |           |       |  Time   |   Time   | 
     |-------------------------+------------+-----------+-------+---------+----------| 
     |                         | clk ^      |           |       |  -0.257 |    0.253 | 
     | CTS_ccl_a_buf_00159     | A ^ -> Y ^ | CLKBUFX20 | 0.069 |  -0.189 |    0.322 | 
     | CTS_ccl_a_buf_00082     | A ^ -> Y ^ | CLKBUFX6  | 0.064 |  -0.125 |    0.386 | 
     | line_buff_1_reg[394][3] | CK ^       | SDFFQX1   | 0.002 |  -0.123 |    0.388 | 
     +-------------------------------------------------------------------------------+ 
Path 106: MET Hold Check with Pin line_buff_1_reg[282][1]/CK 
Endpoint:   line_buff_1_reg[282][1]/D (v) checked with  leading edge of 'clk'
Beginpoint: line_buff_1_reg[282][1]/Q (v) triggered by  leading edge of 'clk'
Path Groups: {reg2reg}
Analysis View: all
Other End Arrival Time         -0.116
+ Hold                          0.010
+ Phase Shift                   0.000
= Required Time                -0.106
  Arrival Time                  0.404
  Slack Time                    0.511
     Clock Rise Edge                      0.000
     + Source Insertion Delay            -0.257
     = Beginpoint Arrival Time           -0.257
     Timing Path:
     +--------------------------------------------------------------------------------+ 
     |        Instance         |     Arc     |   Cell    | Delay | Arrival | Required | 
     |                         |             |           |       |  Time   |   Time   | 
     |-------------------------+-------------+-----------+-------+---------+----------| 
     |                         | clk ^       |           |       |  -0.257 |   -0.768 | 
     | CTS_ccl_a_buf_00159     | A ^ -> Y ^  | CLKBUFX20 | 0.176 |  -0.082 |   -0.593 | 
     | CTS_ccl_a_buf_00128     | A ^ -> Y ^  | CLKBUFX6  | 0.203 |   0.121 |   -0.390 | 
     | line_buff_1_reg[282][1] | CK ^ -> Q v | SDFFQX1   | 0.284 |   0.404 |   -0.106 | 
     | line_buff_1_reg[282][1] | D v         | SDFFQX1   | 0.000 |   0.404 |   -0.106 | 
     +--------------------------------------------------------------------------------+ 
     Clock Rise Edge                      0.000
     + Source Insertion Delay            -0.257
     = Beginpoint Arrival Time           -0.257
     Other End Path:
     +-------------------------------------------------------------------------------+ 
     |        Instance         |    Arc     |   Cell    | Delay | Arrival | Required | 
     |                         |            |           |       |  Time   |   Time   | 
     |-------------------------+------------+-----------+-------+---------+----------| 
     |                         | clk ^      |           |       |  -0.257 |    0.253 | 
     | CTS_ccl_a_buf_00159     | A ^ -> Y ^ | CLKBUFX20 | 0.069 |  -0.189 |    0.322 | 
     | CTS_ccl_a_buf_00128     | A ^ -> Y ^ | CLKBUFX6  | 0.067 |  -0.122 |    0.389 | 
     | line_buff_1_reg[282][1] | CK ^       | SDFFQX1   | 0.006 |  -0.116 |    0.395 | 
     +-------------------------------------------------------------------------------+ 
Path 107: MET Hold Check with Pin line_buff_0_reg[609][1]/CK 
Endpoint:   line_buff_0_reg[609][1]/D (v) checked with  leading edge of 'clk'
Beginpoint: line_buff_0_reg[609][1]/Q (v) triggered by  leading edge of 'clk'
Path Groups: {reg2reg}
Analysis View: all
Other End Arrival Time         -0.121
+ Hold                          0.005
+ Phase Shift                   0.000
= Required Time                -0.115
  Arrival Time                  0.395
  Slack Time                    0.511
     Clock Rise Edge                      0.000
     + Source Insertion Delay            -0.257
     = Beginpoint Arrival Time           -0.257
     Timing Path:
     +--------------------------------------------------------------------------------+ 
     |        Instance         |     Arc     |   Cell    | Delay | Arrival | Required | 
     |                         |             |           |       |  Time   |   Time   | 
     |-------------------------+-------------+-----------+-------+---------+----------| 
     |                         | clk ^       |           |       |  -0.257 |   -0.768 | 
     | CTS_ccl_a_buf_00159     | A ^ -> Y ^  | CLKBUFX20 | 0.176 |  -0.082 |   -0.593 | 
     | CTS_ccl_a_buf_00093     | A ^ -> Y ^  | CLKBUFX6  | 0.200 |   0.118 |   -0.393 | 
     | line_buff_0_reg[609][1] | CK ^ -> Q v | SDFFQX1   | 0.277 |   0.395 |   -0.115 | 
     | line_buff_0_reg[609][1] | D v         | SDFFQX1   | 0.000 |   0.395 |   -0.115 | 
     +--------------------------------------------------------------------------------+ 
     Clock Rise Edge                      0.000
     + Source Insertion Delay            -0.257
     = Beginpoint Arrival Time           -0.257
     Other End Path:
     +-------------------------------------------------------------------------------+ 
     |        Instance         |    Arc     |   Cell    | Delay | Arrival | Required | 
     |                         |            |           |       |  Time   |   Time   | 
     |-------------------------+------------+-----------+-------+---------+----------| 
     |                         | clk ^      |           |       |  -0.257 |    0.253 | 
     | CTS_ccl_a_buf_00159     | A ^ -> Y ^ | CLKBUFX20 | 0.069 |  -0.189 |    0.322 | 
     | CTS_ccl_a_buf_00093     | A ^ -> Y ^ | CLKBUFX6  | 0.066 |  -0.123 |    0.388 | 
     | line_buff_0_reg[609][1] | CK ^       | SDFFQX1   | 0.002 |  -0.121 |    0.390 | 
     +-------------------------------------------------------------------------------+ 
Path 108: MET Hold Check with Pin line_buff_1_reg[40][5]/CK 
Endpoint:   line_buff_1_reg[40][5]/D (v) checked with  leading edge of 'clk'
Beginpoint: line_buff_1_reg[40][5]/Q (v) triggered by  leading edge of 'clk'
Path Groups: {reg2reg}
Analysis View: all
Other End Arrival Time         -0.120
+ Hold                          0.007
+ Phase Shift                   0.000
= Required Time                -0.112
  Arrival Time                  0.399
  Slack Time                    0.511
     Clock Rise Edge                      0.000
     + Source Insertion Delay            -0.257
     = Beginpoint Arrival Time           -0.257
     Timing Path:
     +-------------------------------------------------------------------------------+ 
     |        Instance        |     Arc     |   Cell    | Delay | Arrival | Required | 
     |                        |             |           |       |  Time   |   Time   | 
     |------------------------+-------------+-----------+-------+---------+----------| 
     |                        | clk ^       |           |       |  -0.257 |   -0.768 | 
     | CTS_ccl_a_buf_00159    | A ^ -> Y ^  | CLKBUFX20 | 0.176 |  -0.082 |   -0.593 | 
     | CTS_ccl_a_buf_00150    | A ^ -> Y ^  | CLKBUFX6  | 0.201 |   0.119 |   -0.392 | 
     | line_buff_1_reg[40][5] | CK ^ -> Q v | SDFFQX1   | 0.279 |   0.399 |   -0.112 | 
     | line_buff_1_reg[40][5] | D v         | SDFFQX1   | 0.000 |   0.399 |   -0.112 | 
     +-------------------------------------------------------------------------------+ 
     Clock Rise Edge                      0.000
     + Source Insertion Delay            -0.257
     = Beginpoint Arrival Time           -0.257
     Other End Path:
     +------------------------------------------------------------------------------+ 
     |        Instance        |    Arc     |   Cell    | Delay | Arrival | Required | 
     |                        |            |           |       |  Time   |   Time   | 
     |------------------------+------------+-----------+-------+---------+----------| 
     |                        | clk ^      |           |       |  -0.257 |    0.253 | 
     | CTS_ccl_a_buf_00159    | A ^ -> Y ^ | CLKBUFX20 | 0.069 |  -0.189 |    0.322 | 
     | CTS_ccl_a_buf_00150    | A ^ -> Y ^ | CLKBUFX6  | 0.066 |  -0.122 |    0.389 | 
     | line_buff_1_reg[40][5] | CK ^       | SDFFQX1   | 0.002 |  -0.120 |    0.391 | 
     +------------------------------------------------------------------------------+ 
Path 109: MET Hold Check with Pin line_buff_1_reg[326][3]/CK 
Endpoint:   line_buff_1_reg[326][3]/D (v) checked with  leading edge of 'clk'
Beginpoint: line_buff_1_reg[326][3]/Q (v) triggered by  leading edge of 'clk'
Path Groups: {reg2reg}
Analysis View: all
Other End Arrival Time         -0.118
+ Hold                          0.000
+ Phase Shift                   0.000
= Required Time                -0.117
  Arrival Time                  0.393
  Slack Time                    0.511
     Clock Rise Edge                      0.000
     + Source Insertion Delay            -0.257
     = Beginpoint Arrival Time           -0.257
     Timing Path:
     +--------------------------------------------------------------------------------+ 
     |        Instance         |     Arc     |   Cell    | Delay | Arrival | Required | 
     |                         |             |           |       |  Time   |   Time   | 
     |-------------------------+-------------+-----------+-------+---------+----------| 
     |                         | clk ^       |           |       |  -0.257 |   -0.768 | 
     | CTS_ccl_a_buf_00159     | A ^ -> Y ^  | CLKBUFX20 | 0.176 |  -0.082 |   -0.593 | 
     | CTS_ccl_a_buf_00129     | A ^ -> Y ^  | CLKBUFX8  | 0.197 |   0.115 |   -0.396 | 
     | line_buff_1_reg[326][3] | CK ^ -> Q v | SDFFQX1   | 0.278 |   0.393 |   -0.117 | 
     | line_buff_1_reg[326][3] | D v         | SDFFQX1   | 0.000 |   0.393 |   -0.117 | 
     +--------------------------------------------------------------------------------+ 
     Clock Rise Edge                      0.000
     + Source Insertion Delay            -0.257
     = Beginpoint Arrival Time           -0.257
     Other End Path:
     +-------------------------------------------------------------------------------+ 
     |        Instance         |    Arc     |   Cell    | Delay | Arrival | Required | 
     |                         |            |           |       |  Time   |   Time   | 
     |-------------------------+------------+-----------+-------+---------+----------| 
     |                         | clk ^      |           |       |  -0.257 |    0.253 | 
     | CTS_ccl_a_buf_00159     | A ^ -> Y ^ | CLKBUFX20 | 0.069 |  -0.189 |    0.322 | 
     | CTS_ccl_a_buf_00129     | A ^ -> Y ^ | CLKBUFX8  | 0.061 |  -0.128 |    0.383 | 
     | line_buff_1_reg[326][3] | CK ^       | SDFFQX1   | 0.010 |  -0.118 |    0.393 | 
     +-------------------------------------------------------------------------------+ 
Path 110: MET Hold Check with Pin line_buff_0_reg[398][0]/CK 
Endpoint:   line_buff_0_reg[398][0]/D (v) checked with  leading edge of 'clk'
Beginpoint: line_buff_0_reg[398][0]/Q (v) triggered by  leading edge of 'clk'
Path Groups: {reg2reg}
Analysis View: all
Other End Arrival Time         -0.123
+ Hold                          0.002
+ Phase Shift                   0.000
= Required Time                -0.121
  Arrival Time                  0.390
  Slack Time                    0.511
     Clock Rise Edge                      0.000
     + Source Insertion Delay            -0.257
     = Beginpoint Arrival Time           -0.257
     Timing Path:
     +--------------------------------------------------------------------------------+ 
     |        Instance         |     Arc     |   Cell    | Delay | Arrival | Required | 
     |                         |             |           |       |  Time   |   Time   | 
     |-------------------------+-------------+-----------+-------+---------+----------| 
     |                         | clk ^       |           |       |  -0.257 |   -0.768 | 
     | CTS_ccl_a_buf_00159     | A ^ -> Y ^  | CLKBUFX20 | 0.176 |  -0.082 |   -0.593 | 
     | CTS_ccl_a_buf_00082     | A ^ -> Y ^  | CLKBUFX6  | 0.197 |   0.115 |   -0.396 | 
     | line_buff_0_reg[398][0] | CK ^ -> Q v | SDFFQX1   | 0.275 |   0.390 |   -0.121 | 
     | line_buff_0_reg[398][0] | D v         | SDFFQX1   | 0.000 |   0.390 |   -0.121 | 
     +--------------------------------------------------------------------------------+ 
     Clock Rise Edge                      0.000
     + Source Insertion Delay            -0.257
     = Beginpoint Arrival Time           -0.257
     Other End Path:
     +-------------------------------------------------------------------------------+ 
     |        Instance         |    Arc     |   Cell    | Delay | Arrival | Required | 
     |                         |            |           |       |  Time   |   Time   | 
     |-------------------------+------------+-----------+-------+---------+----------| 
     |                         | clk ^      |           |       |  -0.257 |    0.253 | 
     | CTS_ccl_a_buf_00159     | A ^ -> Y ^ | CLKBUFX20 | 0.069 |  -0.189 |    0.322 | 
     | CTS_ccl_a_buf_00082     | A ^ -> Y ^ | CLKBUFX6  | 0.064 |  -0.125 |    0.386 | 
     | line_buff_0_reg[398][0] | CK ^       | SDFFQX1   | 0.002 |  -0.123 |    0.388 | 
     +-------------------------------------------------------------------------------+ 
Path 111: MET Hold Check with Pin line_buff_0_reg[350][5]/CK 
Endpoint:   line_buff_0_reg[350][5]/D (v) checked with  leading edge of 'clk'
Beginpoint: line_buff_0_reg[350][5]/Q (v) triggered by  leading edge of 'clk'
Path Groups: {reg2reg}
Analysis View: all
Other End Arrival Time         -0.118
+ Hold                          0.002
+ Phase Shift                   0.000
= Required Time                -0.115
  Arrival Time                  0.395
  Slack Time                    0.511
     Clock Rise Edge                      0.000
     + Source Insertion Delay            -0.257
     = Beginpoint Arrival Time           -0.257
     Timing Path:
     +--------------------------------------------------------------------------------+ 
     |        Instance         |     Arc     |   Cell    | Delay | Arrival | Required | 
     |                         |             |           |       |  Time   |   Time   | 
     |-------------------------+-------------+-----------+-------+---------+----------| 
     |                         | clk ^       |           |       |  -0.257 |   -0.768 | 
     | CTS_ccl_a_buf_00159     | A ^ -> Y ^  | CLKBUFX20 | 0.176 |  -0.082 |   -0.593 | 
     | CTS_ccl_a_buf_00125     | A ^ -> Y ^  | CLKBUFX8  | 0.201 |   0.119 |   -0.392 | 
     | line_buff_0_reg[350][5] | CK ^ -> Q v | SDFFQX1   | 0.277 |   0.395 |   -0.115 | 
     | line_buff_0_reg[350][5] | D v         | SDFFQX1   | 0.000 |   0.395 |   -0.115 | 
     +--------------------------------------------------------------------------------+ 
     Clock Rise Edge                      0.000
     + Source Insertion Delay            -0.257
     = Beginpoint Arrival Time           -0.257
     Other End Path:
     +-------------------------------------------------------------------------------+ 
     |        Instance         |    Arc     |   Cell    | Delay | Arrival | Required | 
     |                         |            |           |       |  Time   |   Time   | 
     |-------------------------+------------+-----------+-------+---------+----------| 
     |                         | clk ^      |           |       |  -0.257 |    0.253 | 
     | CTS_ccl_a_buf_00159     | A ^ -> Y ^ | CLKBUFX20 | 0.069 |  -0.189 |    0.322 | 
     | CTS_ccl_a_buf_00125     | A ^ -> Y ^ | CLKBUFX8  | 0.064 |  -0.125 |    0.386 | 
     | line_buff_0_reg[350][5] | CK ^       | SDFFQX1   | 0.008 |  -0.118 |    0.393 | 
     +-------------------------------------------------------------------------------+ 
Path 112: MET Hold Check with Pin line_buff_1_reg[736][1]/CK 
Endpoint:   line_buff_1_reg[736][1]/SI (v) checked with  leading edge of 'clk'
Beginpoint: line_buff_1_reg[736][1]/Q  (v) triggered by  leading edge of 'clk'
Path Groups: {reg2reg}
Analysis View: all
Other End Arrival Time         -0.123
+ Hold                          0.001
+ Phase Shift                   0.000
= Required Time                -0.121
  Arrival Time                  0.389
  Slack Time                    0.511
     Clock Rise Edge                      0.000
     + Source Insertion Delay            -0.257
     = Beginpoint Arrival Time           -0.257
     Timing Path:
     +--------------------------------------------------------------------------------+ 
     |        Instance         |     Arc     |   Cell    | Delay | Arrival | Required | 
     |                         |             |           |       |  Time   |   Time   | 
     |-------------------------+-------------+-----------+-------+---------+----------| 
     |                         | clk ^       |           |       |  -0.257 |   -0.768 | 
     | CTS_ccl_a_buf_00159     | A ^ -> Y ^  | CLKBUFX20 | 0.176 |  -0.082 |   -0.593 | 
     | CTS_ccl_a_buf_00082     | A ^ -> Y ^  | CLKBUFX6  | 0.197 |   0.115 |   -0.396 | 
     | line_buff_1_reg[736][1] | CK ^ -> Q v | SDFFQX1   | 0.275 |   0.389 |   -0.121 | 
     | line_buff_1_reg[736][1] | SI v        | SDFFQX1   | 0.000 |   0.389 |   -0.121 | 
     +--------------------------------------------------------------------------------+ 
     Clock Rise Edge                      0.000
     + Source Insertion Delay            -0.257
     = Beginpoint Arrival Time           -0.257
     Other End Path:
     +-------------------------------------------------------------------------------+ 
     |        Instance         |    Arc     |   Cell    | Delay | Arrival | Required | 
     |                         |            |           |       |  Time   |   Time   | 
     |-------------------------+------------+-----------+-------+---------+----------| 
     |                         | clk ^      |           |       |  -0.257 |    0.253 | 
     | CTS_ccl_a_buf_00159     | A ^ -> Y ^ | CLKBUFX20 | 0.069 |  -0.189 |    0.322 | 
     | CTS_ccl_a_buf_00082     | A ^ -> Y ^ | CLKBUFX6  | 0.064 |  -0.125 |    0.386 | 
     | line_buff_1_reg[736][1] | CK ^       | SDFFQX1   | 0.002 |  -0.123 |    0.388 | 
     +-------------------------------------------------------------------------------+ 
Path 113: MET Hold Check with Pin line_buff_1_reg[98][0]/CK 
Endpoint:   line_buff_1_reg[98][0]/D (v) checked with  leading edge of 'clk'
Beginpoint: line_buff_1_reg[98][0]/Q (v) triggered by  leading edge of 'clk'
Path Groups: {reg2reg}
Analysis View: all
Other End Arrival Time         -0.120
+ Hold                          0.008
+ Phase Shift                   0.000
= Required Time                -0.113
  Arrival Time                  0.398
  Slack Time                    0.511
     Clock Rise Edge                      0.000
     + Source Insertion Delay            -0.257
     = Beginpoint Arrival Time           -0.257
     Timing Path:
     +-------------------------------------------------------------------------------+ 
     |        Instance        |     Arc     |   Cell    | Delay | Arrival | Required | 
     |                        |             |           |       |  Time   |   Time   | 
     |------------------------+-------------+-----------+-------+---------+----------| 
     |                        | clk ^       |           |       |  -0.257 |   -0.768 | 
     | CTS_ccl_a_buf_00159    | A ^ -> Y ^  | CLKBUFX20 | 0.176 |  -0.082 |   -0.593 | 
     | CTS_ccl_a_buf_00150    | A ^ -> Y ^  | CLKBUFX6  | 0.201 |   0.119 |   -0.392 | 
     | line_buff_1_reg[98][0] | CK ^ -> Q v | SDFFQX1   | 0.279 |   0.398 |   -0.113 | 
     | line_buff_1_reg[98][0] | D v         | SDFFQX1   | 0.000 |   0.398 |   -0.113 | 
     +-------------------------------------------------------------------------------+ 
     Clock Rise Edge                      0.000
     + Source Insertion Delay            -0.257
     = Beginpoint Arrival Time           -0.257
     Other End Path:
     +------------------------------------------------------------------------------+ 
     |        Instance        |    Arc     |   Cell    | Delay | Arrival | Required | 
     |                        |            |           |       |  Time   |   Time   | 
     |------------------------+------------+-----------+-------+---------+----------| 
     |                        | clk ^      |           |       |  -0.257 |    0.253 | 
     | CTS_ccl_a_buf_00159    | A ^ -> Y ^ | CLKBUFX20 | 0.069 |  -0.189 |    0.322 | 
     | CTS_ccl_a_buf_00150    | A ^ -> Y ^ | CLKBUFX6  | 0.066 |  -0.122 |    0.389 | 
     | line_buff_1_reg[98][0] | CK ^       | SDFFQX1   | 0.002 |  -0.120 |    0.391 | 
     +------------------------------------------------------------------------------+ 
Path 114: MET Hold Check with Pin line_buff_1_reg[257][4]/CK 
Endpoint:   line_buff_1_reg[257][4]/D (v) checked with  leading edge of 'clk'
Beginpoint: line_buff_1_reg[257][4]/Q (v) triggered by  leading edge of 'clk'
Path Groups: {reg2reg}
Analysis View: all
Other End Arrival Time         -0.118
+ Hold                          0.005
+ Phase Shift                   0.000
= Required Time                -0.113
  Arrival Time                  0.398
  Slack Time                    0.511
     Clock Rise Edge                      0.000
     + Source Insertion Delay            -0.257
     = Beginpoint Arrival Time           -0.257
     Timing Path:
     +--------------------------------------------------------------------------------+ 
     |        Instance         |     Arc     |   Cell    | Delay | Arrival | Required | 
     |                         |             |           |       |  Time   |   Time   | 
     |-------------------------+-------------+-----------+-------+---------+----------| 
     |                         | clk ^       |           |       |  -0.257 |   -0.768 | 
     | CTS_ccl_a_buf_00159     | A ^ -> Y ^  | CLKBUFX20 | 0.176 |  -0.082 |   -0.593 | 
     | CTS_ccl_a_buf_00132     | A ^ -> Y ^  | CLKBUFX6  | 0.200 |   0.118 |   -0.393 | 
     | line_buff_1_reg[257][4] | CK ^ -> Q v | SDFFQX1   | 0.280 |   0.398 |   -0.113 | 
     | line_buff_1_reg[257][4] | D v         | SDFFQX1   | 0.000 |   0.398 |   -0.113 | 
     +--------------------------------------------------------------------------------+ 
     Clock Rise Edge                      0.000
     + Source Insertion Delay            -0.257
     = Beginpoint Arrival Time           -0.257
     Other End Path:
     +-------------------------------------------------------------------------------+ 
     |        Instance         |    Arc     |   Cell    | Delay | Arrival | Required | 
     |                         |            |           |       |  Time   |   Time   | 
     |-------------------------+------------+-----------+-------+---------+----------| 
     |                         | clk ^      |           |       |  -0.257 |    0.253 | 
     | CTS_ccl_a_buf_00159     | A ^ -> Y ^ | CLKBUFX20 | 0.069 |  -0.189 |    0.322 | 
     | CTS_ccl_a_buf_00132     | A ^ -> Y ^ | CLKBUFX6  | 0.067 |  -0.122 |    0.389 | 
     | line_buff_1_reg[257][4] | CK ^       | SDFFQX1   | 0.004 |  -0.118 |    0.393 | 
     +-------------------------------------------------------------------------------+ 
Path 115: MET Hold Check with Pin line_buff_0_reg[68][5]/CK 
Endpoint:   line_buff_0_reg[68][5]/D (v) checked with  leading edge of 'clk'
Beginpoint: line_buff_0_reg[68][5]/Q (v) triggered by  leading edge of 'clk'
Path Groups: {reg2reg}
Analysis View: all
Other End Arrival Time         -0.124
+ Hold                         -0.000
+ Phase Shift                   0.000
= Required Time                -0.124
  Arrival Time                  0.387
  Slack Time                    0.511
     Clock Rise Edge                      0.000
     + Source Insertion Delay            -0.257
     = Beginpoint Arrival Time           -0.257
     Timing Path:
     +-------------------------------------------------------------------------------+ 
     |        Instance        |     Arc     |   Cell    | Delay | Arrival | Required | 
     |                        |             |           |       |  Time   |   Time   | 
     |------------------------+-------------+-----------+-------+---------+----------| 
     |                        | clk ^       |           |       |  -0.257 |   -0.768 | 
     | CTS_ccl_a_buf_00159    | A ^ -> Y ^  | CLKBUFX20 | 0.176 |  -0.082 |   -0.593 | 
     | CTS_ccl_a_buf_00086    | A ^ -> Y ^  | CLKBUFX6  | 0.193 |   0.111 |   -0.399 | 
     | line_buff_0_reg[68][5] | CK ^ -> Q v | SDFFQX1   | 0.275 |   0.387 |   -0.124 | 
     | line_buff_0_reg[68][5] | D v         | SDFFQX1   | 0.000 |   0.387 |   -0.124 | 
     +-------------------------------------------------------------------------------+ 
     Clock Rise Edge                      0.000
     + Source Insertion Delay            -0.257
     = Beginpoint Arrival Time           -0.257
     Other End Path:
     +------------------------------------------------------------------------------+ 
     |        Instance        |    Arc     |   Cell    | Delay | Arrival | Required | 
     |                        |            |           |       |  Time   |   Time   | 
     |------------------------+------------+-----------+-------+---------+----------| 
     |                        | clk ^      |           |       |  -0.257 |    0.254 | 
     | CTS_ccl_a_buf_00159    | A ^ -> Y ^ | CLKBUFX20 | 0.069 |  -0.189 |    0.322 | 
     | CTS_ccl_a_buf_00086    | A ^ -> Y ^ | CLKBUFX6  | 0.063 |  -0.126 |    0.385 | 
     | line_buff_0_reg[68][5] | CK ^       | SDFFQX1   | 0.001 |  -0.124 |    0.387 | 
     +------------------------------------------------------------------------------+ 
Path 116: MET Hold Check with Pin line_buff_1_reg[320][2]/CK 
Endpoint:   line_buff_1_reg[320][2]/D (v) checked with  leading edge of 'clk'
Beginpoint: line_buff_1_reg[320][2]/Q (v) triggered by  leading edge of 'clk'
Path Groups: {reg2reg}
Analysis View: all
Other End Arrival Time         -0.118
+ Hold                          0.000
+ Phase Shift                   0.000
= Required Time                -0.118
  Arrival Time                  0.393
  Slack Time                    0.511
     Clock Rise Edge                      0.000
     + Source Insertion Delay            -0.257
     = Beginpoint Arrival Time           -0.257
     Timing Path:
     +--------------------------------------------------------------------------------+ 
     |        Instance         |     Arc     |   Cell    | Delay | Arrival | Required | 
     |                         |             |           |       |  Time   |   Time   | 
     |-------------------------+-------------+-----------+-------+---------+----------| 
     |                         | clk ^       |           |       |  -0.257 |   -0.768 | 
     | CTS_ccl_a_buf_00159     | A ^ -> Y ^  | CLKBUFX20 | 0.176 |  -0.082 |   -0.593 | 
     | CTS_ccl_a_buf_00129     | A ^ -> Y ^  | CLKBUFX8  | 0.197 |   0.115 |   -0.396 | 
     | line_buff_1_reg[320][2] | CK ^ -> Q v | SDFFQX1   | 0.278 |   0.393 |   -0.118 | 
     | line_buff_1_reg[320][2] | D v         | SDFFQX1   | 0.000 |   0.393 |   -0.118 | 
     +--------------------------------------------------------------------------------+ 
     Clock Rise Edge                      0.000
     + Source Insertion Delay            -0.257
     = Beginpoint Arrival Time           -0.257
     Other End Path:
     +-------------------------------------------------------------------------------+ 
     |        Instance         |    Arc     |   Cell    | Delay | Arrival | Required | 
     |                         |            |           |       |  Time   |   Time   | 
     |-------------------------+------------+-----------+-------+---------+----------| 
     |                         | clk ^      |           |       |  -0.257 |    0.254 | 
     | CTS_ccl_a_buf_00159     | A ^ -> Y ^ | CLKBUFX20 | 0.069 |  -0.189 |    0.322 | 
     | CTS_ccl_a_buf_00129     | A ^ -> Y ^ | CLKBUFX8  | 0.061 |  -0.128 |    0.383 | 
     | line_buff_1_reg[320][2] | CK ^       | SDFFQX1   | 0.010 |  -0.118 |    0.393 | 
     +-------------------------------------------------------------------------------+ 
Path 117: MET Hold Check with Pin line_buff_0_reg[96][1]/CK 
Endpoint:   line_buff_0_reg[96][1]/D (v) checked with  leading edge of 'clk'
Beginpoint: line_buff_0_reg[96][1]/Q (v) triggered by  leading edge of 'clk'
Path Groups: {reg2reg}
Analysis View: all
Other End Arrival Time         -0.119
+ Hold                          0.009
+ Phase Shift                   0.000
= Required Time                -0.110
  Arrival Time                  0.401
  Slack Time                    0.511
     Clock Rise Edge                      0.000
     + Source Insertion Delay            -0.257
     = Beginpoint Arrival Time           -0.257
     Timing Path:
     +-------------------------------------------------------------------------------+ 
     |        Instance        |     Arc     |   Cell    | Delay | Arrival | Required | 
     |                        |             |           |       |  Time   |   Time   | 
     |------------------------+-------------+-----------+-------+---------+----------| 
     |                        | clk ^       |           |       |  -0.257 |   -0.768 | 
     | CTS_ccl_a_buf_00159    | A ^ -> Y ^  | CLKBUFX20 | 0.176 |  -0.082 |   -0.593 | 
     | CTS_ccl_a_buf_00115    | A ^ -> Y ^  | CLKBUFX6  | 0.201 |   0.119 |   -0.392 | 
     | line_buff_0_reg[96][1] | CK ^ -> Q v | SDFFQX1   | 0.282 |   0.401 |   -0.110 | 
     | line_buff_0_reg[96][1] | D v         | SDFFQX1   | 0.000 |   0.401 |   -0.110 | 
     +-------------------------------------------------------------------------------+ 
     Clock Rise Edge                      0.000
     + Source Insertion Delay            -0.257
     = Beginpoint Arrival Time           -0.257
     Other End Path:
     +------------------------------------------------------------------------------+ 
     |        Instance        |    Arc     |   Cell    | Delay | Arrival | Required | 
     |                        |            |           |       |  Time   |   Time   | 
     |------------------------+------------+-----------+-------+---------+----------| 
     |                        | clk ^      |           |       |  -0.257 |    0.254 | 
     | CTS_ccl_a_buf_00159    | A ^ -> Y ^ | CLKBUFX20 | 0.069 |  -0.189 |    0.322 | 
     | CTS_ccl_a_buf_00115    | A ^ -> Y ^ | CLKBUFX6  | 0.065 |  -0.123 |    0.388 | 
     | line_buff_0_reg[96][1] | CK ^       | SDFFQX1   | 0.005 |  -0.119 |    0.392 | 
     +------------------------------------------------------------------------------+ 
Path 118: MET Hold Check with Pin line_buff_0_reg[415][1]/CK 
Endpoint:   line_buff_0_reg[415][1]/D (v) checked with  leading edge of 'clk'
Beginpoint: line_buff_0_reg[415][1]/Q (v) triggered by  leading edge of 'clk'
Path Groups: {reg2reg}
Analysis View: all
Other End Arrival Time         -0.122
+ Hold                          0.005
+ Phase Shift                   0.000
= Required Time                -0.117
  Arrival Time                  0.394
  Slack Time                    0.511
     Clock Rise Edge                      0.000
     + Source Insertion Delay            -0.257
     = Beginpoint Arrival Time           -0.257
     Timing Path:
     +--------------------------------------------------------------------------------+ 
     |        Instance         |     Arc     |   Cell    | Delay | Arrival | Required | 
     |                         |             |           |       |  Time   |   Time   | 
     |-------------------------+-------------+-----------+-------+---------+----------| 
     |                         | clk ^       |           |       |  -0.257 |   -0.768 | 
     | CTS_ccl_a_buf_00159     | A ^ -> Y ^  | CLKBUFX20 | 0.176 |  -0.082 |   -0.593 | 
     | CTS_ccl_a_buf_00079     | A ^ -> Y ^  | CLKBUFX6  | 0.198 |   0.116 |   -0.395 | 
     | line_buff_0_reg[415][1] | CK ^ -> Q v | SDFFQX1   | 0.278 |   0.394 |   -0.117 | 
     | line_buff_0_reg[415][1] | D v         | SDFFQX1   | 0.000 |   0.394 |   -0.117 | 
     +--------------------------------------------------------------------------------+ 
     Clock Rise Edge                      0.000
     + Source Insertion Delay            -0.257
     = Beginpoint Arrival Time           -0.257
     Other End Path:
     +-------------------------------------------------------------------------------+ 
     |        Instance         |    Arc     |   Cell    | Delay | Arrival | Required | 
     |                         |            |           |       |  Time   |   Time   | 
     |-------------------------+------------+-----------+-------+---------+----------| 
     |                         | clk ^      |           |       |  -0.257 |    0.254 | 
     | CTS_ccl_a_buf_00159     | A ^ -> Y ^ | CLKBUFX20 | 0.069 |  -0.189 |    0.322 | 
     | CTS_ccl_a_buf_00079     | A ^ -> Y ^ | CLKBUFX6  | 0.065 |  -0.124 |    0.387 | 
     | line_buff_0_reg[415][1] | CK ^       | SDFFQX1   | 0.001 |  -0.122 |    0.389 | 
     +-------------------------------------------------------------------------------+ 
Path 119: MET Hold Check with Pin line_buff_0_reg[274][2]/CK 
Endpoint:   line_buff_0_reg[274][2]/D (v) checked with  leading edge of 'clk'
Beginpoint: line_buff_0_reg[274][2]/Q (v) triggered by  leading edge of 'clk'
Path Groups: {reg2reg}
Analysis View: all
Other End Arrival Time         -0.117
+ Hold                          0.009
+ Phase Shift                   0.000
= Required Time                -0.108
  Arrival Time                  0.403
  Slack Time                    0.511
     Clock Rise Edge                      0.000
     + Source Insertion Delay            -0.257
     = Beginpoint Arrival Time           -0.257
     Timing Path:
     +--------------------------------------------------------------------------------+ 
     |        Instance         |     Arc     |   Cell    | Delay | Arrival | Required | 
     |                         |             |           |       |  Time   |   Time   | 
     |-------------------------+-------------+-----------+-------+---------+----------| 
     |                         | clk ^       |           |       |  -0.257 |   -0.768 | 
     | CTS_ccl_a_buf_00159     | A ^ -> Y ^  | CLKBUFX20 | 0.176 |  -0.082 |   -0.593 | 
     | CTS_ccl_a_buf_00133     | A ^ -> Y ^  | CLKBUFX6  | 0.203 |   0.121 |   -0.390 | 
     | line_buff_0_reg[274][2] | CK ^ -> Q v | SDFFQX1   | 0.282 |   0.403 |   -0.108 | 
     | line_buff_0_reg[274][2] | D v         | SDFFQX1   | 0.000 |   0.403 |   -0.108 | 
     +--------------------------------------------------------------------------------+ 
     Clock Rise Edge                      0.000
     + Source Insertion Delay            -0.257
     = Beginpoint Arrival Time           -0.257
     Other End Path:
     +-------------------------------------------------------------------------------+ 
     |        Instance         |    Arc     |   Cell    | Delay | Arrival | Required | 
     |                         |            |           |       |  Time   |   Time   | 
     |-------------------------+------------+-----------+-------+---------+----------| 
     |                         | clk ^      |           |       |  -0.257 |    0.254 | 
     | CTS_ccl_a_buf_00159     | A ^ -> Y ^ | CLKBUFX20 | 0.069 |  -0.189 |    0.322 | 
     | CTS_ccl_a_buf_00133     | A ^ -> Y ^ | CLKBUFX6  | 0.068 |  -0.121 |    0.390 | 
     | line_buff_0_reg[274][2] | CK ^       | SDFFQX1   | 0.004 |  -0.117 |    0.394 | 
     +-------------------------------------------------------------------------------+ 
Path 120: MET Hold Check with Pin line_buff_0_reg[399][3]/CK 
Endpoint:   line_buff_0_reg[399][3]/D (v) checked with  leading edge of 'clk'
Beginpoint: line_buff_0_reg[399][3]/Q (v) triggered by  leading edge of 'clk'
Path Groups: {reg2reg}
Analysis View: all
Other End Arrival Time         -0.123
+ Hold                          0.002
+ Phase Shift                   0.000
= Required Time                -0.120
  Arrival Time                  0.391
  Slack Time                    0.511
     Clock Rise Edge                      0.000
     + Source Insertion Delay            -0.257
     = Beginpoint Arrival Time           -0.257
     Timing Path:
     +--------------------------------------------------------------------------------+ 
     |        Instance         |     Arc     |   Cell    | Delay | Arrival | Required | 
     |                         |             |           |       |  Time   |   Time   | 
     |-------------------------+-------------+-----------+-------+---------+----------| 
     |                         | clk ^       |           |       |  -0.257 |   -0.768 | 
     | CTS_ccl_a_buf_00159     | A ^ -> Y ^  | CLKBUFX20 | 0.176 |  -0.082 |   -0.593 | 
     | CTS_ccl_a_buf_00082     | A ^ -> Y ^  | CLKBUFX6  | 0.197 |   0.115 |   -0.396 | 
     | line_buff_0_reg[399][3] | CK ^ -> Q v | SDFFQX1   | 0.276 |   0.391 |   -0.120 | 
     | line_buff_0_reg[399][3] | D v         | SDFFQX1   | 0.000 |   0.391 |   -0.120 | 
     +--------------------------------------------------------------------------------+ 
     Clock Rise Edge                      0.000
     + Source Insertion Delay            -0.257
     = Beginpoint Arrival Time           -0.257
     Other End Path:
     +-------------------------------------------------------------------------------+ 
     |        Instance         |    Arc     |   Cell    | Delay | Arrival | Required | 
     |                         |            |           |       |  Time   |   Time   | 
     |-------------------------+------------+-----------+-------+---------+----------| 
     |                         | clk ^      |           |       |  -0.257 |    0.254 | 
     | CTS_ccl_a_buf_00159     | A ^ -> Y ^ | CLKBUFX20 | 0.069 |  -0.189 |    0.322 | 
     | CTS_ccl_a_buf_00082     | A ^ -> Y ^ | CLKBUFX6  | 0.064 |  -0.125 |    0.386 | 
     | line_buff_0_reg[399][3] | CK ^       | SDFFQX1   | 0.002 |  -0.123 |    0.388 | 
     +-------------------------------------------------------------------------------+ 
Path 121: MET Hold Check with Pin line_buff_0_reg[256][2]/CK 
Endpoint:   line_buff_0_reg[256][2]/D (v) checked with  leading edge of 'clk'
Beginpoint: line_buff_0_reg[256][2]/Q (v) triggered by  leading edge of 'clk'
Path Groups: {reg2reg}
Analysis View: all
Other End Arrival Time         -0.118
+ Hold                          0.005
+ Phase Shift                   0.000
= Required Time                -0.113
  Arrival Time                  0.398
  Slack Time                    0.511
     Clock Rise Edge                      0.000
     + Source Insertion Delay            -0.257
     = Beginpoint Arrival Time           -0.257
     Timing Path:
     +--------------------------------------------------------------------------------+ 
     |        Instance         |     Arc     |   Cell    | Delay | Arrival | Required | 
     |                         |             |           |       |  Time   |   Time   | 
     |-------------------------+-------------+-----------+-------+---------+----------| 
     |                         | clk ^       |           |       |  -0.257 |   -0.768 | 
     | CTS_ccl_a_buf_00159     | A ^ -> Y ^  | CLKBUFX20 | 0.176 |  -0.082 |   -0.593 | 
     | CTS_ccl_a_buf_00132     | A ^ -> Y ^  | CLKBUFX6  | 0.200 |   0.118 |   -0.393 | 
     | line_buff_0_reg[256][2] | CK ^ -> Q v | SDFFQX1   | 0.280 |   0.398 |   -0.113 | 
     | line_buff_0_reg[256][2] | D v         | SDFFQX1   | 0.000 |   0.398 |   -0.113 | 
     +--------------------------------------------------------------------------------+ 
     Clock Rise Edge                      0.000
     + Source Insertion Delay            -0.257
     = Beginpoint Arrival Time           -0.257
     Other End Path:
     +-------------------------------------------------------------------------------+ 
     |        Instance         |    Arc     |   Cell    | Delay | Arrival | Required | 
     |                         |            |           |       |  Time   |   Time   | 
     |-------------------------+------------+-----------+-------+---------+----------| 
     |                         | clk ^      |           |       |  -0.257 |    0.254 | 
     | CTS_ccl_a_buf_00159     | A ^ -> Y ^ | CLKBUFX20 | 0.069 |  -0.189 |    0.322 | 
     | CTS_ccl_a_buf_00132     | A ^ -> Y ^ | CLKBUFX6  | 0.067 |  -0.122 |    0.389 | 
     | line_buff_0_reg[256][2] | CK ^       | SDFFQX1   | 0.004 |  -0.118 |    0.393 | 
     +-------------------------------------------------------------------------------+ 
Path 122: MET Hold Check with Pin line_buff_0_reg[256][1]/CK 
Endpoint:   line_buff_0_reg[256][1]/D (v) checked with  leading edge of 'clk'
Beginpoint: line_buff_0_reg[256][1]/Q (v) triggered by  leading edge of 'clk'
Path Groups: {reg2reg}
Analysis View: all
Other End Arrival Time         -0.118
+ Hold                          0.005
+ Phase Shift                   0.000
= Required Time                -0.113
  Arrival Time                  0.398
  Slack Time                    0.511
     Clock Rise Edge                      0.000
     + Source Insertion Delay            -0.257
     = Beginpoint Arrival Time           -0.257
     Timing Path:
     +--------------------------------------------------------------------------------+ 
     |        Instance         |     Arc     |   Cell    | Delay | Arrival | Required | 
     |                         |             |           |       |  Time   |   Time   | 
     |-------------------------+-------------+-----------+-------+---------+----------| 
     |                         | clk ^       |           |       |  -0.257 |   -0.768 | 
     | CTS_ccl_a_buf_00159     | A ^ -> Y ^  | CLKBUFX20 | 0.176 |  -0.082 |   -0.593 | 
     | CTS_ccl_a_buf_00132     | A ^ -> Y ^  | CLKBUFX6  | 0.200 |   0.118 |   -0.393 | 
     | line_buff_0_reg[256][1] | CK ^ -> Q v | SDFFQX1   | 0.280 |   0.398 |   -0.113 | 
     | line_buff_0_reg[256][1] | D v         | SDFFQX1   | 0.000 |   0.398 |   -0.113 | 
     +--------------------------------------------------------------------------------+ 
     Clock Rise Edge                      0.000
     + Source Insertion Delay            -0.257
     = Beginpoint Arrival Time           -0.257
     Other End Path:
     +-------------------------------------------------------------------------------+ 
     |        Instance         |    Arc     |   Cell    | Delay | Arrival | Required | 
     |                         |            |           |       |  Time   |   Time   | 
     |-------------------------+------------+-----------+-------+---------+----------| 
     |                         | clk ^      |           |       |  -0.257 |    0.254 | 
     | CTS_ccl_a_buf_00159     | A ^ -> Y ^ | CLKBUFX20 | 0.069 |  -0.189 |    0.322 | 
     | CTS_ccl_a_buf_00132     | A ^ -> Y ^ | CLKBUFX6  | 0.067 |  -0.122 |    0.389 | 
     | line_buff_0_reg[256][1] | CK ^       | SDFFQX1   | 0.004 |  -0.118 |    0.393 | 
     +-------------------------------------------------------------------------------+ 
Path 123: MET Hold Check with Pin line_buff_0_reg[377][2]/CK 
Endpoint:   line_buff_0_reg[377][2]/D (v) checked with  leading edge of 'clk'
Beginpoint: line_buff_0_reg[377][2]/Q (v) triggered by  leading edge of 'clk'
Path Groups: {reg2reg}
Analysis View: all
Other End Arrival Time         -0.120
+ Hold                          0.003
+ Phase Shift                   0.000
= Required Time                -0.117
  Arrival Time                  0.394
  Slack Time                    0.511
     Clock Rise Edge                      0.000
     + Source Insertion Delay            -0.257
     = Beginpoint Arrival Time           -0.257
     Timing Path:
     +--------------------------------------------------------------------------------+ 
     |        Instance         |     Arc     |   Cell    | Delay | Arrival | Required | 
     |                         |             |           |       |  Time   |   Time   | 
     |-------------------------+-------------+-----------+-------+---------+----------| 
     |                         | clk ^       |           |       |  -0.257 |   -0.769 | 
     | CTS_ccl_a_buf_00159     | A ^ -> Y ^  | CLKBUFX20 | 0.176 |  -0.082 |   -0.593 | 
     | CTS_ccl_a_buf_00090     | A ^ -> Y ^  | CLKBUFX6  | 0.199 |   0.117 |   -0.394 | 
     | line_buff_0_reg[377][2] | CK ^ -> Q v | SDFFQX1   | 0.277 |   0.394 |   -0.117 | 
     | line_buff_0_reg[377][2] | D v         | SDFFQX1   | 0.000 |   0.394 |   -0.117 | 
     +--------------------------------------------------------------------------------+ 
     Clock Rise Edge                      0.000
     + Source Insertion Delay            -0.257
     = Beginpoint Arrival Time           -0.257
     Other End Path:
     +-------------------------------------------------------------------------------+ 
     |        Instance         |    Arc     |   Cell    | Delay | Arrival | Required | 
     |                         |            |           |       |  Time   |   Time   | 
     |-------------------------+------------+-----------+-------+---------+----------| 
     |                         | clk ^      |           |       |  -0.257 |    0.254 | 
     | CTS_ccl_a_buf_00159     | A ^ -> Y ^ | CLKBUFX20 | 0.069 |  -0.189 |    0.322 | 
     | CTS_ccl_a_buf_00090     | A ^ -> Y ^ | CLKBUFX6  | 0.067 |  -0.122 |    0.389 | 
     | line_buff_0_reg[377][2] | CK ^       | SDFFQX1   | 0.002 |  -0.120 |    0.391 | 
     +-------------------------------------------------------------------------------+ 
Path 124: MET Hold Check with Pin line_buff_0_reg[332][2]/CK 
Endpoint:   line_buff_0_reg[332][2]/D (v) checked with  leading edge of 'clk'
Beginpoint: line_buff_0_reg[332][2]/Q (v) triggered by  leading edge of 'clk'
Path Groups: {reg2reg}
Analysis View: all
Other End Arrival Time         -0.118
+ Hold                          0.000
+ Phase Shift                   0.000
= Required Time                -0.117
  Arrival Time                  0.394
  Slack Time                    0.511
     Clock Rise Edge                      0.000
     + Source Insertion Delay            -0.257
     = Beginpoint Arrival Time           -0.257
     Timing Path:
     +--------------------------------------------------------------------------------+ 
     |        Instance         |     Arc     |   Cell    | Delay | Arrival | Required | 
     |                         |             |           |       |  Time   |   Time   | 
     |-------------------------+-------------+-----------+-------+---------+----------| 
     |                         | clk ^       |           |       |  -0.257 |   -0.769 | 
     | CTS_ccl_a_buf_00159     | A ^ -> Y ^  | CLKBUFX20 | 0.176 |  -0.082 |   -0.593 | 
     | CTS_ccl_a_buf_00129     | A ^ -> Y ^  | CLKBUFX8  | 0.197 |   0.115 |   -0.396 | 
     | line_buff_0_reg[332][2] | CK ^ -> Q v | SDFFQX1   | 0.278 |   0.394 |   -0.117 | 
     | line_buff_0_reg[332][2] | D v         | SDFFQX1   | 0.000 |   0.394 |   -0.117 | 
     +--------------------------------------------------------------------------------+ 
     Clock Rise Edge                      0.000
     + Source Insertion Delay            -0.257
     = Beginpoint Arrival Time           -0.257
     Other End Path:
     +-------------------------------------------------------------------------------+ 
     |        Instance         |    Arc     |   Cell    | Delay | Arrival | Required | 
     |                         |            |           |       |  Time   |   Time   | 
     |-------------------------+------------+-----------+-------+---------+----------| 
     |                         | clk ^      |           |       |  -0.257 |    0.254 | 
     | CTS_ccl_a_buf_00159     | A ^ -> Y ^ | CLKBUFX20 | 0.069 |  -0.189 |    0.322 | 
     | CTS_ccl_a_buf_00129     | A ^ -> Y ^ | CLKBUFX8  | 0.061 |  -0.128 |    0.383 | 
     | line_buff_0_reg[332][2] | CK ^       | SDFFQX1   | 0.010 |  -0.118 |    0.394 | 
     +-------------------------------------------------------------------------------+ 
Path 125: MET Hold Check with Pin line_buff_1_reg[736][0]/CK 
Endpoint:   line_buff_1_reg[736][0]/SI (v) checked with  leading edge of 'clk'
Beginpoint: line_buff_1_reg[736][0]/Q  (v) triggered by  leading edge of 'clk'
Path Groups: {reg2reg}
Analysis View: all
Other End Arrival Time         -0.123
+ Hold                          0.001
+ Phase Shift                   0.000
= Required Time                -0.122
  Arrival Time                  0.389
  Slack Time                    0.511
     Clock Rise Edge                      0.000
     + Source Insertion Delay            -0.257
     = Beginpoint Arrival Time           -0.257
     Timing Path:
     +--------------------------------------------------------------------------------+ 
     |        Instance         |     Arc     |   Cell    | Delay | Arrival | Required | 
     |                         |             |           |       |  Time   |   Time   | 
     |-------------------------+-------------+-----------+-------+---------+----------| 
     |                         | clk ^       |           |       |  -0.257 |   -0.769 | 
     | CTS_ccl_a_buf_00159     | A ^ -> Y ^  | CLKBUFX20 | 0.176 |  -0.082 |   -0.593 | 
     | CTS_ccl_a_buf_00082     | A ^ -> Y ^  | CLKBUFX6  | 0.197 |   0.115 |   -0.396 | 
     | line_buff_1_reg[736][0] | CK ^ -> Q v | SDFFQX1   | 0.275 |   0.389 |   -0.122 | 
     | line_buff_1_reg[736][0] | SI v        | SDFFQX1   | 0.000 |   0.389 |   -0.122 | 
     +--------------------------------------------------------------------------------+ 
     Clock Rise Edge                      0.000
     + Source Insertion Delay            -0.257
     = Beginpoint Arrival Time           -0.257
     Other End Path:
     +-------------------------------------------------------------------------------+ 
     |        Instance         |    Arc     |   Cell    | Delay | Arrival | Required | 
     |                         |            |           |       |  Time   |   Time   | 
     |-------------------------+------------+-----------+-------+---------+----------| 
     |                         | clk ^      |           |       |  -0.257 |    0.254 | 
     | CTS_ccl_a_buf_00159     | A ^ -> Y ^ | CLKBUFX20 | 0.069 |  -0.189 |    0.322 | 
     | CTS_ccl_a_buf_00082     | A ^ -> Y ^ | CLKBUFX6  | 0.064 |  -0.125 |    0.387 | 
     | line_buff_1_reg[736][0] | CK ^       | SDFFQX1   | 0.002 |  -0.123 |    0.388 | 
     +-------------------------------------------------------------------------------+ 
Path 126: MET Hold Check with Pin line_buff_1_reg[256][0]/CK 
Endpoint:   line_buff_1_reg[256][0]/D (v) checked with  leading edge of 'clk'
Beginpoint: line_buff_1_reg[256][0]/Q (v) triggered by  leading edge of 'clk'
Path Groups: {reg2reg}
Analysis View: all
Other End Arrival Time         -0.119
+ Hold                          0.005
+ Phase Shift                   0.000
= Required Time                -0.113
  Arrival Time                  0.398
  Slack Time                    0.511
     Clock Rise Edge                      0.000
     + Source Insertion Delay            -0.257
     = Beginpoint Arrival Time           -0.257
     Timing Path:
     +--------------------------------------------------------------------------------+ 
     |        Instance         |     Arc     |   Cell    | Delay | Arrival | Required | 
     |                         |             |           |       |  Time   |   Time   | 
     |-------------------------+-------------+-----------+-------+---------+----------| 
     |                         | clk ^       |           |       |  -0.257 |   -0.769 | 
     | CTS_ccl_a_buf_00159     | A ^ -> Y ^  | CLKBUFX20 | 0.176 |  -0.082 |   -0.593 | 
     | CTS_ccl_a_buf_00132     | A ^ -> Y ^  | CLKBUFX6  | 0.200 |   0.118 |   -0.393 | 
     | line_buff_1_reg[256][0] | CK ^ -> Q v | SDFFQX1   | 0.280 |   0.398 |   -0.113 | 
     | line_buff_1_reg[256][0] | D v         | SDFFQX1   | 0.000 |   0.398 |   -0.113 | 
     +--------------------------------------------------------------------------------+ 
     Clock Rise Edge                      0.000
     + Source Insertion Delay            -0.257
     = Beginpoint Arrival Time           -0.257
     Other End Path:
     +-------------------------------------------------------------------------------+ 
     |        Instance         |    Arc     |   Cell    | Delay | Arrival | Required | 
     |                         |            |           |       |  Time   |   Time   | 
     |-------------------------+------------+-----------+-------+---------+----------| 
     |                         | clk ^      |           |       |  -0.257 |    0.254 | 
     | CTS_ccl_a_buf_00159     | A ^ -> Y ^ | CLKBUFX20 | 0.069 |  -0.189 |    0.322 | 
     | CTS_ccl_a_buf_00132     | A ^ -> Y ^ | CLKBUFX6  | 0.067 |  -0.122 |    0.389 | 
     | line_buff_1_reg[256][0] | CK ^       | SDFFQX1   | 0.004 |  -0.119 |    0.393 | 
     +-------------------------------------------------------------------------------+ 
Path 127: MET Hold Check with Pin line_buff_1_reg[396][1]/CK 
Endpoint:   line_buff_1_reg[396][1]/D (v) checked with  leading edge of 'clk'
Beginpoint: line_buff_1_reg[396][1]/Q (v) triggered by  leading edge of 'clk'
Path Groups: {reg2reg}
Analysis View: all
Other End Arrival Time         -0.123
+ Hold                          0.002
+ Phase Shift                   0.000
= Required Time                -0.120
  Arrival Time                  0.391
  Slack Time                    0.511
     Clock Rise Edge                      0.000
     + Source Insertion Delay            -0.257
     = Beginpoint Arrival Time           -0.257
     Timing Path:
     +--------------------------------------------------------------------------------+ 
     |        Instance         |     Arc     |   Cell    | Delay | Arrival | Required | 
     |                         |             |           |       |  Time   |   Time   | 
     |-------------------------+-------------+-----------+-------+---------+----------| 
     |                         | clk ^       |           |       |  -0.257 |   -0.769 | 
     | CTS_ccl_a_buf_00159     | A ^ -> Y ^  | CLKBUFX20 | 0.176 |  -0.082 |   -0.593 | 
     | CTS_ccl_a_buf_00082     | A ^ -> Y ^  | CLKBUFX6  | 0.197 |   0.115 |   -0.396 | 
     | line_buff_1_reg[396][1] | CK ^ -> Q v | SDFFQX1   | 0.276 |   0.391 |   -0.120 | 
     | line_buff_1_reg[396][1] | D v         | SDFFQX1   | 0.000 |   0.391 |   -0.120 | 
     +--------------------------------------------------------------------------------+ 
     Clock Rise Edge                      0.000
     + Source Insertion Delay            -0.257
     = Beginpoint Arrival Time           -0.257
     Other End Path:
     +-------------------------------------------------------------------------------+ 
     |        Instance         |    Arc     |   Cell    | Delay | Arrival | Required | 
     |                         |            |           |       |  Time   |   Time   | 
     |-------------------------+------------+-----------+-------+---------+----------| 
     |                         | clk ^      |           |       |  -0.257 |    0.254 | 
     | CTS_ccl_a_buf_00159     | A ^ -> Y ^ | CLKBUFX20 | 0.069 |  -0.189 |    0.322 | 
     | CTS_ccl_a_buf_00082     | A ^ -> Y ^ | CLKBUFX6  | 0.064 |  -0.125 |    0.387 | 
     | line_buff_1_reg[396][1] | CK ^       | SDFFQX1   | 0.002 |  -0.123 |    0.389 | 
     +-------------------------------------------------------------------------------+ 
Path 128: MET Hold Check with Pin line_buff_0_reg[336][3]/CK 
Endpoint:   line_buff_0_reg[336][3]/D (v) checked with  leading edge of 'clk'
Beginpoint: line_buff_0_reg[336][3]/Q (v) triggered by  leading edge of 'clk'
Path Groups: {reg2reg}
Analysis View: all
Other End Arrival Time         -0.116
+ Hold                          0.010
+ Phase Shift                   0.000
= Required Time                -0.106
  Arrival Time                  0.405
  Slack Time                    0.511
     Clock Rise Edge                      0.000
     + Source Insertion Delay            -0.257
     = Beginpoint Arrival Time           -0.257
     Timing Path:
     +--------------------------------------------------------------------------------+ 
     |        Instance         |     Arc     |   Cell    | Delay | Arrival | Required | 
     |                         |             |           |       |  Time   |   Time   | 
     |-------------------------+-------------+-----------+-------+---------+----------| 
     |                         | clk ^       |           |       |  -0.257 |   -0.769 | 
     | CTS_ccl_a_buf_00159     | A ^ -> Y ^  | CLKBUFX20 | 0.176 |  -0.082 |   -0.593 | 
     | CTS_ccl_a_buf_00126     | A ^ -> Y ^  | CLKBUFX6  | 0.203 |   0.121 |   -0.390 | 
     | line_buff_0_reg[336][3] | CK ^ -> Q v | SDFFQX1   | 0.284 |   0.405 |   -0.106 | 
     | line_buff_0_reg[336][3] | D v         | SDFFQX1   | 0.000 |   0.405 |   -0.106 | 
     +--------------------------------------------------------------------------------+ 
     Clock Rise Edge                      0.000
     + Source Insertion Delay            -0.257
     = Beginpoint Arrival Time           -0.257
     Other End Path:
     +-------------------------------------------------------------------------------+ 
     |        Instance         |    Arc     |   Cell    | Delay | Arrival | Required | 
     |                         |            |           |       |  Time   |   Time   | 
     |-------------------------+------------+-----------+-------+---------+----------| 
     |                         | clk ^      |           |       |  -0.257 |    0.254 | 
     | CTS_ccl_a_buf_00159     | A ^ -> Y ^ | CLKBUFX20 | 0.069 |  -0.189 |    0.322 | 
     | CTS_ccl_a_buf_00126     | A ^ -> Y ^ | CLKBUFX6  | 0.067 |  -0.121 |    0.390 | 
     | line_buff_0_reg[336][3] | CK ^       | SDFFQX1   | 0.005 |  -0.116 |    0.395 | 
     +-------------------------------------------------------------------------------+ 
Path 129: MET Hold Check with Pin line_buff_1_reg[262][2]/CK 
Endpoint:   line_buff_1_reg[262][2]/D (v) checked with  leading edge of 'clk'
Beginpoint: line_buff_1_reg[262][2]/Q (v) triggered by  leading edge of 'clk'
Path Groups: {reg2reg}
Analysis View: all
Other End Arrival Time         -0.118
+ Hold                          0.005
+ Phase Shift                   0.000
= Required Time                -0.113
  Arrival Time                  0.398
  Slack Time                    0.511
     Clock Rise Edge                      0.000
     + Source Insertion Delay            -0.257
     = Beginpoint Arrival Time           -0.257
     Timing Path:
     +--------------------------------------------------------------------------------+ 
     |        Instance         |     Arc     |   Cell    | Delay | Arrival | Required | 
     |                         |             |           |       |  Time   |   Time   | 
     |-------------------------+-------------+-----------+-------+---------+----------| 
     |                         | clk ^       |           |       |  -0.257 |   -0.769 | 
     | CTS_ccl_a_buf_00159     | A ^ -> Y ^  | CLKBUFX20 | 0.176 |  -0.082 |   -0.593 | 
     | CTS_ccl_a_buf_00132     | A ^ -> Y ^  | CLKBUFX6  | 0.200 |   0.118 |   -0.393 | 
     | line_buff_1_reg[262][2] | CK ^ -> Q v | SDFFQX1   | 0.280 |   0.398 |   -0.113 | 
     | line_buff_1_reg[262][2] | D v         | SDFFQX1   | 0.000 |   0.398 |   -0.113 | 
     +--------------------------------------------------------------------------------+ 
     Clock Rise Edge                      0.000
     + Source Insertion Delay            -0.257
     = Beginpoint Arrival Time           -0.257
     Other End Path:
     +-------------------------------------------------------------------------------+ 
     |        Instance         |    Arc     |   Cell    | Delay | Arrival | Required | 
     |                         |            |           |       |  Time   |   Time   | 
     |-------------------------+------------+-----------+-------+---------+----------| 
     |                         | clk ^      |           |       |  -0.257 |    0.254 | 
     | CTS_ccl_a_buf_00159     | A ^ -> Y ^ | CLKBUFX20 | 0.069 |  -0.189 |    0.322 | 
     | CTS_ccl_a_buf_00132     | A ^ -> Y ^ | CLKBUFX6  | 0.067 |  -0.122 |    0.389 | 
     | line_buff_1_reg[262][2] | CK ^       | SDFFQX1   | 0.004 |  -0.118 |    0.393 | 
     +-------------------------------------------------------------------------------+ 
Path 130: MET Hold Check with Pin line_buff_1_reg[257][5]/CK 
Endpoint:   line_buff_1_reg[257][5]/D (v) checked with  leading edge of 'clk'
Beginpoint: line_buff_1_reg[257][5]/Q (v) triggered by  leading edge of 'clk'
Path Groups: {reg2reg}
Analysis View: all
Other End Arrival Time         -0.119
+ Hold                          0.005
+ Phase Shift                   0.000
= Required Time                -0.113
  Arrival Time                  0.398
  Slack Time                    0.511
     Clock Rise Edge                      0.000
     + Source Insertion Delay            -0.257
     = Beginpoint Arrival Time           -0.257
     Timing Path:
     +--------------------------------------------------------------------------------+ 
     |        Instance         |     Arc     |   Cell    | Delay | Arrival | Required | 
     |                         |             |           |       |  Time   |   Time   | 
     |-------------------------+-------------+-----------+-------+---------+----------| 
     |                         | clk ^       |           |       |  -0.257 |   -0.769 | 
     | CTS_ccl_a_buf_00159     | A ^ -> Y ^  | CLKBUFX20 | 0.176 |  -0.082 |   -0.593 | 
     | CTS_ccl_a_buf_00132     | A ^ -> Y ^  | CLKBUFX6  | 0.200 |   0.118 |   -0.393 | 
     | line_buff_1_reg[257][5] | CK ^ -> Q v | SDFFQX1   | 0.280 |   0.398 |   -0.113 | 
     | line_buff_1_reg[257][5] | D v         | SDFFQX1   | 0.000 |   0.398 |   -0.113 | 
     +--------------------------------------------------------------------------------+ 
     Clock Rise Edge                      0.000
     + Source Insertion Delay            -0.257
     = Beginpoint Arrival Time           -0.257
     Other End Path:
     +-------------------------------------------------------------------------------+ 
     |        Instance         |    Arc     |   Cell    | Delay | Arrival | Required | 
     |                         |            |           |       |  Time   |   Time   | 
     |-------------------------+------------+-----------+-------+---------+----------| 
     |                         | clk ^      |           |       |  -0.257 |    0.254 | 
     | CTS_ccl_a_buf_00159     | A ^ -> Y ^ | CLKBUFX20 | 0.069 |  -0.189 |    0.322 | 
     | CTS_ccl_a_buf_00132     | A ^ -> Y ^ | CLKBUFX6  | 0.067 |  -0.122 |    0.389 | 
     | line_buff_1_reg[257][5] | CK ^       | SDFFQX1   | 0.004 |  -0.119 |    0.393 | 
     +-------------------------------------------------------------------------------+ 
Path 131: MET Hold Check with Pin line_buff_0_reg[332][1]/CK 
Endpoint:   line_buff_0_reg[332][1]/D (v) checked with  leading edge of 'clk'
Beginpoint: line_buff_0_reg[332][1]/Q (v) triggered by  leading edge of 'clk'
Path Groups: {reg2reg}
Analysis View: all
Other End Arrival Time         -0.118
+ Hold                          0.000
+ Phase Shift                   0.000
= Required Time                -0.117
  Arrival Time                  0.394
  Slack Time                    0.511
     Clock Rise Edge                      0.000
     + Source Insertion Delay            -0.257
     = Beginpoint Arrival Time           -0.257
     Timing Path:
     +--------------------------------------------------------------------------------+ 
     |        Instance         |     Arc     |   Cell    | Delay | Arrival | Required | 
     |                         |             |           |       |  Time   |   Time   | 
     |-------------------------+-------------+-----------+-------+---------+----------| 
     |                         | clk ^       |           |       |  -0.257 |   -0.769 | 
     | CTS_ccl_a_buf_00159     | A ^ -> Y ^  | CLKBUFX20 | 0.176 |  -0.082 |   -0.593 | 
     | CTS_ccl_a_buf_00129     | A ^ -> Y ^  | CLKBUFX8  | 0.197 |   0.115 |   -0.396 | 
     | line_buff_0_reg[332][1] | CK ^ -> Q v | SDFFQX1   | 0.278 |   0.394 |   -0.117 | 
     | line_buff_0_reg[332][1] | D v         | SDFFQX1   | 0.000 |   0.394 |   -0.117 | 
     +--------------------------------------------------------------------------------+ 
     Clock Rise Edge                      0.000
     + Source Insertion Delay            -0.257
     = Beginpoint Arrival Time           -0.257
     Other End Path:
     +-------------------------------------------------------------------------------+ 
     |        Instance         |    Arc     |   Cell    | Delay | Arrival | Required | 
     |                         |            |           |       |  Time   |   Time   | 
     |-------------------------+------------+-----------+-------+---------+----------| 
     |                         | clk ^      |           |       |  -0.257 |    0.254 | 
     | CTS_ccl_a_buf_00159     | A ^ -> Y ^ | CLKBUFX20 | 0.069 |  -0.189 |    0.322 | 
     | CTS_ccl_a_buf_00129     | A ^ -> Y ^ | CLKBUFX8  | 0.061 |  -0.128 |    0.383 | 
     | line_buff_0_reg[332][1] | CK ^       | SDFFQX1   | 0.010 |  -0.118 |    0.394 | 
     +-------------------------------------------------------------------------------+ 
Path 132: MET Hold Check with Pin line_buff_0_reg[548][2]/CK 
Endpoint:   line_buff_0_reg[548][2]/D (v) checked with  leading edge of 'clk'
Beginpoint: line_buff_0_reg[548][2]/Q (v) triggered by  leading edge of 'clk'
Path Groups: {reg2reg}
Analysis View: all
Other End Arrival Time         -0.119
+ Hold                          0.007
+ Phase Shift                   0.000
= Required Time                -0.112
  Arrival Time                  0.400
  Slack Time                    0.511
     Clock Rise Edge                      0.000
     + Source Insertion Delay            -0.257
     = Beginpoint Arrival Time           -0.257
     Timing Path:
     +--------------------------------------------------------------------------------+ 
     |        Instance         |     Arc     |   Cell    | Delay | Arrival | Required | 
     |                         |             |           |       |  Time   |   Time   | 
     |-------------------------+-------------+-----------+-------+---------+----------| 
     |                         | clk ^       |           |       |  -0.257 |   -0.769 | 
     | CTS_ccl_a_buf_00159     | A ^ -> Y ^  | CLKBUFX20 | 0.176 |  -0.082 |   -0.593 | 
     | CTS_ccl_a_buf_00099     | A ^ -> Y ^  | CLKBUFX6  | 0.200 |   0.118 |   -0.394 | 
     | line_buff_0_reg[548][2] | CK ^ -> Q v | SDFFQX1   | 0.282 |   0.400 |   -0.112 | 
     | line_buff_0_reg[548][2] | D v         | SDFFQX1   | 0.000 |   0.400 |   -0.112 | 
     +--------------------------------------------------------------------------------+ 
     Clock Rise Edge                      0.000
     + Source Insertion Delay            -0.257
     = Beginpoint Arrival Time           -0.257
     Other End Path:
     +-------------------------------------------------------------------------------+ 
     |        Instance         |    Arc     |   Cell    | Delay | Arrival | Required | 
     |                         |            |           |       |  Time   |   Time   | 
     |-------------------------+------------+-----------+-------+---------+----------| 
     |                         | clk ^      |           |       |  -0.257 |    0.254 | 
     | CTS_ccl_a_buf_00159     | A ^ -> Y ^ | CLKBUFX20 | 0.069 |  -0.189 |    0.322 | 
     | CTS_ccl_a_buf_00099     | A ^ -> Y ^ | CLKBUFX6  | 0.065 |  -0.124 |    0.387 | 
     | line_buff_0_reg[548][2] | CK ^       | SDFFQX1   | 0.005 |  -0.119 |    0.392 | 
     +-------------------------------------------------------------------------------+ 
Path 133: MET Hold Check with Pin line_buff_1_reg[256][1]/CK 
Endpoint:   line_buff_1_reg[256][1]/D (v) checked with  leading edge of 'clk'
Beginpoint: line_buff_1_reg[256][1]/Q (v) triggered by  leading edge of 'clk'
Path Groups: {reg2reg}
Analysis View: all
Other End Arrival Time         -0.118
+ Hold                          0.005
+ Phase Shift                   0.000
= Required Time                -0.113
  Arrival Time                  0.398
  Slack Time                    0.511
     Clock Rise Edge                      0.000
     + Source Insertion Delay            -0.257
     = Beginpoint Arrival Time           -0.257
     Timing Path:
     +--------------------------------------------------------------------------------+ 
     |        Instance         |     Arc     |   Cell    | Delay | Arrival | Required | 
     |                         |             |           |       |  Time   |   Time   | 
     |-------------------------+-------------+-----------+-------+---------+----------| 
     |                         | clk ^       |           |       |  -0.257 |   -0.769 | 
     | CTS_ccl_a_buf_00159     | A ^ -> Y ^  | CLKBUFX20 | 0.176 |  -0.082 |   -0.593 | 
     | CTS_ccl_a_buf_00132     | A ^ -> Y ^  | CLKBUFX6  | 0.200 |   0.118 |   -0.393 | 
     | line_buff_1_reg[256][1] | CK ^ -> Q v | SDFFQX1   | 0.280 |   0.398 |   -0.113 | 
     | line_buff_1_reg[256][1] | D v         | SDFFQX1   | 0.000 |   0.398 |   -0.113 | 
     +--------------------------------------------------------------------------------+ 
     Clock Rise Edge                      0.000
     + Source Insertion Delay            -0.257
     = Beginpoint Arrival Time           -0.257
     Other End Path:
     +-------------------------------------------------------------------------------+ 
     |        Instance         |    Arc     |   Cell    | Delay | Arrival | Required | 
     |                         |            |           |       |  Time   |   Time   | 
     |-------------------------+------------+-----------+-------+---------+----------| 
     |                         | clk ^      |           |       |  -0.257 |    0.254 | 
     | CTS_ccl_a_buf_00159     | A ^ -> Y ^ | CLKBUFX20 | 0.069 |  -0.189 |    0.323 | 
     | CTS_ccl_a_buf_00132     | A ^ -> Y ^ | CLKBUFX6  | 0.067 |  -0.122 |    0.389 | 
     | line_buff_1_reg[256][1] | CK ^       | SDFFQX1   | 0.004 |  -0.118 |    0.393 | 
     +-------------------------------------------------------------------------------+ 
Path 134: MET Hold Check with Pin line_buff_0_reg[301][3]/CK 
Endpoint:   line_buff_0_reg[301][3]/D (v) checked with  leading edge of 'clk'
Beginpoint: line_buff_0_reg[301][3]/Q (v) triggered by  leading edge of 'clk'
Path Groups: {reg2reg}
Analysis View: all
Other End Arrival Time         -0.120
+ Hold                          0.003
+ Phase Shift                   0.000
= Required Time                -0.117
  Arrival Time                  0.394
  Slack Time                    0.511
     Clock Rise Edge                      0.000
     + Source Insertion Delay            -0.257
     = Beginpoint Arrival Time           -0.257
     Timing Path:
     +--------------------------------------------------------------------------------+ 
     |        Instance         |     Arc     |   Cell    | Delay | Arrival | Required | 
     |                         |             |           |       |  Time   |   Time   | 
     |-------------------------+-------------+-----------+-------+---------+----------| 
     |                         | clk ^       |           |       |  -0.257 |   -0.769 | 
     | CTS_ccl_a_buf_00159     | A ^ -> Y ^  | CLKBUFX20 | 0.176 |  -0.082 |   -0.593 | 
     | CTS_ccl_a_buf_00090     | A ^ -> Y ^  | CLKBUFX6  | 0.199 |   0.117 |   -0.394 | 
     | line_buff_0_reg[301][3] | CK ^ -> Q v | SDFFQX1   | 0.277 |   0.394 |   -0.117 | 
     | line_buff_0_reg[301][3] | D v         | SDFFQX1   | 0.000 |   0.394 |   -0.117 | 
     +--------------------------------------------------------------------------------+ 
     Clock Rise Edge                      0.000
     + Source Insertion Delay            -0.257
     = Beginpoint Arrival Time           -0.257
     Other End Path:
     +-------------------------------------------------------------------------------+ 
     |        Instance         |    Arc     |   Cell    | Delay | Arrival | Required | 
     |                         |            |           |       |  Time   |   Time   | 
     |-------------------------+------------+-----------+-------+---------+----------| 
     |                         | clk ^      |           |       |  -0.257 |    0.254 | 
     | CTS_ccl_a_buf_00159     | A ^ -> Y ^ | CLKBUFX20 | 0.069 |  -0.189 |    0.323 | 
     | CTS_ccl_a_buf_00090     | A ^ -> Y ^ | CLKBUFX6  | 0.067 |  -0.122 |    0.390 | 
     | line_buff_0_reg[301][3] | CK ^       | SDFFQX1   | 0.001 |  -0.120 |    0.391 | 
     +-------------------------------------------------------------------------------+ 
Path 135: MET Hold Check with Pin line_buff_0_reg[6][3]/CK 
Endpoint:   line_buff_0_reg[6][3]/D (v) checked with  leading edge of 'clk'
Beginpoint: line_buff_0_reg[6][3]/Q (v) triggered by  leading edge of 'clk'
Path Groups: {reg2reg}
Analysis View: all
Other End Arrival Time         -0.118
+ Hold                          0.009
+ Phase Shift                   0.000
= Required Time                -0.109
  Arrival Time                  0.402
  Slack Time                    0.511
     Clock Rise Edge                      0.000
     + Source Insertion Delay            -0.257
     = Beginpoint Arrival Time           -0.257
     Timing Path:
     +------------------------------------------------------------------------------+ 
     |       Instance        |     Arc     |   Cell    | Delay | Arrival | Required | 
     |                       |             |           |       |  Time   |   Time   | 
     |-----------------------+-------------+-----------+-------+---------+----------| 
     |                       | clk ^       |           |       |  -0.257 |   -0.769 | 
     | CTS_ccl_a_buf_00159   | A ^ -> Y ^  | CLKBUFX20 | 0.176 |  -0.082 |   -0.593 | 
     | CTS_ccl_a_buf_00133   | A ^ -> Y ^  | CLKBUFX6  | 0.203 |   0.121 |   -0.390 | 
     | line_buff_0_reg[6][3] | CK ^ -> Q v | SDFFQX1   | 0.281 |   0.402 |   -0.109 | 
     | line_buff_0_reg[6][3] | D v         | SDFFQX1   | 0.000 |   0.402 |   -0.109 | 
     +------------------------------------------------------------------------------+ 
     Clock Rise Edge                      0.000
     + Source Insertion Delay            -0.257
     = Beginpoint Arrival Time           -0.257
     Other End Path:
     +-----------------------------------------------------------------------------+ 
     |       Instance        |    Arc     |   Cell    | Delay | Arrival | Required | 
     |                       |            |           |       |  Time   |   Time   | 
     |-----------------------+------------+-----------+-------+---------+----------| 
     |                       | clk ^      |           |       |  -0.257 |    0.254 | 
     | CTS_ccl_a_buf_00159   | A ^ -> Y ^ | CLKBUFX20 | 0.069 |  -0.189 |    0.323 | 
     | CTS_ccl_a_buf_00133   | A ^ -> Y ^ | CLKBUFX6  | 0.068 |  -0.121 |    0.390 | 
     | line_buff_0_reg[6][3] | CK ^       | SDFFQX1   | 0.003 |  -0.118 |    0.393 | 
     +-----------------------------------------------------------------------------+ 
Path 136: MET Hold Check with Pin line_buff_0_reg[741][3]/CK 
Endpoint:   line_buff_0_reg[741][3]/SI (v) checked with  leading edge of 'clk'
Beginpoint: line_buff_0_reg[741][3]/Q  (v) triggered by  leading edge of 'clk'
Path Groups: {reg2reg}
Analysis View: all
Other End Arrival Time         -0.123
+ Hold                          0.001
+ Phase Shift                   0.000
= Required Time                -0.122
  Arrival Time                  0.389
  Slack Time                    0.511
     Clock Rise Edge                      0.000
     + Source Insertion Delay            -0.257
     = Beginpoint Arrival Time           -0.257
     Timing Path:
     +--------------------------------------------------------------------------------+ 
     |        Instance         |     Arc     |   Cell    | Delay | Arrival | Required | 
     |                         |             |           |       |  Time   |   Time   | 
     |-------------------------+-------------+-----------+-------+---------+----------| 
     |                         | clk ^       |           |       |  -0.257 |   -0.769 | 
     | CTS_ccl_a_buf_00159     | A ^ -> Y ^  | CLKBUFX20 | 0.176 |  -0.082 |   -0.593 | 
     | CTS_ccl_a_buf_00082     | A ^ -> Y ^  | CLKBUFX6  | 0.197 |   0.115 |   -0.397 | 
     | line_buff_0_reg[741][3] | CK ^ -> Q v | SDFFQX1   | 0.275 |   0.389 |   -0.122 | 
     | line_buff_0_reg[741][3] | SI v        | SDFFQX1   | 0.000 |   0.389 |   -0.122 | 
     +--------------------------------------------------------------------------------+ 
     Clock Rise Edge                      0.000
     + Source Insertion Delay            -0.257
     = Beginpoint Arrival Time           -0.257
     Other End Path:
     +-------------------------------------------------------------------------------+ 
     |        Instance         |    Arc     |   Cell    | Delay | Arrival | Required | 
     |                         |            |           |       |  Time   |   Time   | 
     |-------------------------+------------+-----------+-------+---------+----------| 
     |                         | clk ^      |           |       |  -0.257 |    0.254 | 
     | CTS_ccl_a_buf_00159     | A ^ -> Y ^ | CLKBUFX20 | 0.069 |  -0.189 |    0.323 | 
     | CTS_ccl_a_buf_00082     | A ^ -> Y ^ | CLKBUFX6  | 0.064 |  -0.125 |    0.387 | 
     | line_buff_0_reg[741][3] | CK ^       | SDFFQX1   | 0.001 |  -0.123 |    0.388 | 
     +-------------------------------------------------------------------------------+ 
Path 137: MET Hold Check with Pin line_buff_1_reg[258][5]/CK 
Endpoint:   line_buff_1_reg[258][5]/D (v) checked with  leading edge of 'clk'
Beginpoint: line_buff_1_reg[258][5]/Q (v) triggered by  leading edge of 'clk'
Path Groups: {reg2reg}
Analysis View: all
Other End Arrival Time         -0.119
+ Hold                          0.005
+ Phase Shift                   0.000
= Required Time                -0.114
  Arrival Time                  0.398
  Slack Time                    0.511
     Clock Rise Edge                      0.000
     + Source Insertion Delay            -0.257
     = Beginpoint Arrival Time           -0.257
     Timing Path:
     +--------------------------------------------------------------------------------+ 
     |        Instance         |     Arc     |   Cell    | Delay | Arrival | Required | 
     |                         |             |           |       |  Time   |   Time   | 
     |-------------------------+-------------+-----------+-------+---------+----------| 
     |                         | clk ^       |           |       |  -0.257 |   -0.769 | 
     | CTS_ccl_a_buf_00159     | A ^ -> Y ^  | CLKBUFX20 | 0.176 |  -0.082 |   -0.593 | 
     | CTS_ccl_a_buf_00132     | A ^ -> Y ^  | CLKBUFX6  | 0.200 |   0.118 |   -0.393 | 
     | line_buff_1_reg[258][5] | CK ^ -> Q v | SDFFQX1   | 0.280 |   0.398 |   -0.114 | 
     | line_buff_1_reg[258][5] | D v         | SDFFQX1   | 0.000 |   0.398 |   -0.114 | 
     +--------------------------------------------------------------------------------+ 
     Clock Rise Edge                      0.000
     + Source Insertion Delay            -0.257
     = Beginpoint Arrival Time           -0.257
     Other End Path:
     +-------------------------------------------------------------------------------+ 
     |        Instance         |    Arc     |   Cell    | Delay | Arrival | Required | 
     |                         |            |           |       |  Time   |   Time   | 
     |-------------------------+------------+-----------+-------+---------+----------| 
     |                         | clk ^      |           |       |  -0.257 |    0.254 | 
     | CTS_ccl_a_buf_00159     | A ^ -> Y ^ | CLKBUFX20 | 0.069 |  -0.189 |    0.323 | 
     | CTS_ccl_a_buf_00132     | A ^ -> Y ^ | CLKBUFX6  | 0.067 |  -0.122 |    0.389 | 
     | line_buff_1_reg[258][5] | CK ^       | SDFFQX1   | 0.003 |  -0.119 |    0.393 | 
     +-------------------------------------------------------------------------------+ 
Path 138: MET Hold Check with Pin line_buff_1_reg[0][3]/CK 
Endpoint:   line_buff_1_reg[0][3]/D (v) checked with  leading edge of 'clk'
Beginpoint: line_buff_1_reg[0][3]/Q (v) triggered by  leading edge of 'clk'
Path Groups: {reg2reg}
Analysis View: all
Other End Arrival Time         -0.117
+ Hold                          0.009
+ Phase Shift                   0.000
= Required Time                -0.108
  Arrival Time                  0.403
  Slack Time                    0.511
     Clock Rise Edge                      0.000
     + Source Insertion Delay            -0.257
     = Beginpoint Arrival Time           -0.257
     Timing Path:
     +------------------------------------------------------------------------------+ 
     |       Instance        |     Arc     |   Cell    | Delay | Arrival | Required | 
     |                       |             |           |       |  Time   |   Time   | 
     |-----------------------+-------------+-----------+-------+---------+----------| 
     |                       | clk ^       |           |       |  -0.257 |   -0.769 | 
     | CTS_ccl_a_buf_00159   | A ^ -> Y ^  | CLKBUFX20 | 0.176 |  -0.082 |   -0.593 | 
     | CTS_ccl_a_buf_00133   | A ^ -> Y ^  | CLKBUFX6  | 0.203 |   0.121 |   -0.390 | 
     | line_buff_1_reg[0][3] | CK ^ -> Q v | SDFFQX1   | 0.282 |   0.403 |   -0.108 | 
     | line_buff_1_reg[0][3] | D v         | SDFFQX1   | 0.000 |   0.403 |   -0.108 | 
     +------------------------------------------------------------------------------+ 
     Clock Rise Edge                      0.000
     + Source Insertion Delay            -0.257
     = Beginpoint Arrival Time           -0.257
     Other End Path:
     +-----------------------------------------------------------------------------+ 
     |       Instance        |    Arc     |   Cell    | Delay | Arrival | Required | 
     |                       |            |           |       |  Time   |   Time   | 
     |-----------------------+------------+-----------+-------+---------+----------| 
     |                       | clk ^      |           |       |  -0.257 |    0.254 | 
     | CTS_ccl_a_buf_00159   | A ^ -> Y ^ | CLKBUFX20 | 0.069 |  -0.189 |    0.323 | 
     | CTS_ccl_a_buf_00133   | A ^ -> Y ^ | CLKBUFX6  | 0.068 |  -0.121 |    0.390 | 
     | line_buff_1_reg[0][3] | CK ^       | SDFFQX1   | 0.004 |  -0.117 |    0.394 | 
     +-----------------------------------------------------------------------------+ 
Path 139: MET Hold Check with Pin line_buff_0_reg[590][1]/CK 
Endpoint:   line_buff_0_reg[590][1]/D (v) checked with  leading edge of 'clk'
Beginpoint: line_buff_0_reg[590][1]/Q (v) triggered by  leading edge of 'clk'
Path Groups: {reg2reg}
Analysis View: all
Other End Arrival Time         -0.120
+ Hold                          0.005
+ Phase Shift                   0.000
= Required Time                -0.115
  Arrival Time                  0.396
  Slack Time                    0.511
     Clock Rise Edge                      0.000
     + Source Insertion Delay            -0.257
     = Beginpoint Arrival Time           -0.257
     Timing Path:
     +--------------------------------------------------------------------------------+ 
     |        Instance         |     Arc     |   Cell    | Delay | Arrival | Required | 
     |                         |             |           |       |  Time   |   Time   | 
     |-------------------------+-------------+-----------+-------+---------+----------| 
     |                         | clk ^       |           |       |  -0.257 |   -0.769 | 
     | CTS_ccl_a_buf_00159     | A ^ -> Y ^  | CLKBUFX20 | 0.176 |  -0.082 |   -0.593 | 
     | CTS_ccl_a_buf_00080     | A ^ -> Y ^  | CLKBUFX6  | 0.200 |   0.118 |   -0.393 | 
     | line_buff_0_reg[590][1] | CK ^ -> Q v | SDFFQX1   | 0.278 |   0.396 |   -0.115 | 
     | line_buff_0_reg[590][1] | D v         | SDFFQX1   | 0.000 |   0.396 |   -0.115 | 
     +--------------------------------------------------------------------------------+ 
     Clock Rise Edge                      0.000
     + Source Insertion Delay            -0.257
     = Beginpoint Arrival Time           -0.257
     Other End Path:
     +-------------------------------------------------------------------------------+ 
     |        Instance         |    Arc     |   Cell    | Delay | Arrival | Required | 
     |                         |            |           |       |  Time   |   Time   | 
     |-------------------------+------------+-----------+-------+---------+----------| 
     |                         | clk ^      |           |       |  -0.257 |    0.254 | 
     | CTS_ccl_a_buf_00159     | A ^ -> Y ^ | CLKBUFX20 | 0.069 |  -0.189 |    0.323 | 
     | CTS_ccl_a_buf_00080     | A ^ -> Y ^ | CLKBUFX6  | 0.067 |  -0.122 |    0.390 | 
     | line_buff_0_reg[590][1] | CK ^       | SDFFQX1   | 0.002 |  -0.120 |    0.391 | 
     +-------------------------------------------------------------------------------+ 
Path 140: MET Hold Check with Pin line_buff_1_reg[260][0]/CK 
Endpoint:   line_buff_1_reg[260][0]/D (v) checked with  leading edge of 'clk'
Beginpoint: line_buff_1_reg[260][0]/Q (v) triggered by  leading edge of 'clk'
Path Groups: {reg2reg}
Analysis View: all
Other End Arrival Time         -0.119
+ Hold                          0.005
+ Phase Shift                   0.000
= Required Time                -0.113
  Arrival Time                  0.398
  Slack Time                    0.511
     Clock Rise Edge                      0.000
     + Source Insertion Delay            -0.257
     = Beginpoint Arrival Time           -0.257
     Timing Path:
     +--------------------------------------------------------------------------------+ 
     |        Instance         |     Arc     |   Cell    | Delay | Arrival | Required | 
     |                         |             |           |       |  Time   |   Time   | 
     |-------------------------+-------------+-----------+-------+---------+----------| 
     |                         | clk ^       |           |       |  -0.257 |   -0.769 | 
     | CTS_ccl_a_buf_00159     | A ^ -> Y ^  | CLKBUFX20 | 0.176 |  -0.082 |   -0.593 | 
     | CTS_ccl_a_buf_00132     | A ^ -> Y ^  | CLKBUFX6  | 0.200 |   0.118 |   -0.393 | 
     | line_buff_1_reg[260][0] | CK ^ -> Q v | SDFFQX1   | 0.280 |   0.398 |   -0.113 | 
     | line_buff_1_reg[260][0] | D v         | SDFFQX1   | 0.000 |   0.398 |   -0.113 | 
     +--------------------------------------------------------------------------------+ 
     Clock Rise Edge                      0.000
     + Source Insertion Delay            -0.257
     = Beginpoint Arrival Time           -0.257
     Other End Path:
     +-------------------------------------------------------------------------------+ 
     |        Instance         |    Arc     |   Cell    | Delay | Arrival | Required | 
     |                         |            |           |       |  Time   |   Time   | 
     |-------------------------+------------+-----------+-------+---------+----------| 
     |                         | clk ^      |           |       |  -0.257 |    0.254 | 
     | CTS_ccl_a_buf_00159     | A ^ -> Y ^ | CLKBUFX20 | 0.069 |  -0.189 |    0.323 | 
     | CTS_ccl_a_buf_00132     | A ^ -> Y ^ | CLKBUFX6  | 0.067 |  -0.122 |    0.389 | 
     | line_buff_1_reg[260][0] | CK ^       | SDFFQX1   | 0.004 |  -0.119 |    0.393 | 
     +-------------------------------------------------------------------------------+ 
Path 141: MET Hold Check with Pin line_buff_0_reg[350][3]/CK 
Endpoint:   line_buff_0_reg[350][3]/D (v) checked with  leading edge of 'clk'
Beginpoint: line_buff_0_reg[350][3]/Q (v) triggered by  leading edge of 'clk'
Path Groups: {reg2reg}
Analysis View: all
Other End Arrival Time         -0.117
+ Hold                          0.002
+ Phase Shift                   0.000
= Required Time                -0.116
  Arrival Time                  0.396
  Slack Time                    0.511
     Clock Rise Edge                      0.000
     + Source Insertion Delay            -0.257
     = Beginpoint Arrival Time           -0.257
     Timing Path:
     +--------------------------------------------------------------------------------+ 
     |        Instance         |     Arc     |   Cell    | Delay | Arrival | Required | 
     |                         |             |           |       |  Time   |   Time   | 
     |-------------------------+-------------+-----------+-------+---------+----------| 
     |                         | clk ^       |           |       |  -0.257 |   -0.769 | 
     | CTS_ccl_a_buf_00159     | A ^ -> Y ^  | CLKBUFX20 | 0.176 |  -0.082 |   -0.593 | 
     | CTS_ccl_a_buf_00125     | A ^ -> Y ^  | CLKBUFX8  | 0.201 |   0.119 |   -0.393 | 
     | line_buff_0_reg[350][3] | CK ^ -> Q v | SDFFQX1   | 0.277 |   0.396 |   -0.116 | 
     | line_buff_0_reg[350][3] | D v         | SDFFQX1   | 0.000 |   0.396 |   -0.116 | 
     +--------------------------------------------------------------------------------+ 
     Clock Rise Edge                      0.000
     + Source Insertion Delay            -0.257
     = Beginpoint Arrival Time           -0.257
     Other End Path:
     +-------------------------------------------------------------------------------+ 
     |        Instance         |    Arc     |   Cell    | Delay | Arrival | Required | 
     |                         |            |           |       |  Time   |   Time   | 
     |-------------------------+------------+-----------+-------+---------+----------| 
     |                         | clk ^      |           |       |  -0.257 |    0.254 | 
     | CTS_ccl_a_buf_00159     | A ^ -> Y ^ | CLKBUFX20 | 0.069 |  -0.189 |    0.323 | 
     | CTS_ccl_a_buf_00125     | A ^ -> Y ^ | CLKBUFX8  | 0.064 |  -0.125 |    0.386 | 
     | line_buff_0_reg[350][3] | CK ^       | SDFFQX1   | 0.008 |  -0.117 |    0.394 | 
     +-------------------------------------------------------------------------------+ 
Path 142: MET Hold Check with Pin line_buff_1_reg[545][3]/CK 
Endpoint:   line_buff_1_reg[545][3]/D (v) checked with  leading edge of 'clk'
Beginpoint: line_buff_1_reg[545][3]/Q (v) triggered by  leading edge of 'clk'
Path Groups: {reg2reg}
Analysis View: all
Other End Arrival Time         -0.118
+ Hold                          0.007
+ Phase Shift                   0.000
= Required Time                -0.111
  Arrival Time                  0.400
  Slack Time                    0.511
     Clock Rise Edge                      0.000
     + Source Insertion Delay            -0.257
     = Beginpoint Arrival Time           -0.257
     Timing Path:
     +--------------------------------------------------------------------------------+ 
     |        Instance         |     Arc     |   Cell    | Delay | Arrival | Required | 
     |                         |             |           |       |  Time   |   Time   | 
     |-------------------------+-------------+-----------+-------+---------+----------| 
     |                         | clk ^       |           |       |  -0.257 |   -0.769 | 
     | CTS_ccl_a_buf_00159     | A ^ -> Y ^  | CLKBUFX20 | 0.176 |  -0.082 |   -0.593 | 
     | CTS_ccl_a_buf_00099     | A ^ -> Y ^  | CLKBUFX6  | 0.200 |   0.118 |   -0.394 | 
     | line_buff_1_reg[545][3] | CK ^ -> Q v | SDFFQX1   | 0.283 |   0.400 |   -0.111 | 
     | line_buff_1_reg[545][3] | D v         | SDFFQX1   | 0.000 |   0.400 |   -0.111 | 
     +--------------------------------------------------------------------------------+ 
     Clock Rise Edge                      0.000
     + Source Insertion Delay            -0.257
     = Beginpoint Arrival Time           -0.257
     Other End Path:
     +-------------------------------------------------------------------------------+ 
     |        Instance         |    Arc     |   Cell    | Delay | Arrival | Required | 
     |                         |            |           |       |  Time   |   Time   | 
     |-------------------------+------------+-----------+-------+---------+----------| 
     |                         | clk ^      |           |       |  -0.257 |    0.254 | 
     | CTS_ccl_a_buf_00159     | A ^ -> Y ^ | CLKBUFX20 | 0.069 |  -0.189 |    0.323 | 
     | CTS_ccl_a_buf_00099     | A ^ -> Y ^ | CLKBUFX6  | 0.065 |  -0.124 |    0.388 | 
     | line_buff_1_reg[545][3] | CK ^       | SDFFQX1   | 0.006 |  -0.118 |    0.393 | 
     +-------------------------------------------------------------------------------+ 
Path 143: MET Hold Check with Pin line_buff_1_reg[257][3]/CK 
Endpoint:   line_buff_1_reg[257][3]/D (v) checked with  leading edge of 'clk'
Beginpoint: line_buff_1_reg[257][3]/Q (v) triggered by  leading edge of 'clk'
Path Groups: {reg2reg}
Analysis View: all
Other End Arrival Time         -0.118
+ Hold                          0.005
+ Phase Shift                   0.000
= Required Time                -0.113
  Arrival Time                  0.398
  Slack Time                    0.511
     Clock Rise Edge                      0.000
     + Source Insertion Delay            -0.257
     = Beginpoint Arrival Time           -0.257
     Timing Path:
     +--------------------------------------------------------------------------------+ 
     |        Instance         |     Arc     |   Cell    | Delay | Arrival | Required | 
     |                         |             |           |       |  Time   |   Time   | 
     |-------------------------+-------------+-----------+-------+---------+----------| 
     |                         | clk ^       |           |       |  -0.257 |   -0.769 | 
     | CTS_ccl_a_buf_00159     | A ^ -> Y ^  | CLKBUFX20 | 0.176 |  -0.082 |   -0.593 | 
     | CTS_ccl_a_buf_00132     | A ^ -> Y ^  | CLKBUFX6  | 0.200 |   0.118 |   -0.393 | 
     | line_buff_1_reg[257][3] | CK ^ -> Q v | SDFFQX1   | 0.280 |   0.398 |   -0.113 | 
     | line_buff_1_reg[257][3] | D v         | SDFFQX1   | 0.000 |   0.398 |   -0.113 | 
     +--------------------------------------------------------------------------------+ 
     Clock Rise Edge                      0.000
     + Source Insertion Delay            -0.257
     = Beginpoint Arrival Time           -0.257
     Other End Path:
     +-------------------------------------------------------------------------------+ 
     |        Instance         |    Arc     |   Cell    | Delay | Arrival | Required | 
     |                         |            |           |       |  Time   |   Time   | 
     |-------------------------+------------+-----------+-------+---------+----------| 
     |                         | clk ^      |           |       |  -0.257 |    0.254 | 
     | CTS_ccl_a_buf_00159     | A ^ -> Y ^ | CLKBUFX20 | 0.069 |  -0.189 |    0.323 | 
     | CTS_ccl_a_buf_00132     | A ^ -> Y ^ | CLKBUFX6  | 0.067 |  -0.122 |    0.389 | 
     | line_buff_1_reg[257][3] | CK ^       | SDFFQX1   | 0.004 |  -0.118 |    0.393 | 
     +-------------------------------------------------------------------------------+ 
Path 144: MET Hold Check with Pin line_buff_1_reg[383][2]/CK 
Endpoint:   line_buff_1_reg[383][2]/D (v) checked with  leading edge of 'clk'
Beginpoint: line_buff_1_reg[383][2]/Q (v) triggered by  leading edge of 'clk'
Path Groups: {reg2reg}
Analysis View: all
Other End Arrival Time         -0.121
+ Hold                          0.003
+ Phase Shift                   0.000
= Required Time                -0.118
  Arrival Time                  0.394
  Slack Time                    0.511
     Clock Rise Edge                      0.000
     + Source Insertion Delay            -0.257
     = Beginpoint Arrival Time           -0.257
     Timing Path:
     +--------------------------------------------------------------------------------+ 
     |        Instance         |     Arc     |   Cell    | Delay | Arrival | Required | 
     |                         |             |           |       |  Time   |   Time   | 
     |-------------------------+-------------+-----------+-------+---------+----------| 
     |                         | clk ^       |           |       |  -0.257 |   -0.769 | 
     | CTS_ccl_a_buf_00159     | A ^ -> Y ^  | CLKBUFX20 | 0.176 |  -0.082 |   -0.593 | 
     | CTS_ccl_a_buf_00090     | A ^ -> Y ^  | CLKBUFX6  | 0.199 |   0.117 |   -0.394 | 
     | line_buff_1_reg[383][2] | CK ^ -> Q v | SDFFQX1   | 0.277 |   0.394 |   -0.118 | 
     | line_buff_1_reg[383][2] | D v         | SDFFQX1   | 0.000 |   0.394 |   -0.118 | 
     +--------------------------------------------------------------------------------+ 
     Clock Rise Edge                      0.000
     + Source Insertion Delay            -0.257
     = Beginpoint Arrival Time           -0.257
     Other End Path:
     +-------------------------------------------------------------------------------+ 
     |        Instance         |    Arc     |   Cell    | Delay | Arrival | Required | 
     |                         |            |           |       |  Time   |   Time   | 
     |-------------------------+------------+-----------+-------+---------+----------| 
     |                         | clk ^      |           |       |  -0.257 |    0.254 | 
     | CTS_ccl_a_buf_00159     | A ^ -> Y ^ | CLKBUFX20 | 0.069 |  -0.189 |    0.323 | 
     | CTS_ccl_a_buf_00090     | A ^ -> Y ^ | CLKBUFX6  | 0.067 |  -0.122 |    0.390 | 
     | line_buff_1_reg[383][2] | CK ^       | SDFFQX1   | 0.001 |  -0.121 |    0.391 | 
     +-------------------------------------------------------------------------------+ 
Path 145: MET Hold Check with Pin line_buff_0_reg[301][4]/CK 
Endpoint:   line_buff_0_reg[301][4]/D (v) checked with  leading edge of 'clk'
Beginpoint: line_buff_0_reg[301][4]/Q (v) triggered by  leading edge of 'clk'
Path Groups: {reg2reg}
Analysis View: all
Other End Arrival Time         -0.120
+ Hold                          0.003
+ Phase Shift                   0.000
= Required Time                -0.117
  Arrival Time                  0.394
  Slack Time                    0.511
     Clock Rise Edge                      0.000
     + Source Insertion Delay            -0.257
     = Beginpoint Arrival Time           -0.257
     Timing Path:
     +--------------------------------------------------------------------------------+ 
     |        Instance         |     Arc     |   Cell    | Delay | Arrival | Required | 
     |                         |             |           |       |  Time   |   Time   | 
     |-------------------------+-------------+-----------+-------+---------+----------| 
     |                         | clk ^       |           |       |  -0.257 |   -0.769 | 
     | CTS_ccl_a_buf_00159     | A ^ -> Y ^  | CLKBUFX20 | 0.176 |  -0.082 |   -0.593 | 
     | CTS_ccl_a_buf_00090     | A ^ -> Y ^  | CLKBUFX6  | 0.199 |   0.117 |   -0.394 | 
     | line_buff_0_reg[301][4] | CK ^ -> Q v | SDFFQX1   | 0.277 |   0.394 |   -0.117 | 
     | line_buff_0_reg[301][4] | D v         | SDFFQX1   | 0.000 |   0.394 |   -0.117 | 
     +--------------------------------------------------------------------------------+ 
     Clock Rise Edge                      0.000
     + Source Insertion Delay            -0.257
     = Beginpoint Arrival Time           -0.257
     Other End Path:
     +-------------------------------------------------------------------------------+ 
     |        Instance         |    Arc     |   Cell    | Delay | Arrival | Required | 
     |                         |            |           |       |  Time   |   Time   | 
     |-------------------------+------------+-----------+-------+---------+----------| 
     |                         | clk ^      |           |       |  -0.257 |    0.254 | 
     | CTS_ccl_a_buf_00159     | A ^ -> Y ^ | CLKBUFX20 | 0.069 |  -0.189 |    0.323 | 
     | CTS_ccl_a_buf_00090     | A ^ -> Y ^ | CLKBUFX6  | 0.067 |  -0.122 |    0.390 | 
     | line_buff_0_reg[301][4] | CK ^       | SDFFQX1   | 0.001 |  -0.120 |    0.391 | 
     +-------------------------------------------------------------------------------+ 
Path 146: MET Hold Check with Pin line_buff_1_reg[333][5]/CK 
Endpoint:   line_buff_1_reg[333][5]/D (v) checked with  leading edge of 'clk'
Beginpoint: line_buff_1_reg[333][5]/Q (v) triggered by  leading edge of 'clk'
Path Groups: {reg2reg}
Analysis View: all
Other End Arrival Time         -0.118
+ Hold                          0.000
+ Phase Shift                   0.000
= Required Time                -0.118
  Arrival Time                  0.394
  Slack Time                    0.511
     Clock Rise Edge                      0.000
     + Source Insertion Delay            -0.257
     = Beginpoint Arrival Time           -0.257
     Timing Path:
     +--------------------------------------------------------------------------------+ 
     |        Instance         |     Arc     |   Cell    | Delay | Arrival | Required | 
     |                         |             |           |       |  Time   |   Time   | 
     |-------------------------+-------------+-----------+-------+---------+----------| 
     |                         | clk ^       |           |       |  -0.257 |   -0.769 | 
     | CTS_ccl_a_buf_00159     | A ^ -> Y ^  | CLKBUFX20 | 0.176 |  -0.082 |   -0.593 | 
     | CTS_ccl_a_buf_00129     | A ^ -> Y ^  | CLKBUFX8  | 0.197 |   0.115 |   -0.396 | 
     | line_buff_1_reg[333][5] | CK ^ -> Q v | SDFFQX1   | 0.278 |   0.394 |   -0.118 | 
     | line_buff_1_reg[333][5] | D v         | SDFFQX1   | 0.000 |   0.394 |   -0.118 | 
     +--------------------------------------------------------------------------------+ 
     Clock Rise Edge                      0.000
     + Source Insertion Delay            -0.257
     = Beginpoint Arrival Time           -0.257
     Other End Path:
     +-------------------------------------------------------------------------------+ 
     |        Instance         |    Arc     |   Cell    | Delay | Arrival | Required | 
     |                         |            |           |       |  Time   |   Time   | 
     |-------------------------+------------+-----------+-------+---------+----------| 
     |                         | clk ^      |           |       |  -0.257 |    0.254 | 
     | CTS_ccl_a_buf_00159     | A ^ -> Y ^ | CLKBUFX20 | 0.069 |  -0.189 |    0.323 | 
     | CTS_ccl_a_buf_00129     | A ^ -> Y ^ | CLKBUFX8  | 0.061 |  -0.128 |    0.383 | 
     | line_buff_1_reg[333][5] | CK ^       | SDFFQX1   | 0.010 |  -0.118 |    0.394 | 
     +-------------------------------------------------------------------------------+ 
Path 147: MET Hold Check with Pin line_buff_1_reg[260][2]/CK 
Endpoint:   line_buff_1_reg[260][2]/D (v) checked with  leading edge of 'clk'
Beginpoint: line_buff_1_reg[260][2]/Q (v) triggered by  leading edge of 'clk'
Path Groups: {reg2reg}
Analysis View: all
Other End Arrival Time         -0.119
+ Hold                          0.005
+ Phase Shift                   0.000
= Required Time                -0.113
  Arrival Time                  0.398
  Slack Time                    0.512
     Clock Rise Edge                      0.000
     + Source Insertion Delay            -0.257
     = Beginpoint Arrival Time           -0.257
     Timing Path:
     +--------------------------------------------------------------------------------+ 
     |        Instance         |     Arc     |   Cell    | Delay | Arrival | Required | 
     |                         |             |           |       |  Time   |   Time   | 
     |-------------------------+-------------+-----------+-------+---------+----------| 
     |                         | clk ^       |           |       |  -0.257 |   -0.769 | 
     | CTS_ccl_a_buf_00159     | A ^ -> Y ^  | CLKBUFX20 | 0.176 |  -0.082 |   -0.593 | 
     | CTS_ccl_a_buf_00132     | A ^ -> Y ^  | CLKBUFX6  | 0.200 |   0.118 |   -0.394 | 
     | line_buff_1_reg[260][2] | CK ^ -> Q v | SDFFQX1   | 0.280 |   0.398 |   -0.113 | 
     | line_buff_1_reg[260][2] | D v         | SDFFQX1   | 0.000 |   0.398 |   -0.113 | 
     +--------------------------------------------------------------------------------+ 
     Clock Rise Edge                      0.000
     + Source Insertion Delay            -0.257
     = Beginpoint Arrival Time           -0.257
     Other End Path:
     +-------------------------------------------------------------------------------+ 
     |        Instance         |    Arc     |   Cell    | Delay | Arrival | Required | 
     |                         |            |           |       |  Time   |   Time   | 
     |-------------------------+------------+-----------+-------+---------+----------| 
     |                         | clk ^      |           |       |  -0.257 |    0.254 | 
     | CTS_ccl_a_buf_00159     | A ^ -> Y ^ | CLKBUFX20 | 0.069 |  -0.189 |    0.323 | 
     | CTS_ccl_a_buf_00132     | A ^ -> Y ^ | CLKBUFX6  | 0.067 |  -0.122 |    0.389 | 
     | line_buff_1_reg[260][2] | CK ^       | SDFFQX1   | 0.004 |  -0.119 |    0.393 | 
     +-------------------------------------------------------------------------------+ 
Path 148: MET Hold Check with Pin line_buff_1_reg[286][3]/CK 
Endpoint:   line_buff_1_reg[286][3]/D (v) checked with  leading edge of 'clk'
Beginpoint: line_buff_1_reg[286][3]/Q (v) triggered by  leading edge of 'clk'
Path Groups: {reg2reg}
Analysis View: all
Other End Arrival Time         -0.116
+ Hold                          0.009
+ Phase Shift                   0.000
= Required Time                -0.107
  Arrival Time                  0.405
  Slack Time                    0.512
     Clock Rise Edge                      0.000
     + Source Insertion Delay            -0.257
     = Beginpoint Arrival Time           -0.257
     Timing Path:
     +--------------------------------------------------------------------------------+ 
     |        Instance         |     Arc     |   Cell    | Delay | Arrival | Required | 
     |                         |             |           |       |  Time   |   Time   | 
     |-------------------------+-------------+-----------+-------+---------+----------| 
     |                         | clk ^       |           |       |  -0.257 |   -0.769 | 
     | CTS_ccl_a_buf_00159     | A ^ -> Y ^  | CLKBUFX20 | 0.176 |  -0.082 |   -0.593 | 
     | CTS_ccl_a_buf_00128     | A ^ -> Y ^  | CLKBUFX6  | 0.203 |   0.121 |   -0.391 | 
     | line_buff_1_reg[286][3] | CK ^ -> Q v | SDFFQX1   | 0.284 |   0.405 |   -0.107 | 
     | line_buff_1_reg[286][3] | D v         | SDFFQX1   | 0.000 |   0.405 |   -0.107 | 
     +--------------------------------------------------------------------------------+ 
     Clock Rise Edge                      0.000
     + Source Insertion Delay            -0.257
     = Beginpoint Arrival Time           -0.257
     Other End Path:
     +-------------------------------------------------------------------------------+ 
     |        Instance         |    Arc     |   Cell    | Delay | Arrival | Required | 
     |                         |            |           |       |  Time   |   Time   | 
     |-------------------------+------------+-----------+-------+---------+----------| 
     |                         | clk ^      |           |       |  -0.257 |    0.254 | 
     | CTS_ccl_a_buf_00159     | A ^ -> Y ^ | CLKBUFX20 | 0.069 |  -0.189 |    0.323 | 
     | CTS_ccl_a_buf_00128     | A ^ -> Y ^ | CLKBUFX6  | 0.067 |  -0.122 |    0.390 | 
     | line_buff_1_reg[286][3] | CK ^       | SDFFQX1   | 0.005 |  -0.116 |    0.395 | 
     +-------------------------------------------------------------------------------+ 
Path 149: MET Hold Check with Pin line_buff_0_reg[98][5]/CK 
Endpoint:   line_buff_0_reg[98][5]/D (v) checked with  leading edge of 'clk'
Beginpoint: line_buff_0_reg[98][5]/Q (v) triggered by  leading edge of 'clk'
Path Groups: {reg2reg}
Analysis View: all
Other End Arrival Time         -0.120
+ Hold                          0.007
+ Phase Shift                   0.000
= Required Time                -0.113
  Arrival Time                  0.399
  Slack Time                    0.512
     Clock Rise Edge                      0.000
     + Source Insertion Delay            -0.257
     = Beginpoint Arrival Time           -0.257
     Timing Path:
     +-------------------------------------------------------------------------------+ 
     |        Instance        |     Arc     |   Cell    | Delay | Arrival | Required | 
     |                        |             |           |       |  Time   |   Time   | 
     |------------------------+-------------+-----------+-------+---------+----------| 
     |                        | clk ^       |           |       |  -0.257 |   -0.769 | 
     | CTS_ccl_a_buf_00159    | A ^ -> Y ^  | CLKBUFX20 | 0.176 |  -0.082 |   -0.593 | 
     | CTS_ccl_a_buf_00150    | A ^ -> Y ^  | CLKBUFX6  | 0.201 |   0.119 |   -0.392 | 
     | line_buff_0_reg[98][5] | CK ^ -> Q v | SDFFQX1   | 0.280 |   0.399 |   -0.113 | 
     | line_buff_0_reg[98][5] | D v         | SDFFQX1   | 0.000 |   0.399 |   -0.113 | 
     +-------------------------------------------------------------------------------+ 
     Clock Rise Edge                      0.000
     + Source Insertion Delay            -0.257
     = Beginpoint Arrival Time           -0.257
     Other End Path:
     +------------------------------------------------------------------------------+ 
     |        Instance        |    Arc     |   Cell    | Delay | Arrival | Required | 
     |                        |            |           |       |  Time   |   Time   | 
     |------------------------+------------+-----------+-------+---------+----------| 
     |                        | clk ^      |           |       |  -0.257 |    0.254 | 
     | CTS_ccl_a_buf_00159    | A ^ -> Y ^ | CLKBUFX20 | 0.069 |  -0.189 |    0.323 | 
     | CTS_ccl_a_buf_00150    | A ^ -> Y ^ | CLKBUFX6  | 0.066 |  -0.122 |    0.389 | 
     | line_buff_0_reg[98][5] | CK ^       | SDFFQX1   | 0.002 |  -0.120 |    0.392 | 
     +------------------------------------------------------------------------------+ 
Path 150: MET Hold Check with Pin line_buff_1_reg[328][1]/CK 
Endpoint:   line_buff_1_reg[328][1]/D (v) checked with  leading edge of 'clk'
Beginpoint: line_buff_1_reg[328][1]/Q (v) triggered by  leading edge of 'clk'
Path Groups: {reg2reg}
Analysis View: all
Other End Arrival Time         -0.118
+ Hold                         -0.000
+ Phase Shift                   0.000
= Required Time                -0.118
  Arrival Time                  0.394
  Slack Time                    0.512
     Clock Rise Edge                      0.000
     + Source Insertion Delay            -0.257
     = Beginpoint Arrival Time           -0.257
     Timing Path:
     +--------------------------------------------------------------------------------+ 
     |        Instance         |     Arc     |   Cell    | Delay | Arrival | Required | 
     |                         |             |           |       |  Time   |   Time   | 
     |-------------------------+-------------+-----------+-------+---------+----------| 
     |                         | clk ^       |           |       |  -0.257 |   -0.769 | 
     | CTS_ccl_a_buf_00159     | A ^ -> Y ^  | CLKBUFX20 | 0.176 |  -0.082 |   -0.593 | 
     | CTS_ccl_a_buf_00129     | A ^ -> Y ^  | CLKBUFX8  | 0.197 |   0.115 |   -0.396 | 
     | line_buff_1_reg[328][1] | CK ^ -> Q v | SDFFQX1   | 0.279 |   0.394 |   -0.118 | 
     | line_buff_1_reg[328][1] | D v         | SDFFQX1   | 0.000 |   0.394 |   -0.118 | 
     +--------------------------------------------------------------------------------+ 
     Clock Rise Edge                      0.000
     + Source Insertion Delay            -0.257
     = Beginpoint Arrival Time           -0.257
     Other End Path:
     +-------------------------------------------------------------------------------+ 
     |        Instance         |    Arc     |   Cell    | Delay | Arrival | Required | 
     |                         |            |           |       |  Time   |   Time   | 
     |-------------------------+------------+-----------+-------+---------+----------| 
     |                         | clk ^      |           |       |  -0.257 |    0.254 | 
     | CTS_ccl_a_buf_00159     | A ^ -> Y ^ | CLKBUFX20 | 0.069 |  -0.189 |    0.323 | 
     | CTS_ccl_a_buf_00129     | A ^ -> Y ^ | CLKBUFX8  | 0.061 |  -0.128 |    0.384 | 
     | line_buff_1_reg[328][1] | CK ^       | SDFFQX1   | 0.010 |  -0.118 |    0.394 | 
     +-------------------------------------------------------------------------------+ 
Path 151: MET Hold Check with Pin line_buff_0_reg[284][5]/CK 
Endpoint:   line_buff_0_reg[284][5]/D (v) checked with  leading edge of 'clk'
Beginpoint: line_buff_0_reg[284][5]/Q (v) triggered by  leading edge of 'clk'
Path Groups: {reg2reg}
Analysis View: all
Other End Arrival Time         -0.118
+ Hold                          0.005
+ Phase Shift                   0.000
= Required Time                -0.113
  Arrival Time                  0.398
  Slack Time                    0.512
     Clock Rise Edge                      0.000
     + Source Insertion Delay            -0.257
     = Beginpoint Arrival Time           -0.257
     Timing Path:
     +--------------------------------------------------------------------------------+ 
     |        Instance         |     Arc     |   Cell    | Delay | Arrival | Required | 
     |                         |             |           |       |  Time   |   Time   | 
     |-------------------------+-------------+-----------+-------+---------+----------| 
     |                         | clk ^       |           |       |  -0.257 |   -0.769 | 
     | CTS_ccl_a_buf_00159     | A ^ -> Y ^  | CLKBUFX20 | 0.176 |  -0.082 |   -0.593 | 
     | CTS_ccl_a_buf_00132     | A ^ -> Y ^  | CLKBUFX6  | 0.200 |   0.118 |   -0.394 | 
     | line_buff_0_reg[284][5] | CK ^ -> Q v | SDFFQX1   | 0.281 |   0.398 |   -0.113 | 
     | line_buff_0_reg[284][5] | D v         | SDFFQX1   | 0.000 |   0.398 |   -0.113 | 
     +--------------------------------------------------------------------------------+ 
     Clock Rise Edge                      0.000
     + Source Insertion Delay            -0.257
     = Beginpoint Arrival Time           -0.257
     Other End Path:
     +-------------------------------------------------------------------------------+ 
     |        Instance         |    Arc     |   Cell    | Delay | Arrival | Required | 
     |                         |            |           |       |  Time   |   Time   | 
     |-------------------------+------------+-----------+-------+---------+----------| 
     |                         | clk ^      |           |       |  -0.257 |    0.254 | 
     | CTS_ccl_a_buf_00159     | A ^ -> Y ^ | CLKBUFX20 | 0.069 |  -0.189 |    0.323 | 
     | CTS_ccl_a_buf_00132     | A ^ -> Y ^ | CLKBUFX6  | 0.067 |  -0.122 |    0.389 | 
     | line_buff_0_reg[284][5] | CK ^       | SDFFQX1   | 0.004 |  -0.118 |    0.393 | 
     +-------------------------------------------------------------------------------+ 
Path 152: MET Hold Check with Pin line_buff_0_reg[64][1]/CK 
Endpoint:   line_buff_0_reg[64][1]/D (v) checked with  leading edge of 'clk'
Beginpoint: line_buff_0_reg[64][1]/Q (v) triggered by  leading edge of 'clk'
Path Groups: {reg2reg}
Analysis View: all
Other End Arrival Time         -0.124
+ Hold                         -0.000
+ Phase Shift                   0.000
= Required Time                -0.124
  Arrival Time                  0.387
  Slack Time                    0.512
     Clock Rise Edge                      0.000
     + Source Insertion Delay            -0.257
     = Beginpoint Arrival Time           -0.257
     Timing Path:
     +-------------------------------------------------------------------------------+ 
     |        Instance        |     Arc     |   Cell    | Delay | Arrival | Required | 
     |                        |             |           |       |  Time   |   Time   | 
     |------------------------+-------------+-----------+-------+---------+----------| 
     |                        | clk ^       |           |       |  -0.257 |   -0.769 | 
     | CTS_ccl_a_buf_00159    | A ^ -> Y ^  | CLKBUFX20 | 0.176 |  -0.082 |   -0.593 | 
     | CTS_ccl_a_buf_00086    | A ^ -> Y ^  | CLKBUFX6  | 0.193 |   0.111 |   -0.400 | 
     | line_buff_0_reg[64][1] | CK ^ -> Q v | SDFFQX1   | 0.276 |   0.387 |   -0.124 | 
     | line_buff_0_reg[64][1] | D v         | SDFFQX1   | 0.000 |   0.387 |   -0.124 | 
     +-------------------------------------------------------------------------------+ 
     Clock Rise Edge                      0.000
     + Source Insertion Delay            -0.257
     = Beginpoint Arrival Time           -0.257
     Other End Path:
     +------------------------------------------------------------------------------+ 
     |        Instance        |    Arc     |   Cell    | Delay | Arrival | Required | 
     |                        |            |           |       |  Time   |   Time   | 
     |------------------------+------------+-----------+-------+---------+----------| 
     |                        | clk ^      |           |       |  -0.257 |    0.254 | 
     | CTS_ccl_a_buf_00159    | A ^ -> Y ^ | CLKBUFX20 | 0.069 |  -0.189 |    0.323 | 
     | CTS_ccl_a_buf_00086    | A ^ -> Y ^ | CLKBUFX6  | 0.063 |  -0.126 |    0.386 | 
     | line_buff_0_reg[64][1] | CK ^       | SDFFQX1   | 0.002 |  -0.124 |    0.388 | 
     +------------------------------------------------------------------------------+ 
Path 153: MET Hold Check with Pin line_buff_1_reg[348][2]/CK 
Endpoint:   line_buff_1_reg[348][2]/D (v) checked with  leading edge of 'clk'
Beginpoint: line_buff_1_reg[348][2]/Q (v) triggered by  leading edge of 'clk'
Path Groups: {reg2reg}
Analysis View: all
Other End Arrival Time         -0.119
+ Hold                          0.002
+ Phase Shift                   0.000
= Required Time                -0.117
  Arrival Time                  0.395
  Slack Time                    0.512
     Clock Rise Edge                      0.000
     + Source Insertion Delay            -0.257
     = Beginpoint Arrival Time           -0.257
     Timing Path:
     +--------------------------------------------------------------------------------+ 
     |        Instance         |     Arc     |   Cell    | Delay | Arrival | Required | 
     |                         |             |           |       |  Time   |   Time   | 
     |-------------------------+-------------+-----------+-------+---------+----------| 
     |                         | clk ^       |           |       |  -0.257 |   -0.769 | 
     | CTS_ccl_a_buf_00159     | A ^ -> Y ^  | CLKBUFX20 | 0.176 |  -0.082 |   -0.593 | 
     | CTS_ccl_a_buf_00125     | A ^ -> Y ^  | CLKBUFX8  | 0.201 |   0.119 |   -0.393 | 
     | line_buff_1_reg[348][2] | CK ^ -> Q v | SDFFQX1   | 0.276 |   0.395 |   -0.117 | 
     | line_buff_1_reg[348][2] | D v         | SDFFQX1   | 0.000 |   0.395 |   -0.117 | 
     +--------------------------------------------------------------------------------+ 
     Clock Rise Edge                      0.000
     + Source Insertion Delay            -0.257
     = Beginpoint Arrival Time           -0.257
     Other End Path:
     +-------------------------------------------------------------------------------+ 
     |        Instance         |    Arc     |   Cell    | Delay | Arrival | Required | 
     |                         |            |           |       |  Time   |   Time   | 
     |-------------------------+------------+-----------+-------+---------+----------| 
     |                         | clk ^      |           |       |  -0.257 |    0.254 | 
     | CTS_ccl_a_buf_00159     | A ^ -> Y ^ | CLKBUFX20 | 0.069 |  -0.189 |    0.323 | 
     | CTS_ccl_a_buf_00125     | A ^ -> Y ^ | CLKBUFX8  | 0.064 |  -0.125 |    0.386 | 
     | line_buff_1_reg[348][2] | CK ^       | SDFFQX1   | 0.007 |  -0.119 |    0.393 | 
     +-------------------------------------------------------------------------------+ 
Path 154: MET Hold Check with Pin line_buff_1_reg[12][4]/CK 
Endpoint:   line_buff_1_reg[12][4]/D (v) checked with  leading edge of 'clk'
Beginpoint: line_buff_1_reg[12][4]/Q (v) triggered by  leading edge of 'clk'
Path Groups: {reg2reg}
Analysis View: all
Other End Arrival Time         -0.118
+ Hold                          0.005
+ Phase Shift                   0.000
= Required Time                -0.113
  Arrival Time                  0.398
  Slack Time                    0.512
     Clock Rise Edge                      0.000
     + Source Insertion Delay            -0.257
     = Beginpoint Arrival Time           -0.257
     Timing Path:
     +-------------------------------------------------------------------------------+ 
     |        Instance        |     Arc     |   Cell    | Delay | Arrival | Required | 
     |                        |             |           |       |  Time   |   Time   | 
     |------------------------+-------------+-----------+-------+---------+----------| 
     |                        | clk ^       |           |       |  -0.257 |   -0.769 | 
     | CTS_ccl_a_buf_00159    | A ^ -> Y ^  | CLKBUFX20 | 0.176 |  -0.082 |   -0.593 | 
     | CTS_ccl_a_buf_00132    | A ^ -> Y ^  | CLKBUFX6  | 0.200 |   0.118 |   -0.394 | 
     | line_buff_1_reg[12][4] | CK ^ -> Q v | SDFFQX1   | 0.281 |   0.398 |   -0.113 | 
     | line_buff_1_reg[12][4] | D v         | SDFFQX1   | 0.000 |   0.398 |   -0.113 | 
     +-------------------------------------------------------------------------------+ 
     Clock Rise Edge                      0.000
     + Source Insertion Delay            -0.257
     = Beginpoint Arrival Time           -0.257
     Other End Path:
     +------------------------------------------------------------------------------+ 
     |        Instance        |    Arc     |   Cell    | Delay | Arrival | Required | 
     |                        |            |           |       |  Time   |   Time   | 
     |------------------------+------------+-----------+-------+---------+----------| 
     |                        | clk ^      |           |       |  -0.257 |    0.254 | 
     | CTS_ccl_a_buf_00159    | A ^ -> Y ^ | CLKBUFX20 | 0.069 |  -0.189 |    0.323 | 
     | CTS_ccl_a_buf_00132    | A ^ -> Y ^ | CLKBUFX6  | 0.067 |  -0.122 |    0.389 | 
     | line_buff_1_reg[12][4] | CK ^       | SDFFQX1   | 0.004 |  -0.118 |    0.393 | 
     +------------------------------------------------------------------------------+ 
Path 155: MET Hold Check with Pin line_buff_0_reg[258][2]/CK 
Endpoint:   line_buff_0_reg[258][2]/D (v) checked with  leading edge of 'clk'
Beginpoint: line_buff_0_reg[258][2]/Q (v) triggered by  leading edge of 'clk'
Path Groups: {reg2reg}
Analysis View: all
Other End Arrival Time         -0.118
+ Hold                          0.005
+ Phase Shift                   0.000
= Required Time                -0.113
  Arrival Time                  0.398
  Slack Time                    0.512
     Clock Rise Edge                      0.000
     + Source Insertion Delay            -0.257
     = Beginpoint Arrival Time           -0.257
     Timing Path:
     +--------------------------------------------------------------------------------+ 
     |        Instance         |     Arc     |   Cell    | Delay | Arrival | Required | 
     |                         |             |           |       |  Time   |   Time   | 
     |-------------------------+-------------+-----------+-------+---------+----------| 
     |                         | clk ^       |           |       |  -0.257 |   -0.769 | 
     | CTS_ccl_a_buf_00159     | A ^ -> Y ^  | CLKBUFX20 | 0.176 |  -0.082 |   -0.593 | 
     | CTS_ccl_a_buf_00132     | A ^ -> Y ^  | CLKBUFX6  | 0.200 |   0.118 |   -0.394 | 
     | line_buff_0_reg[258][2] | CK ^ -> Q v | SDFFQX1   | 0.280 |   0.398 |   -0.113 | 
     | line_buff_0_reg[258][2] | D v         | SDFFQX1   | 0.000 |   0.398 |   -0.113 | 
     +--------------------------------------------------------------------------------+ 
     Clock Rise Edge                      0.000
     + Source Insertion Delay            -0.257
     = Beginpoint Arrival Time           -0.257
     Other End Path:
     +-------------------------------------------------------------------------------+ 
     |        Instance         |    Arc     |   Cell    | Delay | Arrival | Required | 
     |                         |            |           |       |  Time   |   Time   | 
     |-------------------------+------------+-----------+-------+---------+----------| 
     |                         | clk ^      |           |       |  -0.257 |    0.254 | 
     | CTS_ccl_a_buf_00159     | A ^ -> Y ^ | CLKBUFX20 | 0.069 |  -0.189 |    0.323 | 
     | CTS_ccl_a_buf_00132     | A ^ -> Y ^ | CLKBUFX6  | 0.067 |  -0.122 |    0.389 | 
     | line_buff_0_reg[258][2] | CK ^       | SDFFQX1   | 0.004 |  -0.118 |    0.393 | 
     +-------------------------------------------------------------------------------+ 
Path 156: MET Hold Check with Pin line_buff_0_reg[0][5]/CK 
Endpoint:   line_buff_0_reg[0][5]/D (v) checked with  leading edge of 'clk'
Beginpoint: line_buff_0_reg[0][5]/Q (v) triggered by  leading edge of 'clk'
Path Groups: {reg2reg}
Analysis View: all
Other End Arrival Time         -0.117
+ Hold                          0.009
+ Phase Shift                   0.000
= Required Time                -0.108
  Arrival Time                  0.403
  Slack Time                    0.512
     Clock Rise Edge                      0.000
     + Source Insertion Delay            -0.257
     = Beginpoint Arrival Time           -0.257
     Timing Path:
     +------------------------------------------------------------------------------+ 
     |       Instance        |     Arc     |   Cell    | Delay | Arrival | Required | 
     |                       |             |           |       |  Time   |   Time   | 
     |-----------------------+-------------+-----------+-------+---------+----------| 
     |                       | clk ^       |           |       |  -0.257 |   -0.769 | 
     | CTS_ccl_a_buf_00159   | A ^ -> Y ^  | CLKBUFX20 | 0.176 |  -0.082 |   -0.594 | 
     | CTS_ccl_a_buf_00133   | A ^ -> Y ^  | CLKBUFX6  | 0.203 |   0.121 |   -0.390 | 
     | line_buff_0_reg[0][5] | CK ^ -> Q v | SDFFQX1   | 0.282 |   0.403 |   -0.108 | 
     | line_buff_0_reg[0][5] | D v         | SDFFQX1   | 0.000 |   0.403 |   -0.108 | 
     +------------------------------------------------------------------------------+ 
     Clock Rise Edge                      0.000
     + Source Insertion Delay            -0.257
     = Beginpoint Arrival Time           -0.257
     Other End Path:
     +-----------------------------------------------------------------------------+ 
     |       Instance        |    Arc     |   Cell    | Delay | Arrival | Required | 
     |                       |            |           |       |  Time   |   Time   | 
     |-----------------------+------------+-----------+-------+---------+----------| 
     |                       | clk ^      |           |       |  -0.257 |    0.254 | 
     | CTS_ccl_a_buf_00159   | A ^ -> Y ^ | CLKBUFX20 | 0.069 |  -0.189 |    0.323 | 
     | CTS_ccl_a_buf_00133   | A ^ -> Y ^ | CLKBUFX6  | 0.068 |  -0.121 |    0.391 | 
     | line_buff_0_reg[0][5] | CK ^       | SDFFQX1   | 0.004 |  -0.117 |    0.395 | 
     +-----------------------------------------------------------------------------+ 
Path 157: MET Hold Check with Pin line_buff_1_reg[263][3]/CK 
Endpoint:   line_buff_1_reg[263][3]/D (v) checked with  leading edge of 'clk'
Beginpoint: line_buff_1_reg[263][3]/Q (v) triggered by  leading edge of 'clk'
Path Groups: {reg2reg}
Analysis View: all
Other End Arrival Time         -0.118
+ Hold                          0.005
+ Phase Shift                   0.000
= Required Time                -0.113
  Arrival Time                  0.399
  Slack Time                    0.512
     Clock Rise Edge                      0.000
     + Source Insertion Delay            -0.257
     = Beginpoint Arrival Time           -0.257
     Timing Path:
     +--------------------------------------------------------------------------------+ 
     |        Instance         |     Arc     |   Cell    | Delay | Arrival | Required | 
     |                         |             |           |       |  Time   |   Time   | 
     |-------------------------+-------------+-----------+-------+---------+----------| 
     |                         | clk ^       |           |       |  -0.257 |   -0.769 | 
     | CTS_ccl_a_buf_00159     | A ^ -> Y ^  | CLKBUFX20 | 0.176 |  -0.082 |   -0.594 | 
     | CTS_ccl_a_buf_00132     | A ^ -> Y ^  | CLKBUFX6  | 0.200 |   0.118 |   -0.394 | 
     | line_buff_1_reg[263][3] | CK ^ -> Q v | SDFFQX1   | 0.281 |   0.399 |   -0.113 | 
     | line_buff_1_reg[263][3] | D v         | SDFFQX1   | 0.000 |   0.399 |   -0.113 | 
     +--------------------------------------------------------------------------------+ 
     Clock Rise Edge                      0.000
     + Source Insertion Delay            -0.257
     = Beginpoint Arrival Time           -0.257
     Other End Path:
     +-------------------------------------------------------------------------------+ 
     |        Instance         |    Arc     |   Cell    | Delay | Arrival | Required | 
     |                         |            |           |       |  Time   |   Time   | 
     |-------------------------+------------+-----------+-------+---------+----------| 
     |                         | clk ^      |           |       |  -0.257 |    0.254 | 
     | CTS_ccl_a_buf_00159     | A ^ -> Y ^ | CLKBUFX20 | 0.069 |  -0.189 |    0.323 | 
     | CTS_ccl_a_buf_00132     | A ^ -> Y ^ | CLKBUFX6  | 0.067 |  -0.122 |    0.390 | 
     | line_buff_1_reg[263][3] | CK ^       | SDFFQX1   | 0.004 |  -0.118 |    0.394 | 
     +-------------------------------------------------------------------------------+ 
Path 158: MET Hold Check with Pin line_buff_1_reg[333][4]/CK 
Endpoint:   line_buff_1_reg[333][4]/D (v) checked with  leading edge of 'clk'
Beginpoint: line_buff_1_reg[333][4]/Q (v) triggered by  leading edge of 'clk'
Path Groups: {reg2reg}
Analysis View: all
Other End Arrival Time         -0.118
+ Hold                         -0.000
+ Phase Shift                   0.000
= Required Time                -0.118
  Arrival Time                  0.394
  Slack Time                    0.512
     Clock Rise Edge                      0.000
     + Source Insertion Delay            -0.257
     = Beginpoint Arrival Time           -0.257
     Timing Path:
     +--------------------------------------------------------------------------------+ 
     |        Instance         |     Arc     |   Cell    | Delay | Arrival | Required | 
     |                         |             |           |       |  Time   |   Time   | 
     |-------------------------+-------------+-----------+-------+---------+----------| 
     |                         | clk ^       |           |       |  -0.257 |   -0.769 | 
     | CTS_ccl_a_buf_00159     | A ^ -> Y ^  | CLKBUFX20 | 0.176 |  -0.082 |   -0.594 | 
     | CTS_ccl_a_buf_00129     | A ^ -> Y ^  | CLKBUFX8  | 0.197 |   0.115 |   -0.396 | 
     | line_buff_1_reg[333][4] | CK ^ -> Q v | SDFFQX1   | 0.279 |   0.394 |   -0.118 | 
     | line_buff_1_reg[333][4] | D v         | SDFFQX1   | 0.000 |   0.394 |   -0.118 | 
     +--------------------------------------------------------------------------------+ 
     Clock Rise Edge                      0.000
     + Source Insertion Delay            -0.257
     = Beginpoint Arrival Time           -0.257
     Other End Path:
     +-------------------------------------------------------------------------------+ 
     |        Instance         |    Arc     |   Cell    | Delay | Arrival | Required | 
     |                         |            |           |       |  Time   |   Time   | 
     |-------------------------+------------+-----------+-------+---------+----------| 
     |                         | clk ^      |           |       |  -0.257 |    0.254 | 
     | CTS_ccl_a_buf_00159     | A ^ -> Y ^ | CLKBUFX20 | 0.069 |  -0.189 |    0.323 | 
     | CTS_ccl_a_buf_00129     | A ^ -> Y ^ | CLKBUFX8  | 0.061 |  -0.128 |    0.384 | 
     | line_buff_1_reg[333][4] | CK ^       | SDFFQX1   | 0.010 |  -0.118 |    0.394 | 
     +-------------------------------------------------------------------------------+ 
Path 159: MET Hold Check with Pin line_buff_1_reg[332][4]/CK 
Endpoint:   line_buff_1_reg[332][4]/D (v) checked with  leading edge of 'clk'
Beginpoint: line_buff_1_reg[332][4]/Q (v) triggered by  leading edge of 'clk'
Path Groups: {reg2reg}
Analysis View: all
Other End Arrival Time         -0.118
+ Hold                         -0.000
+ Phase Shift                   0.000
= Required Time                -0.118
  Arrival Time                  0.394
  Slack Time                    0.512
     Clock Rise Edge                      0.000
     + Source Insertion Delay            -0.257
     = Beginpoint Arrival Time           -0.257
     Timing Path:
     +--------------------------------------------------------------------------------+ 
     |        Instance         |     Arc     |   Cell    | Delay | Arrival | Required | 
     |                         |             |           |       |  Time   |   Time   | 
     |-------------------------+-------------+-----------+-------+---------+----------| 
     |                         | clk ^       |           |       |  -0.257 |   -0.769 | 
     | CTS_ccl_a_buf_00159     | A ^ -> Y ^  | CLKBUFX20 | 0.176 |  -0.082 |   -0.594 | 
     | CTS_ccl_a_buf_00129     | A ^ -> Y ^  | CLKBUFX8  | 0.197 |   0.115 |   -0.396 | 
     | line_buff_1_reg[332][4] | CK ^ -> Q v | SDFFQX1   | 0.279 |   0.394 |   -0.118 | 
     | line_buff_1_reg[332][4] | D v         | SDFFQX1   | 0.000 |   0.394 |   -0.118 | 
     +--------------------------------------------------------------------------------+ 
     Clock Rise Edge                      0.000
     + Source Insertion Delay            -0.257
     = Beginpoint Arrival Time           -0.257
     Other End Path:
     +-------------------------------------------------------------------------------+ 
     |        Instance         |    Arc     |   Cell    | Delay | Arrival | Required | 
     |                         |            |           |       |  Time   |   Time   | 
     |-------------------------+------------+-----------+-------+---------+----------| 
     |                         | clk ^      |           |       |  -0.257 |    0.254 | 
     | CTS_ccl_a_buf_00159     | A ^ -> Y ^ | CLKBUFX20 | 0.069 |  -0.189 |    0.323 | 
     | CTS_ccl_a_buf_00129     | A ^ -> Y ^ | CLKBUFX8  | 0.061 |  -0.128 |    0.384 | 
     | line_buff_1_reg[332][4] | CK ^       | SDFFQX1   | 0.010 |  -0.118 |    0.394 | 
     +-------------------------------------------------------------------------------+ 
Path 160: MET Hold Check with Pin line_buff_0_reg[263][5]/CK 
Endpoint:   line_buff_0_reg[263][5]/D (v) checked with  leading edge of 'clk'
Beginpoint: line_buff_0_reg[263][5]/Q (v) triggered by  leading edge of 'clk'
Path Groups: {reg2reg}
Analysis View: all
Other End Arrival Time         -0.118
+ Hold                          0.005
+ Phase Shift                   0.000
= Required Time                -0.113
  Arrival Time                  0.398
  Slack Time                    0.512
     Clock Rise Edge                      0.000
     + Source Insertion Delay            -0.257
     = Beginpoint Arrival Time           -0.257
     Timing Path:
     +--------------------------------------------------------------------------------+ 
     |        Instance         |     Arc     |   Cell    | Delay | Arrival | Required | 
     |                         |             |           |       |  Time   |   Time   | 
     |-------------------------+-------------+-----------+-------+---------+----------| 
     |                         | clk ^       |           |       |  -0.257 |   -0.769 | 
     | CTS_ccl_a_buf_00159     | A ^ -> Y ^  | CLKBUFX20 | 0.176 |  -0.082 |   -0.594 | 
     | CTS_ccl_a_buf_00132     | A ^ -> Y ^  | CLKBUFX6  | 0.200 |   0.118 |   -0.394 | 
     | line_buff_0_reg[263][5] | CK ^ -> Q v | SDFFQX1   | 0.280 |   0.398 |   -0.113 | 
     | line_buff_0_reg[263][5] | D v         | SDFFQX1   | 0.000 |   0.398 |   -0.113 | 
     +--------------------------------------------------------------------------------+ 
     Clock Rise Edge                      0.000
     + Source Insertion Delay            -0.257
     = Beginpoint Arrival Time           -0.257
     Other End Path:
     +-------------------------------------------------------------------------------+ 
     |        Instance         |    Arc     |   Cell    | Delay | Arrival | Required | 
     |                         |            |           |       |  Time   |   Time   | 
     |-------------------------+------------+-----------+-------+---------+----------| 
     |                         | clk ^      |           |       |  -0.257 |    0.254 | 
     | CTS_ccl_a_buf_00159     | A ^ -> Y ^ | CLKBUFX20 | 0.069 |  -0.189 |    0.323 | 
     | CTS_ccl_a_buf_00132     | A ^ -> Y ^ | CLKBUFX6  | 0.067 |  -0.122 |    0.390 | 
     | line_buff_0_reg[263][5] | CK ^       | SDFFQX1   | 0.004 |  -0.118 |    0.393 | 
     +-------------------------------------------------------------------------------+ 
Path 161: MET Hold Check with Pin line_buff_0_reg[256][4]/CK 
Endpoint:   line_buff_0_reg[256][4]/D (v) checked with  leading edge of 'clk'
Beginpoint: line_buff_0_reg[256][4]/Q (v) triggered by  leading edge of 'clk'
Path Groups: {reg2reg}
Analysis View: all
Other End Arrival Time         -0.118
+ Hold                          0.005
+ Phase Shift                   0.000
= Required Time                -0.113
  Arrival Time                  0.399
  Slack Time                    0.512
     Clock Rise Edge                      0.000
     + Source Insertion Delay            -0.257
     = Beginpoint Arrival Time           -0.257
     Timing Path:
     +--------------------------------------------------------------------------------+ 
     |        Instance         |     Arc     |   Cell    | Delay | Arrival | Required | 
     |                         |             |           |       |  Time   |   Time   | 
     |-------------------------+-------------+-----------+-------+---------+----------| 
     |                         | clk ^       |           |       |  -0.257 |   -0.769 | 
     | CTS_ccl_a_buf_00159     | A ^ -> Y ^  | CLKBUFX20 | 0.176 |  -0.082 |   -0.594 | 
     | CTS_ccl_a_buf_00132     | A ^ -> Y ^  | CLKBUFX6  | 0.200 |   0.118 |   -0.394 | 
     | line_buff_0_reg[256][4] | CK ^ -> Q v | SDFFQX1   | 0.281 |   0.399 |   -0.113 | 
     | line_buff_0_reg[256][4] | D v         | SDFFQX1   | 0.000 |   0.399 |   -0.113 | 
     +--------------------------------------------------------------------------------+ 
     Clock Rise Edge                      0.000
     + Source Insertion Delay            -0.257
     = Beginpoint Arrival Time           -0.257
     Other End Path:
     +-------------------------------------------------------------------------------+ 
     |        Instance         |    Arc     |   Cell    | Delay | Arrival | Required | 
     |                         |            |           |       |  Time   |   Time   | 
     |-------------------------+------------+-----------+-------+---------+----------| 
     |                         | clk ^      |           |       |  -0.257 |    0.254 | 
     | CTS_ccl_a_buf_00159     | A ^ -> Y ^ | CLKBUFX20 | 0.069 |  -0.189 |    0.323 | 
     | CTS_ccl_a_buf_00132     | A ^ -> Y ^ | CLKBUFX6  | 0.067 |  -0.122 |    0.390 | 
     | line_buff_0_reg[256][4] | CK ^       | SDFFQX1   | 0.004 |  -0.118 |    0.394 | 
     +-------------------------------------------------------------------------------+ 
Path 162: MET Hold Check with Pin line_buff_0_reg[69][1]/CK 
Endpoint:   line_buff_0_reg[69][1]/D (v) checked with  leading edge of 'clk'
Beginpoint: line_buff_0_reg[69][1]/Q (v) triggered by  leading edge of 'clk'
Path Groups: {reg2reg}
Analysis View: all
Other End Arrival Time         -0.124
+ Hold                         -0.000
+ Phase Shift                   0.000
= Required Time                -0.124
  Arrival Time                  0.387
  Slack Time                    0.512
     Clock Rise Edge                      0.000
     + Source Insertion Delay            -0.257
     = Beginpoint Arrival Time           -0.257
     Timing Path:
     +-------------------------------------------------------------------------------+ 
     |        Instance        |     Arc     |   Cell    | Delay | Arrival | Required | 
     |                        |             |           |       |  Time   |   Time   | 
     |------------------------+-------------+-----------+-------+---------+----------| 
     |                        | clk ^       |           |       |  -0.257 |   -0.769 | 
     | CTS_ccl_a_buf_00159    | A ^ -> Y ^  | CLKBUFX20 | 0.176 |  -0.082 |   -0.594 | 
     | CTS_ccl_a_buf_00086    | A ^ -> Y ^  | CLKBUFX6  | 0.193 |   0.111 |   -0.400 | 
     | line_buff_0_reg[69][1] | CK ^ -> Q v | SDFFQX1   | 0.276 |   0.387 |   -0.124 | 
     | line_buff_0_reg[69][1] | D v         | SDFFQX1   | 0.000 |   0.387 |   -0.124 | 
     +-------------------------------------------------------------------------------+ 
     Clock Rise Edge                      0.000
     + Source Insertion Delay            -0.257
     = Beginpoint Arrival Time           -0.257
     Other End Path:
     +------------------------------------------------------------------------------+ 
     |        Instance        |    Arc     |   Cell    | Delay | Arrival | Required | 
     |                        |            |           |       |  Time   |   Time   | 
     |------------------------+------------+-----------+-------+---------+----------| 
     |                        | clk ^      |           |       |  -0.257 |    0.254 | 
     | CTS_ccl_a_buf_00159    | A ^ -> Y ^ | CLKBUFX20 | 0.069 |  -0.189 |    0.323 | 
     | CTS_ccl_a_buf_00086    | A ^ -> Y ^ | CLKBUFX6  | 0.063 |  -0.126 |    0.386 | 
     | line_buff_0_reg[69][1] | CK ^       | SDFFQX1   | 0.002 |  -0.124 |    0.388 | 
     +------------------------------------------------------------------------------+ 
Path 163: MET Hold Check with Pin line_buff_0_reg[67][0]/CK 
Endpoint:   line_buff_0_reg[67][0]/D (v) checked with  leading edge of 'clk'
Beginpoint: line_buff_0_reg[67][0]/Q (v) triggered by  leading edge of 'clk'
Path Groups: {reg2reg}
Analysis View: all
Other End Arrival Time         -0.124
+ Hold                         -0.000
+ Phase Shift                   0.000
= Required Time                -0.124
  Arrival Time                  0.387
  Slack Time                    0.512
     Clock Rise Edge                      0.000
     + Source Insertion Delay            -0.257
     = Beginpoint Arrival Time           -0.257
     Timing Path:
     +-------------------------------------------------------------------------------+ 
     |        Instance        |     Arc     |   Cell    | Delay | Arrival | Required | 
     |                        |             |           |       |  Time   |   Time   | 
     |------------------------+-------------+-----------+-------+---------+----------| 
     |                        | clk ^       |           |       |  -0.257 |   -0.769 | 
     | CTS_ccl_a_buf_00159    | A ^ -> Y ^  | CLKBUFX20 | 0.176 |  -0.082 |   -0.594 | 
     | CTS_ccl_a_buf_00086    | A ^ -> Y ^  | CLKBUFX6  | 0.193 |   0.111 |   -0.400 | 
     | line_buff_0_reg[67][0] | CK ^ -> Q v | SDFFQX1   | 0.276 |   0.387 |   -0.124 | 
     | line_buff_0_reg[67][0] | D v         | SDFFQX1   | 0.000 |   0.387 |   -0.124 | 
     +-------------------------------------------------------------------------------+ 
     Clock Rise Edge                      0.000
     + Source Insertion Delay            -0.257
     = Beginpoint Arrival Time           -0.257
     Other End Path:
     +------------------------------------------------------------------------------+ 
     |        Instance        |    Arc     |   Cell    | Delay | Arrival | Required | 
     |                        |            |           |       |  Time   |   Time   | 
     |------------------------+------------+-----------+-------+---------+----------| 
     |                        | clk ^      |           |       |  -0.257 |    0.254 | 
     | CTS_ccl_a_buf_00159    | A ^ -> Y ^ | CLKBUFX20 | 0.069 |  -0.189 |    0.323 | 
     | CTS_ccl_a_buf_00086    | A ^ -> Y ^ | CLKBUFX6  | 0.063 |  -0.126 |    0.386 | 
     | line_buff_0_reg[67][0] | CK ^       | SDFFQX1   | 0.002 |  -0.124 |    0.388 | 
     +------------------------------------------------------------------------------+ 
Path 164: MET Hold Check with Pin line_buff_0_reg[13][0]/CK 
Endpoint:   line_buff_0_reg[13][0]/D (v) checked with  leading edge of 'clk'
Beginpoint: line_buff_0_reg[13][0]/Q (v) triggered by  leading edge of 'clk'
Path Groups: {reg2reg}
Analysis View: all
Other End Arrival Time         -0.118
+ Hold                          0.005
+ Phase Shift                   0.000
= Required Time                -0.113
  Arrival Time                  0.399
  Slack Time                    0.512
     Clock Rise Edge                      0.000
     + Source Insertion Delay            -0.257
     = Beginpoint Arrival Time           -0.257
     Timing Path:
     +-------------------------------------------------------------------------------+ 
     |        Instance        |     Arc     |   Cell    | Delay | Arrival | Required | 
     |                        |             |           |       |  Time   |   Time   | 
     |------------------------+-------------+-----------+-------+---------+----------| 
     |                        | clk ^       |           |       |  -0.257 |   -0.769 | 
     | CTS_ccl_a_buf_00159    | A ^ -> Y ^  | CLKBUFX20 | 0.176 |  -0.082 |   -0.594 | 
     | CTS_ccl_a_buf_00132    | A ^ -> Y ^  | CLKBUFX6  | 0.200 |   0.118 |   -0.394 | 
     | line_buff_0_reg[13][0] | CK ^ -> Q v | SDFFQX1   | 0.281 |   0.399 |   -0.113 | 
     | line_buff_0_reg[13][0] | D v         | SDFFQX1   | 0.000 |   0.399 |   -0.113 | 
     +-------------------------------------------------------------------------------+ 
     Clock Rise Edge                      0.000
     + Source Insertion Delay            -0.257
     = Beginpoint Arrival Time           -0.257
     Other End Path:
     +------------------------------------------------------------------------------+ 
     |        Instance        |    Arc     |   Cell    | Delay | Arrival | Required | 
     |                        |            |           |       |  Time   |   Time   | 
     |------------------------+------------+-----------+-------+---------+----------| 
     |                        | clk ^      |           |       |  -0.257 |    0.254 | 
     | CTS_ccl_a_buf_00159    | A ^ -> Y ^ | CLKBUFX20 | 0.069 |  -0.189 |    0.323 | 
     | CTS_ccl_a_buf_00132    | A ^ -> Y ^ | CLKBUFX6  | 0.067 |  -0.122 |    0.390 | 
     | line_buff_0_reg[13][0] | CK ^       | SDFFQX1   | 0.004 |  -0.118 |    0.394 | 
     +------------------------------------------------------------------------------+ 
Path 165: MET Hold Check with Pin line_buff_1_reg[624][2]/CK 
Endpoint:   line_buff_1_reg[624][2]/D (v) checked with  leading edge of 'clk'
Beginpoint: line_buff_1_reg[624][2]/Q (v) triggered by  leading edge of 'clk'
Path Groups: {reg2reg}
Analysis View: all
Other End Arrival Time         -0.121
+ Hold                          0.006
+ Phase Shift                   0.000
= Required Time                -0.115
  Arrival Time                  0.397
  Slack Time                    0.512
     Clock Rise Edge                      0.000
     + Source Insertion Delay            -0.257
     = Beginpoint Arrival Time           -0.257
     Timing Path:
     +--------------------------------------------------------------------------------+ 
     |        Instance         |     Arc     |   Cell    | Delay | Arrival | Required | 
     |                         |             |           |       |  Time   |   Time   | 
     |-------------------------+-------------+-----------+-------+---------+----------| 
     |                         | clk ^       |           |       |  -0.257 |   -0.769 | 
     | CTS_ccl_a_buf_00159     | A ^ -> Y ^  | CLKBUFX20 | 0.176 |  -0.082 |   -0.594 | 
     | CTS_ccl_a_buf_00081     | A ^ -> Y ^  | CLKBUFX6  | 0.201 |   0.119 |   -0.392 | 
     | line_buff_1_reg[624][2] | CK ^ -> Q v | SDFFQX1   | 0.278 |   0.397 |   -0.115 | 
     | line_buff_1_reg[624][2] | D v         | SDFFQX1   | 0.000 |   0.397 |   -0.115 | 
     +--------------------------------------------------------------------------------+ 
     Clock Rise Edge                      0.000
     + Source Insertion Delay            -0.257
     = Beginpoint Arrival Time           -0.257
     Other End Path:
     +-------------------------------------------------------------------------------+ 
     |        Instance         |    Arc     |   Cell    | Delay | Arrival | Required | 
     |                         |            |           |       |  Time   |   Time   | 
     |-------------------------+------------+-----------+-------+---------+----------| 
     |                         | clk ^      |           |       |  -0.257 |    0.254 | 
     | CTS_ccl_a_buf_00159     | A ^ -> Y ^ | CLKBUFX20 | 0.069 |  -0.189 |    0.323 | 
     | CTS_ccl_a_buf_00081     | A ^ -> Y ^ | CLKBUFX6  | 0.066 |  -0.123 |    0.389 | 
     | line_buff_1_reg[624][2] | CK ^       | SDFFQX1   | 0.002 |  -0.121 |    0.391 | 
     +-------------------------------------------------------------------------------+ 
Path 166: MET Hold Check with Pin line_buff_0_reg[261][2]/CK 
Endpoint:   line_buff_0_reg[261][2]/D (v) checked with  leading edge of 'clk'
Beginpoint: line_buff_0_reg[261][2]/Q (v) triggered by  leading edge of 'clk'
Path Groups: {reg2reg}
Analysis View: all
Other End Arrival Time         -0.118
+ Hold                          0.005
+ Phase Shift                   0.000
= Required Time                -0.113
  Arrival Time                  0.399
  Slack Time                    0.512
     Clock Rise Edge                      0.000
     + Source Insertion Delay            -0.257
     = Beginpoint Arrival Time           -0.257
     Timing Path:
     +--------------------------------------------------------------------------------+ 
     |        Instance         |     Arc     |   Cell    | Delay | Arrival | Required | 
     |                         |             |           |       |  Time   |   Time   | 
     |-------------------------+-------------+-----------+-------+---------+----------| 
     |                         | clk ^       |           |       |  -0.257 |   -0.769 | 
     | CTS_ccl_a_buf_00159     | A ^ -> Y ^  | CLKBUFX20 | 0.176 |  -0.082 |   -0.594 | 
     | CTS_ccl_a_buf_00132     | A ^ -> Y ^  | CLKBUFX6  | 0.200 |   0.118 |   -0.394 | 
     | line_buff_0_reg[261][2] | CK ^ -> Q v | SDFFQX1   | 0.281 |   0.399 |   -0.113 | 
     | line_buff_0_reg[261][2] | D v         | SDFFQX1   | 0.000 |   0.399 |   -0.113 | 
     +--------------------------------------------------------------------------------+ 
     Clock Rise Edge                      0.000
     + Source Insertion Delay            -0.257
     = Beginpoint Arrival Time           -0.257
     Other End Path:
     +-------------------------------------------------------------------------------+ 
     |        Instance         |    Arc     |   Cell    | Delay | Arrival | Required | 
     |                         |            |           |       |  Time   |   Time   | 
     |-------------------------+------------+-----------+-------+---------+----------| 
     |                         | clk ^      |           |       |  -0.257 |    0.254 | 
     | CTS_ccl_a_buf_00159     | A ^ -> Y ^ | CLKBUFX20 | 0.069 |  -0.189 |    0.323 | 
     | CTS_ccl_a_buf_00132     | A ^ -> Y ^ | CLKBUFX6  | 0.067 |  -0.122 |    0.390 | 
     | line_buff_0_reg[261][2] | CK ^       | SDFFQX1   | 0.004 |  -0.118 |    0.394 | 
     +-------------------------------------------------------------------------------+ 
Path 167: MET Hold Check with Pin line_buff_1_reg[263][1]/CK 
Endpoint:   line_buff_1_reg[263][1]/D (v) checked with  leading edge of 'clk'
Beginpoint: line_buff_1_reg[263][1]/Q (v) triggered by  leading edge of 'clk'
Path Groups: {reg2reg}
Analysis View: all
Other End Arrival Time         -0.118
+ Hold                          0.005
+ Phase Shift                   0.000
= Required Time                -0.113
  Arrival Time                  0.399
  Slack Time                    0.512
     Clock Rise Edge                      0.000
     + Source Insertion Delay            -0.257
     = Beginpoint Arrival Time           -0.257
     Timing Path:
     +--------------------------------------------------------------------------------+ 
     |        Instance         |     Arc     |   Cell    | Delay | Arrival | Required | 
     |                         |             |           |       |  Time   |   Time   | 
     |-------------------------+-------------+-----------+-------+---------+----------| 
     |                         | clk ^       |           |       |  -0.257 |   -0.769 | 
     | CTS_ccl_a_buf_00159     | A ^ -> Y ^  | CLKBUFX20 | 0.176 |  -0.082 |   -0.594 | 
     | CTS_ccl_a_buf_00132     | A ^ -> Y ^  | CLKBUFX6  | 0.200 |   0.118 |   -0.394 | 
     | line_buff_1_reg[263][1] | CK ^ -> Q v | SDFFQX1   | 0.281 |   0.399 |   -0.113 | 
     | line_buff_1_reg[263][1] | D v         | SDFFQX1   | 0.000 |   0.399 |   -0.113 | 
     +--------------------------------------------------------------------------------+ 
     Clock Rise Edge                      0.000
     + Source Insertion Delay            -0.257
     = Beginpoint Arrival Time           -0.257
     Other End Path:
     +-------------------------------------------------------------------------------+ 
     |        Instance         |    Arc     |   Cell    | Delay | Arrival | Required | 
     |                         |            |           |       |  Time   |   Time   | 
     |-------------------------+------------+-----------+-------+---------+----------| 
     |                         | clk ^      |           |       |  -0.257 |    0.254 | 
     | CTS_ccl_a_buf_00159     | A ^ -> Y ^ | CLKBUFX20 | 0.069 |  -0.189 |    0.323 | 
     | CTS_ccl_a_buf_00132     | A ^ -> Y ^ | CLKBUFX6  | 0.067 |  -0.122 |    0.390 | 
     | line_buff_1_reg[263][1] | CK ^       | SDFFQX1   | 0.004 |  -0.118 |    0.394 | 
     +-------------------------------------------------------------------------------+ 
Path 168: MET Hold Check with Pin line_buff_0_reg[300][5]/CK 
Endpoint:   line_buff_0_reg[300][5]/D (v) checked with  leading edge of 'clk'
Beginpoint: line_buff_0_reg[300][5]/Q (v) triggered by  leading edge of 'clk'
Path Groups: {reg2reg}
Analysis View: all
Other End Arrival Time         -0.120
+ Hold                          0.003
+ Phase Shift                   0.000
= Required Time                -0.117
  Arrival Time                  0.395
  Slack Time                    0.512
     Clock Rise Edge                      0.000
     + Source Insertion Delay            -0.257
     = Beginpoint Arrival Time           -0.257
     Timing Path:
     +--------------------------------------------------------------------------------+ 
     |        Instance         |     Arc     |   Cell    | Delay | Arrival | Required | 
     |                         |             |           |       |  Time   |   Time   | 
     |-------------------------+-------------+-----------+-------+---------+----------| 
     |                         | clk ^       |           |       |  -0.257 |   -0.769 | 
     | CTS_ccl_a_buf_00159     | A ^ -> Y ^  | CLKBUFX20 | 0.176 |  -0.082 |   -0.594 | 
     | CTS_ccl_a_buf_00090     | A ^ -> Y ^  | CLKBUFX6  | 0.199 |   0.117 |   -0.395 | 
     | line_buff_0_reg[300][5] | CK ^ -> Q v | SDFFQX1   | 0.278 |   0.395 |   -0.117 | 
     | line_buff_0_reg[300][5] | D v         | SDFFQX1   | 0.000 |   0.395 |   -0.117 | 
     +--------------------------------------------------------------------------------+ 
     Clock Rise Edge                      0.000
     + Source Insertion Delay            -0.257
     = Beginpoint Arrival Time           -0.257
     Other End Path:
     +-------------------------------------------------------------------------------+ 
     |        Instance         |    Arc     |   Cell    | Delay | Arrival | Required | 
     |                         |            |           |       |  Time   |   Time   | 
     |-------------------------+------------+-----------+-------+---------+----------| 
     |                         | clk ^      |           |       |  -0.257 |    0.254 | 
     | CTS_ccl_a_buf_00159     | A ^ -> Y ^ | CLKBUFX20 | 0.069 |  -0.189 |    0.323 | 
     | CTS_ccl_a_buf_00090     | A ^ -> Y ^ | CLKBUFX6  | 0.067 |  -0.122 |    0.390 | 
     | line_buff_0_reg[300][5] | CK ^       | SDFFQX1   | 0.002 |  -0.120 |    0.392 | 
     +-------------------------------------------------------------------------------+ 
Path 169: MET Hold Check with Pin line_buff_1_reg[622][5]/CK 
Endpoint:   line_buff_1_reg[622][5]/D (v) checked with  leading edge of 'clk'
Beginpoint: line_buff_1_reg[622][5]/Q (v) triggered by  leading edge of 'clk'
Path Groups: {reg2reg}
Analysis View: all
Other End Arrival Time         -0.120
+ Hold                          0.005
+ Phase Shift                   0.000
= Required Time                -0.115
  Arrival Time                  0.396
  Slack Time                    0.512
     Clock Rise Edge                      0.000
     + Source Insertion Delay            -0.257
     = Beginpoint Arrival Time           -0.257
     Timing Path:
     +--------------------------------------------------------------------------------+ 
     |        Instance         |     Arc     |   Cell    | Delay | Arrival | Required | 
     |                         |             |           |       |  Time   |   Time   | 
     |-------------------------+-------------+-----------+-------+---------+----------| 
     |                         | clk ^       |           |       |  -0.257 |   -0.769 | 
     | CTS_ccl_a_buf_00159     | A ^ -> Y ^  | CLKBUFX20 | 0.176 |  -0.082 |   -0.594 | 
     | CTS_ccl_a_buf_00093     | A ^ -> Y ^  | CLKBUFX6  | 0.200 |   0.118 |   -0.394 | 
     | line_buff_1_reg[622][5] | CK ^ -> Q v | SDFFQX1   | 0.278 |   0.396 |   -0.115 | 
     | line_buff_1_reg[622][5] | D v         | SDFFQX1   | 0.000 |   0.396 |   -0.115 | 
     +--------------------------------------------------------------------------------+ 
     Clock Rise Edge                      0.000
     + Source Insertion Delay            -0.257
     = Beginpoint Arrival Time           -0.257
     Other End Path:
     +-------------------------------------------------------------------------------+ 
     |        Instance         |    Arc     |   Cell    | Delay | Arrival | Required | 
     |                         |            |           |       |  Time   |   Time   | 
     |-------------------------+------------+-----------+-------+---------+----------| 
     |                         | clk ^      |           |       |  -0.257 |    0.254 | 
     | CTS_ccl_a_buf_00159     | A ^ -> Y ^ | CLKBUFX20 | 0.069 |  -0.189 |    0.323 | 
     | CTS_ccl_a_buf_00093     | A ^ -> Y ^ | CLKBUFX6  | 0.066 |  -0.123 |    0.389 | 
     | line_buff_1_reg[622][5] | CK ^       | SDFFQX1   | 0.002 |  -0.120 |    0.392 | 
     +-------------------------------------------------------------------------------+ 
Path 170: MET Hold Check with Pin line_buff_1_reg[331][2]/CK 
Endpoint:   line_buff_1_reg[331][2]/D (v) checked with  leading edge of 'clk'
Beginpoint: line_buff_1_reg[331][2]/Q (v) triggered by  leading edge of 'clk'
Path Groups: {reg2reg}
Analysis View: all
Other End Arrival Time         -0.118
+ Hold                         -0.000
+ Phase Shift                   0.000
= Required Time                -0.118
  Arrival Time                  0.394
  Slack Time                    0.512
     Clock Rise Edge                      0.000
     + Source Insertion Delay            -0.257
     = Beginpoint Arrival Time           -0.257
     Timing Path:
     +--------------------------------------------------------------------------------+ 
     |        Instance         |     Arc     |   Cell    | Delay | Arrival | Required | 
     |                         |             |           |       |  Time   |   Time   | 
     |-------------------------+-------------+-----------+-------+---------+----------| 
     |                         | clk ^       |           |       |  -0.257 |   -0.769 | 
     | CTS_ccl_a_buf_00159     | A ^ -> Y ^  | CLKBUFX20 | 0.176 |  -0.082 |   -0.594 | 
     | CTS_ccl_a_buf_00129     | A ^ -> Y ^  | CLKBUFX8  | 0.197 |   0.115 |   -0.397 | 
     | line_buff_1_reg[331][2] | CK ^ -> Q v | SDFFQX1   | 0.279 |   0.394 |   -0.118 | 
     | line_buff_1_reg[331][2] | D v         | SDFFQX1   | 0.000 |   0.394 |   -0.118 | 
     +--------------------------------------------------------------------------------+ 
     Clock Rise Edge                      0.000
     + Source Insertion Delay            -0.257
     = Beginpoint Arrival Time           -0.257
     Other End Path:
     +-------------------------------------------------------------------------------+ 
     |        Instance         |    Arc     |   Cell    | Delay | Arrival | Required | 
     |                         |            |           |       |  Time   |   Time   | 
     |-------------------------+------------+-----------+-------+---------+----------| 
     |                         | clk ^      |           |       |  -0.257 |    0.255 | 
     | CTS_ccl_a_buf_00159     | A ^ -> Y ^ | CLKBUFX20 | 0.069 |  -0.189 |    0.323 | 
     | CTS_ccl_a_buf_00129     | A ^ -> Y ^ | CLKBUFX8  | 0.061 |  -0.128 |    0.384 | 
     | line_buff_1_reg[331][2] | CK ^       | SDFFQX1   | 0.010 |  -0.118 |    0.394 | 
     +-------------------------------------------------------------------------------+ 
Path 171: MET Hold Check with Pin line_buff_1_reg[301][0]/CK 
Endpoint:   line_buff_1_reg[301][0]/D (v) checked with  leading edge of 'clk'
Beginpoint: line_buff_1_reg[301][0]/Q (v) triggered by  leading edge of 'clk'
Path Groups: {reg2reg}
Analysis View: all
Other End Arrival Time         -0.120
+ Hold                          0.003
+ Phase Shift                   0.000
= Required Time                -0.117
  Arrival Time                  0.394
  Slack Time                    0.512
     Clock Rise Edge                      0.000
     + Source Insertion Delay            -0.257
     = Beginpoint Arrival Time           -0.257
     Timing Path:
     +--------------------------------------------------------------------------------+ 
     |        Instance         |     Arc     |   Cell    | Delay | Arrival | Required | 
     |                         |             |           |       |  Time   |   Time   | 
     |-------------------------+-------------+-----------+-------+---------+----------| 
     |                         | clk ^       |           |       |  -0.257 |   -0.769 | 
     | CTS_ccl_a_buf_00159     | A ^ -> Y ^  | CLKBUFX20 | 0.176 |  -0.082 |   -0.594 | 
     | CTS_ccl_a_buf_00090     | A ^ -> Y ^  | CLKBUFX6  | 0.199 |   0.117 |   -0.395 | 
     | line_buff_1_reg[301][0] | CK ^ -> Q v | SDFFQX1   | 0.278 |   0.394 |   -0.117 | 
     | line_buff_1_reg[301][0] | D v         | SDFFQX1   | 0.000 |   0.394 |   -0.117 | 
     +--------------------------------------------------------------------------------+ 
     Clock Rise Edge                      0.000
     + Source Insertion Delay            -0.257
     = Beginpoint Arrival Time           -0.257
     Other End Path:
     +-------------------------------------------------------------------------------+ 
     |        Instance         |    Arc     |   Cell    | Delay | Arrival | Required | 
     |                         |            |           |       |  Time   |   Time   | 
     |-------------------------+------------+-----------+-------+---------+----------| 
     |                         | clk ^      |           |       |  -0.257 |    0.255 | 
     | CTS_ccl_a_buf_00159     | A ^ -> Y ^ | CLKBUFX20 | 0.069 |  -0.189 |    0.323 | 
     | CTS_ccl_a_buf_00090     | A ^ -> Y ^ | CLKBUFX6  | 0.067 |  -0.122 |    0.390 | 
     | line_buff_1_reg[301][0] | CK ^       | SDFFQX1   | 0.002 |  -0.120 |    0.392 | 
     +-------------------------------------------------------------------------------+ 
Path 172: MET Hold Check with Pin line_buff_0_reg[299][2]/CK 
Endpoint:   line_buff_0_reg[299][2]/D (v) checked with  leading edge of 'clk'
Beginpoint: line_buff_0_reg[299][2]/Q (v) triggered by  leading edge of 'clk'
Path Groups: {reg2reg}
Analysis View: all
Other End Arrival Time         -0.120
+ Hold                          0.003
+ Phase Shift                   0.000
= Required Time                -0.118
  Arrival Time                  0.394
  Slack Time                    0.512
     Clock Rise Edge                      0.000
     + Source Insertion Delay            -0.257
     = Beginpoint Arrival Time           -0.257
     Timing Path:
     +--------------------------------------------------------------------------------+ 
     |        Instance         |     Arc     |   Cell    | Delay | Arrival | Required | 
     |                         |             |           |       |  Time   |   Time   | 
     |-------------------------+-------------+-----------+-------+---------+----------| 
     |                         | clk ^       |           |       |  -0.257 |   -0.769 | 
     | CTS_ccl_a_buf_00159     | A ^ -> Y ^  | CLKBUFX20 | 0.176 |  -0.082 |   -0.594 | 
     | CTS_ccl_a_buf_00090     | A ^ -> Y ^  | CLKBUFX6  | 0.199 |   0.117 |   -0.395 | 
     | line_buff_0_reg[299][2] | CK ^ -> Q v | SDFFQX1   | 0.277 |   0.394 |   -0.118 | 
     | line_buff_0_reg[299][2] | D v         | SDFFQX1   | 0.000 |   0.394 |   -0.118 | 
     +--------------------------------------------------------------------------------+ 
     Clock Rise Edge                      0.000
     + Source Insertion Delay            -0.257
     = Beginpoint Arrival Time           -0.257
     Other End Path:
     +-------------------------------------------------------------------------------+ 
     |        Instance         |    Arc     |   Cell    | Delay | Arrival | Required | 
     |                         |            |           |       |  Time   |   Time   | 
     |-------------------------+------------+-----------+-------+---------+----------| 
     |                         | clk ^      |           |       |  -0.257 |    0.255 | 
     | CTS_ccl_a_buf_00159     | A ^ -> Y ^ | CLKBUFX20 | 0.069 |  -0.189 |    0.323 | 
     | CTS_ccl_a_buf_00090     | A ^ -> Y ^ | CLKBUFX6  | 0.067 |  -0.122 |    0.390 | 
     | line_buff_0_reg[299][2] | CK ^       | SDFFQX1   | 0.002 |  -0.120 |    0.392 | 
     +-------------------------------------------------------------------------------+ 
Path 173: MET Hold Check with Pin line_buff_0_reg[608][2]/CK 
Endpoint:   line_buff_0_reg[608][2]/D (v) checked with  leading edge of 'clk'
Beginpoint: line_buff_0_reg[608][2]/Q (v) triggered by  leading edge of 'clk'
Path Groups: {reg2reg}
Analysis View: all
Other End Arrival Time         -0.121
+ Hold                          0.005
+ Phase Shift                   0.000
= Required Time                -0.116
  Arrival Time                  0.395
  Slack Time                    0.512
     Clock Rise Edge                      0.000
     + Source Insertion Delay            -0.257
     = Beginpoint Arrival Time           -0.257
     Timing Path:
     +--------------------------------------------------------------------------------+ 
     |        Instance         |     Arc     |   Cell    | Delay | Arrival | Required | 
     |                         |             |           |       |  Time   |   Time   | 
     |-------------------------+-------------+-----------+-------+---------+----------| 
     |                         | clk ^       |           |       |  -0.257 |   -0.769 | 
     | CTS_ccl_a_buf_00159     | A ^ -> Y ^  | CLKBUFX20 | 0.176 |  -0.082 |   -0.594 | 
     | CTS_ccl_a_buf_00093     | A ^ -> Y ^  | CLKBUFX6  | 0.200 |   0.118 |   -0.394 | 
     | line_buff_0_reg[608][2] | CK ^ -> Q v | SDFFQX1   | 0.277 |   0.395 |   -0.116 | 
     | line_buff_0_reg[608][2] | D v         | SDFFQX1   | 0.000 |   0.395 |   -0.116 | 
     +--------------------------------------------------------------------------------+ 
     Clock Rise Edge                      0.000
     + Source Insertion Delay            -0.257
     = Beginpoint Arrival Time           -0.257
     Other End Path:
     +-------------------------------------------------------------------------------+ 
     |        Instance         |    Arc     |   Cell    | Delay | Arrival | Required | 
     |                         |            |           |       |  Time   |   Time   | 
     |-------------------------+------------+-----------+-------+---------+----------| 
     |                         | clk ^      |           |       |  -0.257 |    0.255 | 
     | CTS_ccl_a_buf_00159     | A ^ -> Y ^ | CLKBUFX20 | 0.069 |  -0.189 |    0.323 | 
     | CTS_ccl_a_buf_00093     | A ^ -> Y ^ | CLKBUFX6  | 0.066 |  -0.123 |    0.389 | 
     | line_buff_0_reg[608][2] | CK ^       | SDFFQX1   | 0.001 |  -0.121 |    0.391 | 
     +-------------------------------------------------------------------------------+ 
Path 174: MET Hold Check with Pin line_buff_1_reg[328][4]/CK 
Endpoint:   line_buff_1_reg[328][4]/D (v) checked with  leading edge of 'clk'
Beginpoint: line_buff_1_reg[328][4]/Q (v) triggered by  leading edge of 'clk'
Path Groups: {reg2reg}
Analysis View: all
Other End Arrival Time         -0.118
+ Hold                         -0.000
+ Phase Shift                   0.000
= Required Time                -0.118
  Arrival Time                  0.394
  Slack Time                    0.512
     Clock Rise Edge                      0.000
     + Source Insertion Delay            -0.257
     = Beginpoint Arrival Time           -0.257
     Timing Path:
     +--------------------------------------------------------------------------------+ 
     |        Instance         |     Arc     |   Cell    | Delay | Arrival | Required | 
     |                         |             |           |       |  Time   |   Time   | 
     |-------------------------+-------------+-----------+-------+---------+----------| 
     |                         | clk ^       |           |       |  -0.257 |   -0.769 | 
     | CTS_ccl_a_buf_00159     | A ^ -> Y ^  | CLKBUFX20 | 0.176 |  -0.082 |   -0.594 | 
     | CTS_ccl_a_buf_00129     | A ^ -> Y ^  | CLKBUFX8  | 0.197 |   0.115 |   -0.397 | 
     | line_buff_1_reg[328][4] | CK ^ -> Q v | SDFFQX1   | 0.279 |   0.394 |   -0.118 | 
     | line_buff_1_reg[328][4] | D v         | SDFFQX1   | 0.000 |   0.394 |   -0.118 | 
     +--------------------------------------------------------------------------------+ 
     Clock Rise Edge                      0.000
     + Source Insertion Delay            -0.257
     = Beginpoint Arrival Time           -0.257
     Other End Path:
     +-------------------------------------------------------------------------------+ 
     |        Instance         |    Arc     |   Cell    | Delay | Arrival | Required | 
     |                         |            |           |       |  Time   |   Time   | 
     |-------------------------+------------+-----------+-------+---------+----------| 
     |                         | clk ^      |           |       |  -0.257 |    0.255 | 
     | CTS_ccl_a_buf_00159     | A ^ -> Y ^ | CLKBUFX20 | 0.069 |  -0.189 |    0.323 | 
     | CTS_ccl_a_buf_00129     | A ^ -> Y ^ | CLKBUFX8  | 0.061 |  -0.128 |    0.384 | 
     | line_buff_1_reg[328][4] | CK ^       | SDFFQX1   | 0.010 |  -0.118 |    0.394 | 
     +-------------------------------------------------------------------------------+ 
Path 175: MET Hold Check with Pin line_buff_0_reg[73][5]/CK 
Endpoint:   line_buff_0_reg[73][5]/D (v) checked with  leading edge of 'clk'
Beginpoint: line_buff_0_reg[73][5]/Q (v) triggered by  leading edge of 'clk'
Path Groups: {reg2reg}
Analysis View: all
Other End Arrival Time         -0.124
+ Hold                         -0.001
+ Phase Shift                   0.000
= Required Time                -0.125
  Arrival Time                  0.387
  Slack Time                    0.512
     Clock Rise Edge                      0.000
     + Source Insertion Delay            -0.257
     = Beginpoint Arrival Time           -0.257
     Timing Path:
     +-------------------------------------------------------------------------------+ 
     |        Instance        |     Arc     |   Cell    | Delay | Arrival | Required | 
     |                        |             |           |       |  Time   |   Time   | 
     |------------------------+-------------+-----------+-------+---------+----------| 
     |                        | clk ^       |           |       |  -0.257 |   -0.769 | 
     | CTS_ccl_a_buf_00159    | A ^ -> Y ^  | CLKBUFX20 | 0.176 |  -0.082 |   -0.594 | 
     | CTS_ccl_a_buf_00086    | A ^ -> Y ^  | CLKBUFX6  | 0.193 |   0.111 |   -0.401 | 
     | line_buff_0_reg[73][5] | CK ^ -> Q v | SDFFQX1   | 0.276 |   0.387 |   -0.125 | 
     | line_buff_0_reg[73][5] | D v         | SDFFQX1   | 0.000 |   0.387 |   -0.125 | 
     +-------------------------------------------------------------------------------+ 
     Clock Rise Edge                      0.000
     + Source Insertion Delay            -0.257
     = Beginpoint Arrival Time           -0.257
     Other End Path:
     +------------------------------------------------------------------------------+ 
     |        Instance        |    Arc     |   Cell    | Delay | Arrival | Required | 
     |                        |            |           |       |  Time   |   Time   | 
     |------------------------+------------+-----------+-------+---------+----------| 
     |                        | clk ^      |           |       |  -0.257 |    0.255 | 
     | CTS_ccl_a_buf_00159    | A ^ -> Y ^ | CLKBUFX20 | 0.069 |  -0.189 |    0.323 | 
     | CTS_ccl_a_buf_00086    | A ^ -> Y ^ | CLKBUFX6  | 0.063 |  -0.126 |    0.386 | 
     | line_buff_0_reg[73][5] | CK ^       | SDFFQX1   | 0.001 |  -0.124 |    0.388 | 
     +------------------------------------------------------------------------------+ 
Path 176: MET Hold Check with Pin line_buff_0_reg[350][2]/CK 
Endpoint:   line_buff_0_reg[350][2]/D (v) checked with  leading edge of 'clk'
Beginpoint: line_buff_0_reg[350][2]/Q (v) triggered by  leading edge of 'clk'
Path Groups: {reg2reg}
Analysis View: all
Other End Arrival Time         -0.117
+ Hold                          0.001
+ Phase Shift                   0.000
= Required Time                -0.116
  Arrival Time                  0.396
  Slack Time                    0.512
     Clock Rise Edge                      0.000
     + Source Insertion Delay            -0.257
     = Beginpoint Arrival Time           -0.257
     Timing Path:
     +--------------------------------------------------------------------------------+ 
     |        Instance         |     Arc     |   Cell    | Delay | Arrival | Required | 
     |                         |             |           |       |  Time   |   Time   | 
     |-------------------------+-------------+-----------+-------+---------+----------| 
     |                         | clk ^       |           |       |  -0.257 |   -0.769 | 
     | CTS_ccl_a_buf_00159     | A ^ -> Y ^  | CLKBUFX20 | 0.176 |  -0.082 |   -0.594 | 
     | CTS_ccl_a_buf_00125     | A ^ -> Y ^  | CLKBUFX8  | 0.201 |   0.119 |   -0.393 | 
     | line_buff_0_reg[350][2] | CK ^ -> Q v | SDFFQX1   | 0.277 |   0.396 |   -0.116 | 
     | line_buff_0_reg[350][2] | D v         | SDFFQX1   | 0.000 |   0.396 |   -0.116 | 
     +--------------------------------------------------------------------------------+ 
     Clock Rise Edge                      0.000
     + Source Insertion Delay            -0.257
     = Beginpoint Arrival Time           -0.257
     Other End Path:
     +-------------------------------------------------------------------------------+ 
     |        Instance         |    Arc     |   Cell    | Delay | Arrival | Required | 
     |                         |            |           |       |  Time   |   Time   | 
     |-------------------------+------------+-----------+-------+---------+----------| 
     |                         | clk ^      |           |       |  -0.257 |    0.255 | 
     | CTS_ccl_a_buf_00159     | A ^ -> Y ^ | CLKBUFX20 | 0.069 |  -0.189 |    0.323 | 
     | CTS_ccl_a_buf_00125     | A ^ -> Y ^ | CLKBUFX8  | 0.064 |  -0.125 |    0.387 | 
     | line_buff_0_reg[350][2] | CK ^       | SDFFQX1   | 0.008 |  -0.117 |    0.395 | 
     +-------------------------------------------------------------------------------+ 
Path 177: MET Hold Check with Pin line_buff_0_reg[608][4]/CK 
Endpoint:   line_buff_0_reg[608][4]/D (v) checked with  leading edge of 'clk'
Beginpoint: line_buff_0_reg[608][4]/Q (v) triggered by  leading edge of 'clk'
Path Groups: {reg2reg}
Analysis View: all
Other End Arrival Time         -0.121
+ Hold                          0.005
+ Phase Shift                   0.000
= Required Time                -0.116
  Arrival Time                  0.396
  Slack Time                    0.512
     Clock Rise Edge                      0.000
     + Source Insertion Delay            -0.257
     = Beginpoint Arrival Time           -0.257
     Timing Path:
     +--------------------------------------------------------------------------------+ 
     |        Instance         |     Arc     |   Cell    | Delay | Arrival | Required | 
     |                         |             |           |       |  Time   |   Time   | 
     |-------------------------+-------------+-----------+-------+---------+----------| 
     |                         | clk ^       |           |       |  -0.257 |   -0.769 | 
     | CTS_ccl_a_buf_00159     | A ^ -> Y ^  | CLKBUFX20 | 0.176 |  -0.082 |   -0.594 | 
     | CTS_ccl_a_buf_00093     | A ^ -> Y ^  | CLKBUFX6  | 0.200 |   0.118 |   -0.394 | 
     | line_buff_0_reg[608][4] | CK ^ -> Q v | SDFFQX1   | 0.277 |   0.396 |   -0.116 | 
     | line_buff_0_reg[608][4] | D v         | SDFFQX1   | 0.000 |   0.396 |   -0.116 | 
     +--------------------------------------------------------------------------------+ 
     Clock Rise Edge                      0.000
     + Source Insertion Delay            -0.257
     = Beginpoint Arrival Time           -0.257
     Other End Path:
     +-------------------------------------------------------------------------------+ 
     |        Instance         |    Arc     |   Cell    | Delay | Arrival | Required | 
     |                         |            |           |       |  Time   |   Time   | 
     |-------------------------+------------+-----------+-------+---------+----------| 
     |                         | clk ^      |           |       |  -0.257 |    0.255 | 
     | CTS_ccl_a_buf_00159     | A ^ -> Y ^ | CLKBUFX20 | 0.069 |  -0.189 |    0.323 | 
     | CTS_ccl_a_buf_00093     | A ^ -> Y ^ | CLKBUFX6  | 0.066 |  -0.123 |    0.389 | 
     | line_buff_0_reg[608][4] | CK ^       | SDFFQX1   | 0.002 |  -0.121 |    0.391 | 
     +-------------------------------------------------------------------------------+ 
Path 178: MET Hold Check with Pin line_buff_1_reg[332][2]/CK 
Endpoint:   line_buff_1_reg[332][2]/D (v) checked with  leading edge of 'clk'
Beginpoint: line_buff_1_reg[332][2]/Q (v) triggered by  leading edge of 'clk'
Path Groups: {reg2reg}
Analysis View: all
Other End Arrival Time         -0.118
+ Hold                         -0.000
+ Phase Shift                   0.000
= Required Time                -0.118
  Arrival Time                  0.394
  Slack Time                    0.512
     Clock Rise Edge                      0.000
     + Source Insertion Delay            -0.257
     = Beginpoint Arrival Time           -0.257
     Timing Path:
     +--------------------------------------------------------------------------------+ 
     |        Instance         |     Arc     |   Cell    | Delay | Arrival | Required | 
     |                         |             |           |       |  Time   |   Time   | 
     |-------------------------+-------------+-----------+-------+---------+----------| 
     |                         | clk ^       |           |       |  -0.257 |   -0.769 | 
     | CTS_ccl_a_buf_00159     | A ^ -> Y ^  | CLKBUFX20 | 0.176 |  -0.082 |   -0.594 | 
     | CTS_ccl_a_buf_00129     | A ^ -> Y ^  | CLKBUFX8  | 0.197 |   0.115 |   -0.397 | 
     | line_buff_1_reg[332][2] | CK ^ -> Q v | SDFFQX1   | 0.279 |   0.394 |   -0.118 | 
     | line_buff_1_reg[332][2] | D v         | SDFFQX1   | 0.000 |   0.394 |   -0.118 | 
     +--------------------------------------------------------------------------------+ 
     Clock Rise Edge                      0.000
     + Source Insertion Delay            -0.257
     = Beginpoint Arrival Time           -0.257
     Other End Path:
     +-------------------------------------------------------------------------------+ 
     |        Instance         |    Arc     |   Cell    | Delay | Arrival | Required | 
     |                         |            |           |       |  Time   |   Time   | 
     |-------------------------+------------+-----------+-------+---------+----------| 
     |                         | clk ^      |           |       |  -0.257 |    0.255 | 
     | CTS_ccl_a_buf_00159     | A ^ -> Y ^ | CLKBUFX20 | 0.069 |  -0.189 |    0.323 | 
     | CTS_ccl_a_buf_00129     | A ^ -> Y ^ | CLKBUFX8  | 0.061 |  -0.128 |    0.384 | 
     | line_buff_1_reg[332][2] | CK ^       | SDFFQX1   | 0.010 |  -0.118 |    0.394 | 
     +-------------------------------------------------------------------------------+ 
Path 179: MET Hold Check with Pin line_buff_1_reg[258][1]/CK 
Endpoint:   line_buff_1_reg[258][1]/D (v) checked with  leading edge of 'clk'
Beginpoint: line_buff_1_reg[258][1]/Q (v) triggered by  leading edge of 'clk'
Path Groups: {reg2reg}
Analysis View: all
Other End Arrival Time         -0.118
+ Hold                          0.005
+ Phase Shift                   0.000
= Required Time                -0.113
  Arrival Time                  0.399
  Slack Time                    0.512
     Clock Rise Edge                      0.000
     + Source Insertion Delay            -0.257
     = Beginpoint Arrival Time           -0.257
     Timing Path:
     +--------------------------------------------------------------------------------+ 
     |        Instance         |     Arc     |   Cell    | Delay | Arrival | Required | 
     |                         |             |           |       |  Time   |   Time   | 
     |-------------------------+-------------+-----------+-------+---------+----------| 
     |                         | clk ^       |           |       |  -0.257 |   -0.769 | 
     | CTS_ccl_a_buf_00159     | A ^ -> Y ^  | CLKBUFX20 | 0.176 |  -0.082 |   -0.594 | 
     | CTS_ccl_a_buf_00132     | A ^ -> Y ^  | CLKBUFX6  | 0.200 |   0.118 |   -0.394 | 
     | line_buff_1_reg[258][1] | CK ^ -> Q v | SDFFQX1   | 0.281 |   0.399 |   -0.113 | 
     | line_buff_1_reg[258][1] | D v         | SDFFQX1   | 0.000 |   0.399 |   -0.113 | 
     +--------------------------------------------------------------------------------+ 
     Clock Rise Edge                      0.000
     + Source Insertion Delay            -0.257
     = Beginpoint Arrival Time           -0.257
     Other End Path:
     +-------------------------------------------------------------------------------+ 
     |        Instance         |    Arc     |   Cell    | Delay | Arrival | Required | 
     |                         |            |           |       |  Time   |   Time   | 
     |-------------------------+------------+-----------+-------+---------+----------| 
     |                         | clk ^      |           |       |  -0.257 |    0.255 | 
     | CTS_ccl_a_buf_00159     | A ^ -> Y ^ | CLKBUFX20 | 0.069 |  -0.189 |    0.323 | 
     | CTS_ccl_a_buf_00132     | A ^ -> Y ^ | CLKBUFX6  | 0.067 |  -0.122 |    0.390 | 
     | line_buff_1_reg[258][1] | CK ^       | SDFFQX1   | 0.004 |  -0.118 |    0.394 | 
     +-------------------------------------------------------------------------------+ 
Path 180: MET Hold Check with Pin line_buff_0_reg[298][3]/CK 
Endpoint:   line_buff_0_reg[298][3]/D (v) checked with  leading edge of 'clk'
Beginpoint: line_buff_0_reg[298][3]/Q (v) triggered by  leading edge of 'clk'
Path Groups: {reg2reg}
Analysis View: all
Other End Arrival Time         -0.120
+ Hold                          0.003
+ Phase Shift                   0.000
= Required Time                -0.118
  Arrival Time                  0.395
  Slack Time                    0.512
     Clock Rise Edge                      0.000
     + Source Insertion Delay            -0.257
     = Beginpoint Arrival Time           -0.257
     Timing Path:
     +--------------------------------------------------------------------------------+ 
     |        Instance         |     Arc     |   Cell    | Delay | Arrival | Required | 
     |                         |             |           |       |  Time   |   Time   | 
     |-------------------------+-------------+-----------+-------+---------+----------| 
     |                         | clk ^       |           |       |  -0.257 |   -0.770 | 
     | CTS_ccl_a_buf_00159     | A ^ -> Y ^  | CLKBUFX20 | 0.176 |  -0.082 |   -0.594 | 
     | CTS_ccl_a_buf_00090     | A ^ -> Y ^  | CLKBUFX6  | 0.199 |   0.117 |   -0.395 | 
     | line_buff_0_reg[298][3] | CK ^ -> Q v | SDFFQX1   | 0.278 |   0.395 |   -0.118 | 
     | line_buff_0_reg[298][3] | D v         | SDFFQX1   | 0.000 |   0.395 |   -0.118 | 
     +--------------------------------------------------------------------------------+ 
     Clock Rise Edge                      0.000
     + Source Insertion Delay            -0.257
     = Beginpoint Arrival Time           -0.257
     Other End Path:
     +-------------------------------------------------------------------------------+ 
     |        Instance         |    Arc     |   Cell    | Delay | Arrival | Required | 
     |                         |            |           |       |  Time   |   Time   | 
     |-------------------------+------------+-----------+-------+---------+----------| 
     |                         | clk ^      |           |       |  -0.257 |    0.255 | 
     | CTS_ccl_a_buf_00159     | A ^ -> Y ^ | CLKBUFX20 | 0.069 |  -0.189 |    0.323 | 
     | CTS_ccl_a_buf_00090     | A ^ -> Y ^ | CLKBUFX6  | 0.067 |  -0.122 |    0.390 | 
     | line_buff_0_reg[298][3] | CK ^       | SDFFQX1   | 0.002 |  -0.120 |    0.392 | 
     +-------------------------------------------------------------------------------+ 
Path 181: MET Hold Check with Pin line_buff_0_reg[65][2]/CK 
Endpoint:   line_buff_0_reg[65][2]/D (v) checked with  leading edge of 'clk'
Beginpoint: line_buff_0_reg[65][2]/Q (v) triggered by  leading edge of 'clk'
Path Groups: {reg2reg}
Analysis View: all
Other End Arrival Time         -0.124
+ Hold                         -0.001
+ Phase Shift                   0.000
= Required Time                -0.125
  Arrival Time                  0.388
  Slack Time                    0.512
     Clock Rise Edge                      0.000
     + Source Insertion Delay            -0.257
     = Beginpoint Arrival Time           -0.257
     Timing Path:
     +-------------------------------------------------------------------------------+ 
     |        Instance        |     Arc     |   Cell    | Delay | Arrival | Required | 
     |                        |             |           |       |  Time   |   Time   | 
     |------------------------+-------------+-----------+-------+---------+----------| 
     |                        | clk ^       |           |       |  -0.257 |   -0.770 | 
     | CTS_ccl_a_buf_00159    | A ^ -> Y ^  | CLKBUFX20 | 0.176 |  -0.082 |   -0.594 | 
     | CTS_ccl_a_buf_00086    | A ^ -> Y ^  | CLKBUFX6  | 0.193 |   0.111 |   -0.401 | 
     | line_buff_0_reg[65][2] | CK ^ -> Q v | SDFFQX1   | 0.276 |   0.388 |   -0.125 | 
     | line_buff_0_reg[65][2] | D v         | SDFFQX1   | 0.000 |   0.388 |   -0.125 | 
     +-------------------------------------------------------------------------------+ 
     Clock Rise Edge                      0.000
     + Source Insertion Delay            -0.257
     = Beginpoint Arrival Time           -0.257
     Other End Path:
     +------------------------------------------------------------------------------+ 
     |        Instance        |    Arc     |   Cell    | Delay | Arrival | Required | 
     |                        |            |           |       |  Time   |   Time   | 
     |------------------------+------------+-----------+-------+---------+----------| 
     |                        | clk ^      |           |       |  -0.257 |    0.255 | 
     | CTS_ccl_a_buf_00159    | A ^ -> Y ^ | CLKBUFX20 | 0.069 |  -0.189 |    0.323 | 
     | CTS_ccl_a_buf_00086    | A ^ -> Y ^ | CLKBUFX6  | 0.063 |  -0.126 |    0.386 | 
     | line_buff_0_reg[65][2] | CK ^       | SDFFQX1   | 0.002 |  -0.124 |    0.388 | 
     +------------------------------------------------------------------------------+ 
Path 182: MET Hold Check with Pin line_buff_1_reg[287][0]/CK 
Endpoint:   line_buff_1_reg[287][0]/D (v) checked with  leading edge of 'clk'
Beginpoint: line_buff_1_reg[287][0]/Q (v) triggered by  leading edge of 'clk'
Path Groups: {reg2reg}
Analysis View: all
Other End Arrival Time         -0.116
+ Hold                          0.009
+ Phase Shift                   0.000
= Required Time                -0.107
  Arrival Time                  0.405
  Slack Time                    0.512
     Clock Rise Edge                      0.000
     + Source Insertion Delay            -0.257
     = Beginpoint Arrival Time           -0.257
     Timing Path:
     +--------------------------------------------------------------------------------+ 
     |        Instance         |     Arc     |   Cell    | Delay | Arrival | Required | 
     |                         |             |           |       |  Time   |   Time   | 
     |-------------------------+-------------+-----------+-------+---------+----------| 
     |                         | clk ^       |           |       |  -0.257 |   -0.770 | 
     | CTS_ccl_a_buf_00159     | A ^ -> Y ^  | CLKBUFX20 | 0.176 |  -0.082 |   -0.594 | 
     | CTS_ccl_a_buf_00128     | A ^ -> Y ^  | CLKBUFX6  | 0.203 |   0.121 |   -0.391 | 
     | line_buff_1_reg[287][0] | CK ^ -> Q v | SDFFQX1   | 0.284 |   0.405 |   -0.107 | 
     | line_buff_1_reg[287][0] | D v         | SDFFQX1   | 0.000 |   0.405 |   -0.107 | 
     +--------------------------------------------------------------------------------+ 
     Clock Rise Edge                      0.000
     + Source Insertion Delay            -0.257
     = Beginpoint Arrival Time           -0.257
     Other End Path:
     +-------------------------------------------------------------------------------+ 
     |        Instance         |    Arc     |   Cell    | Delay | Arrival | Required | 
     |                         |            |           |       |  Time   |   Time   | 
     |-------------------------+------------+-----------+-------+---------+----------| 
     |                         | clk ^      |           |       |  -0.257 |    0.255 | 
     | CTS_ccl_a_buf_00159     | A ^ -> Y ^ | CLKBUFX20 | 0.069 |  -0.189 |    0.323 | 
     | CTS_ccl_a_buf_00128     | A ^ -> Y ^ | CLKBUFX6  | 0.067 |  -0.122 |    0.390 | 
     | line_buff_1_reg[287][0] | CK ^       | SDFFQX1   | 0.005 |  -0.116 |    0.396 | 
     +-------------------------------------------------------------------------------+ 
Path 183: MET Hold Check with Pin line_buff_1_reg[545][0]/CK 
Endpoint:   line_buff_1_reg[545][0]/D (v) checked with  leading edge of 'clk'
Beginpoint: line_buff_1_reg[545][0]/Q (v) triggered by  leading edge of 'clk'
Path Groups: {reg2reg}
Analysis View: all
Other End Arrival Time         -0.119
+ Hold                          0.007
+ Phase Shift                   0.000
= Required Time                -0.112
  Arrival Time                  0.400
  Slack Time                    0.512
     Clock Rise Edge                      0.000
     + Source Insertion Delay            -0.257
     = Beginpoint Arrival Time           -0.257
     Timing Path:
     +--------------------------------------------------------------------------------+ 
     |        Instance         |     Arc     |   Cell    | Delay | Arrival | Required | 
     |                         |             |           |       |  Time   |   Time   | 
     |-------------------------+-------------+-----------+-------+---------+----------| 
     |                         | clk ^       |           |       |  -0.257 |   -0.770 | 
     | CTS_ccl_a_buf_00159     | A ^ -> Y ^  | CLKBUFX20 | 0.176 |  -0.082 |   -0.594 | 
     | CTS_ccl_a_buf_00099     | A ^ -> Y ^  | CLKBUFX6  | 0.200 |   0.118 |   -0.394 | 
     | line_buff_1_reg[545][0] | CK ^ -> Q v | SDFFQX1   | 0.283 |   0.400 |   -0.112 | 
     | line_buff_1_reg[545][0] | D v         | SDFFQX1   | 0.000 |   0.400 |   -0.112 | 
     +--------------------------------------------------------------------------------+ 
     Clock Rise Edge                      0.000
     + Source Insertion Delay            -0.257
     = Beginpoint Arrival Time           -0.257
     Other End Path:
     +-------------------------------------------------------------------------------+ 
     |        Instance         |    Arc     |   Cell    | Delay | Arrival | Required | 
     |                         |            |           |       |  Time   |   Time   | 
     |-------------------------+------------+-----------+-------+---------+----------| 
     |                         | clk ^      |           |       |  -0.257 |    0.255 | 
     | CTS_ccl_a_buf_00159     | A ^ -> Y ^ | CLKBUFX20 | 0.069 |  -0.189 |    0.323 | 
     | CTS_ccl_a_buf_00099     | A ^ -> Y ^ | CLKBUFX6  | 0.065 |  -0.124 |    0.388 | 
     | line_buff_1_reg[545][0] | CK ^       | SDFFQX1   | 0.005 |  -0.119 |    0.394 | 
     +-------------------------------------------------------------------------------+ 
Path 184: MET Hold Check with Pin line_buff_0_reg[284][3]/CK 
Endpoint:   line_buff_0_reg[284][3]/D (v) checked with  leading edge of 'clk'
Beginpoint: line_buff_0_reg[284][3]/Q (v) triggered by  leading edge of 'clk'
Path Groups: {reg2reg}
Analysis View: all
Other End Arrival Time         -0.117
+ Hold                          0.009
+ Phase Shift                   0.000
= Required Time                -0.108
  Arrival Time                  0.404
  Slack Time                    0.512
     Clock Rise Edge                      0.000
     + Source Insertion Delay            -0.257
     = Beginpoint Arrival Time           -0.257
     Timing Path:
     +--------------------------------------------------------------------------------+ 
     |        Instance         |     Arc     |   Cell    | Delay | Arrival | Required | 
     |                         |             |           |       |  Time   |   Time   | 
     |-------------------------+-------------+-----------+-------+---------+----------| 
     |                         | clk ^       |           |       |  -0.257 |   -0.770 | 
     | CTS_ccl_a_buf_00159     | A ^ -> Y ^  | CLKBUFX20 | 0.176 |  -0.082 |   -0.594 | 
     | CTS_ccl_a_buf_00128     | A ^ -> Y ^  | CLKBUFX6  | 0.203 |   0.121 |   -0.391 | 
     | line_buff_0_reg[284][3] | CK ^ -> Q v | SDFFQX1   | 0.283 |   0.404 |   -0.108 | 
     | line_buff_0_reg[284][3] | D v         | SDFFQX1   | 0.000 |   0.404 |   -0.108 | 
     +--------------------------------------------------------------------------------+ 
     Clock Rise Edge                      0.000
     + Source Insertion Delay            -0.257
     = Beginpoint Arrival Time           -0.257
     Other End Path:
     +-------------------------------------------------------------------------------+ 
     |        Instance         |    Arc     |   Cell    | Delay | Arrival | Required | 
     |                         |            |           |       |  Time   |   Time   | 
     |-------------------------+------------+-----------+-------+---------+----------| 
     |                         | clk ^      |           |       |  -0.257 |    0.255 | 
     | CTS_ccl_a_buf_00159     | A ^ -> Y ^ | CLKBUFX20 | 0.069 |  -0.189 |    0.323 | 
     | CTS_ccl_a_buf_00128     | A ^ -> Y ^ | CLKBUFX6  | 0.067 |  -0.122 |    0.390 | 
     | line_buff_0_reg[284][3] | CK ^       | SDFFQX1   | 0.005 |  -0.117 |    0.395 | 
     +-------------------------------------------------------------------------------+ 
Path 185: MET Hold Check with Pin line_buff_0_reg[590][5]/CK 
Endpoint:   line_buff_0_reg[590][5]/D (v) checked with  leading edge of 'clk'
Beginpoint: line_buff_0_reg[590][5]/Q (v) triggered by  leading edge of 'clk'
Path Groups: {reg2reg}
Analysis View: all
Other End Arrival Time         -0.120
+ Hold                          0.005
+ Phase Shift                   0.000
= Required Time                -0.116
  Arrival Time                  0.397
  Slack Time                    0.512
     Clock Rise Edge                      0.000
     + Source Insertion Delay            -0.257
     = Beginpoint Arrival Time           -0.257
     Timing Path:
     +--------------------------------------------------------------------------------+ 
     |        Instance         |     Arc     |   Cell    | Delay | Arrival | Required | 
     |                         |             |           |       |  Time   |   Time   | 
     |-------------------------+-------------+-----------+-------+---------+----------| 
     |                         | clk ^       |           |       |  -0.257 |   -0.770 | 
     | CTS_ccl_a_buf_00159     | A ^ -> Y ^  | CLKBUFX20 | 0.176 |  -0.082 |   -0.594 | 
     | CTS_ccl_a_buf_00080     | A ^ -> Y ^  | CLKBUFX6  | 0.200 |   0.118 |   -0.394 | 
     | line_buff_0_reg[590][5] | CK ^ -> Q v | SDFFQX1   | 0.278 |   0.397 |   -0.116 | 
     | line_buff_0_reg[590][5] | D v         | SDFFQX1   | 0.000 |   0.397 |   -0.116 | 
     +--------------------------------------------------------------------------------+ 
     Clock Rise Edge                      0.000
     + Source Insertion Delay            -0.257
     = Beginpoint Arrival Time           -0.257
     Other End Path:
     +-------------------------------------------------------------------------------+ 
     |        Instance         |    Arc     |   Cell    | Delay | Arrival | Required | 
     |                         |            |           |       |  Time   |   Time   | 
     |-------------------------+------------+-----------+-------+---------+----------| 
     |                         | clk ^      |           |       |  -0.257 |    0.255 | 
     | CTS_ccl_a_buf_00159     | A ^ -> Y ^ | CLKBUFX20 | 0.069 |  -0.189 |    0.323 | 
     | CTS_ccl_a_buf_00080     | A ^ -> Y ^ | CLKBUFX6  | 0.067 |  -0.122 |    0.391 | 
     | line_buff_0_reg[590][5] | CK ^       | SDFFQX1   | 0.002 |  -0.120 |    0.392 | 
     +-------------------------------------------------------------------------------+ 
Path 186: MET Hold Check with Pin line_buff_1_reg[609][5]/CK 
Endpoint:   line_buff_1_reg[609][5]/D (v) checked with  leading edge of 'clk'
Beginpoint: line_buff_1_reg[609][5]/Q (v) triggered by  leading edge of 'clk'
Path Groups: {reg2reg}
Analysis View: all
Other End Arrival Time         -0.121
+ Hold                          0.005
+ Phase Shift                   0.000
= Required Time                -0.116
  Arrival Time                  0.396
  Slack Time                    0.512
     Clock Rise Edge                      0.000
     + Source Insertion Delay            -0.257
     = Beginpoint Arrival Time           -0.257
     Timing Path:
     +--------------------------------------------------------------------------------+ 
     |        Instance         |     Arc     |   Cell    | Delay | Arrival | Required | 
     |                         |             |           |       |  Time   |   Time   | 
     |-------------------------+-------------+-----------+-------+---------+----------| 
     |                         | clk ^       |           |       |  -0.257 |   -0.770 | 
     | CTS_ccl_a_buf_00159     | A ^ -> Y ^  | CLKBUFX20 | 0.176 |  -0.082 |   -0.594 | 
     | CTS_ccl_a_buf_00093     | A ^ -> Y ^  | CLKBUFX6  | 0.200 |   0.118 |   -0.394 | 
     | line_buff_1_reg[609][5] | CK ^ -> Q v | SDFFQX1   | 0.278 |   0.396 |   -0.116 | 
     | line_buff_1_reg[609][5] | D v         | SDFFQX1   | 0.000 |   0.396 |   -0.116 | 
     +--------------------------------------------------------------------------------+ 
     Clock Rise Edge                      0.000
     + Source Insertion Delay            -0.257
     = Beginpoint Arrival Time           -0.257
     Other End Path:
     +-------------------------------------------------------------------------------+ 
     |        Instance         |    Arc     |   Cell    | Delay | Arrival | Required | 
     |                         |            |           |       |  Time   |   Time   | 
     |-------------------------+------------+-----------+-------+---------+----------| 
     |                         | clk ^      |           |       |  -0.257 |    0.255 | 
     | CTS_ccl_a_buf_00159     | A ^ -> Y ^ | CLKBUFX20 | 0.069 |  -0.189 |    0.323 | 
     | CTS_ccl_a_buf_00093     | A ^ -> Y ^ | CLKBUFX6  | 0.066 |  -0.123 |    0.390 | 
     | line_buff_1_reg[609][5] | CK ^       | SDFFQX1   | 0.002 |  -0.121 |    0.392 | 
     +-------------------------------------------------------------------------------+ 
Path 187: MET Hold Check with Pin line_buff_1_reg[395][1]/CK 
Endpoint:   line_buff_1_reg[395][1]/D (v) checked with  leading edge of 'clk'
Beginpoint: line_buff_1_reg[395][1]/Q (v) triggered by  leading edge of 'clk'
Path Groups: {reg2reg}
Analysis View: all
Other End Arrival Time         -0.123
+ Hold                          0.002
+ Phase Shift                   0.000
= Required Time                -0.121
  Arrival Time                  0.391
  Slack Time                    0.512
     Clock Rise Edge                      0.000
     + Source Insertion Delay            -0.257
     = Beginpoint Arrival Time           -0.257
     Timing Path:
     +--------------------------------------------------------------------------------+ 
     |        Instance         |     Arc     |   Cell    | Delay | Arrival | Required | 
     |                         |             |           |       |  Time   |   Time   | 
     |-------------------------+-------------+-----------+-------+---------+----------| 
     |                         | clk ^       |           |       |  -0.257 |   -0.770 | 
     | CTS_ccl_a_buf_00159     | A ^ -> Y ^  | CLKBUFX20 | 0.176 |  -0.082 |   -0.594 | 
     | CTS_ccl_a_buf_00082     | A ^ -> Y ^  | CLKBUFX6  | 0.197 |   0.115 |   -0.398 | 
     | line_buff_1_reg[395][1] | CK ^ -> Q v | SDFFQX1   | 0.276 |   0.391 |   -0.121 | 
     | line_buff_1_reg[395][1] | D v         | SDFFQX1   | 0.000 |   0.391 |   -0.121 | 
     +--------------------------------------------------------------------------------+ 
     Clock Rise Edge                      0.000
     + Source Insertion Delay            -0.257
     = Beginpoint Arrival Time           -0.257
     Other End Path:
     +-------------------------------------------------------------------------------+ 
     |        Instance         |    Arc     |   Cell    | Delay | Arrival | Required | 
     |                         |            |           |       |  Time   |   Time   | 
     |-------------------------+------------+-----------+-------+---------+----------| 
     |                         | clk ^      |           |       |  -0.257 |    0.255 | 
     | CTS_ccl_a_buf_00159     | A ^ -> Y ^ | CLKBUFX20 | 0.069 |  -0.189 |    0.323 | 
     | CTS_ccl_a_buf_00082     | A ^ -> Y ^ | CLKBUFX6  | 0.064 |  -0.125 |    0.388 | 
     | line_buff_1_reg[395][1] | CK ^       | SDFFQX1   | 0.002 |  -0.123 |    0.389 | 
     +-------------------------------------------------------------------------------+ 
Path 188: MET Hold Check with Pin line_buff_1_reg[393][1]/CK 
Endpoint:   line_buff_1_reg[393][1]/D (v) checked with  leading edge of 'clk'
Beginpoint: line_buff_1_reg[393][1]/Q (v) triggered by  leading edge of 'clk'
Path Groups: {reg2reg}
Analysis View: all
Other End Arrival Time         -0.123
+ Hold                          0.002
+ Phase Shift                   0.000
= Required Time                -0.121
  Arrival Time                  0.391
  Slack Time                    0.512
     Clock Rise Edge                      0.000
     + Source Insertion Delay            -0.257
     = Beginpoint Arrival Time           -0.257
     Timing Path:
     +--------------------------------------------------------------------------------+ 
     |        Instance         |     Arc     |   Cell    | Delay | Arrival | Required | 
     |                         |             |           |       |  Time   |   Time   | 
     |-------------------------+-------------+-----------+-------+---------+----------| 
     |                         | clk ^       |           |       |  -0.257 |   -0.770 | 
     | CTS_ccl_a_buf_00159     | A ^ -> Y ^  | CLKBUFX20 | 0.176 |  -0.082 |   -0.594 | 
     | CTS_ccl_a_buf_00082     | A ^ -> Y ^  | CLKBUFX6  | 0.197 |   0.115 |   -0.398 | 
     | line_buff_1_reg[393][1] | CK ^ -> Q v | SDFFQX1   | 0.277 |   0.391 |   -0.121 | 
     | line_buff_1_reg[393][1] | D v         | SDFFQX1   | 0.000 |   0.391 |   -0.121 | 
     +--------------------------------------------------------------------------------+ 
     Clock Rise Edge                      0.000
     + Source Insertion Delay            -0.257
     = Beginpoint Arrival Time           -0.257
     Other End Path:
     +-------------------------------------------------------------------------------+ 
     |        Instance         |    Arc     |   Cell    | Delay | Arrival | Required | 
     |                         |            |           |       |  Time   |   Time   | 
     |-------------------------+------------+-----------+-------+---------+----------| 
     |                         | clk ^      |           |       |  -0.257 |    0.255 | 
     | CTS_ccl_a_buf_00159     | A ^ -> Y ^ | CLKBUFX20 | 0.069 |  -0.189 |    0.323 | 
     | CTS_ccl_a_buf_00082     | A ^ -> Y ^ | CLKBUFX6  | 0.064 |  -0.125 |    0.388 | 
     | line_buff_1_reg[393][1] | CK ^       | SDFFQX1   | 0.002 |  -0.123 |    0.390 | 
     +-------------------------------------------------------------------------------+ 
Path 189: MET Hold Check with Pin line_buff_0_reg[328][4]/CK 
Endpoint:   line_buff_0_reg[328][4]/D (v) checked with  leading edge of 'clk'
Beginpoint: line_buff_0_reg[328][4]/Q (v) triggered by  leading edge of 'clk'
Path Groups: {reg2reg}
Analysis View: all
Other End Arrival Time         -0.118
+ Hold                         -0.000
+ Phase Shift                   0.000
= Required Time                -0.118
  Arrival Time                  0.394
  Slack Time                    0.512
     Clock Rise Edge                      0.000
     + Source Insertion Delay            -0.257
     = Beginpoint Arrival Time           -0.257
     Timing Path:
     +--------------------------------------------------------------------------------+ 
     |        Instance         |     Arc     |   Cell    | Delay | Arrival | Required | 
     |                         |             |           |       |  Time   |   Time   | 
     |-------------------------+-------------+-----------+-------+---------+----------| 
     |                         | clk ^       |           |       |  -0.257 |   -0.770 | 
     | CTS_ccl_a_buf_00159     | A ^ -> Y ^  | CLKBUFX20 | 0.176 |  -0.082 |   -0.594 | 
     | CTS_ccl_a_buf_00129     | A ^ -> Y ^  | CLKBUFX8  | 0.197 |   0.115 |   -0.397 | 
     | line_buff_0_reg[328][4] | CK ^ -> Q v | SDFFQX1   | 0.279 |   0.394 |   -0.118 | 
     | line_buff_0_reg[328][4] | D v         | SDFFQX1   | 0.000 |   0.394 |   -0.118 | 
     +--------------------------------------------------------------------------------+ 
     Clock Rise Edge                      0.000
     + Source Insertion Delay            -0.257
     = Beginpoint Arrival Time           -0.257
     Other End Path:
     +-------------------------------------------------------------------------------+ 
     |        Instance         |    Arc     |   Cell    | Delay | Arrival | Required | 
     |                         |            |           |       |  Time   |   Time   | 
     |-------------------------+------------+-----------+-------+---------+----------| 
     |                         | clk ^      |           |       |  -0.257 |    0.255 | 
     | CTS_ccl_a_buf_00159     | A ^ -> Y ^ | CLKBUFX20 | 0.069 |  -0.189 |    0.323 | 
     | CTS_ccl_a_buf_00129     | A ^ -> Y ^ | CLKBUFX8  | 0.061 |  -0.128 |    0.384 | 
     | line_buff_0_reg[328][4] | CK ^       | SDFFQX1   | 0.010 |  -0.118 |    0.395 | 
     +-------------------------------------------------------------------------------+ 
Path 190: MET Hold Check with Pin line_buff_1_reg[65][3]/CK 
Endpoint:   line_buff_1_reg[65][3]/D (v) checked with  leading edge of 'clk'
Beginpoint: line_buff_1_reg[65][3]/Q (v) triggered by  leading edge of 'clk'
Path Groups: {reg2reg}
Analysis View: all
Other End Arrival Time         -0.124
+ Hold                         -0.001
+ Phase Shift                   0.000
= Required Time                -0.125
  Arrival Time                  0.388
  Slack Time                    0.512
     Clock Rise Edge                      0.000
     + Source Insertion Delay            -0.257
     = Beginpoint Arrival Time           -0.257
     Timing Path:
     +-------------------------------------------------------------------------------+ 
     |        Instance        |     Arc     |   Cell    | Delay | Arrival | Required | 
     |                        |             |           |       |  Time   |   Time   | 
     |------------------------+-------------+-----------+-------+---------+----------| 
     |                        | clk ^       |           |       |  -0.257 |   -0.770 | 
     | CTS_ccl_a_buf_00159    | A ^ -> Y ^  | CLKBUFX20 | 0.176 |  -0.082 |   -0.594 | 
     | CTS_ccl_a_buf_00086    | A ^ -> Y ^  | CLKBUFX6  | 0.193 |   0.111 |   -0.401 | 
     | line_buff_1_reg[65][3] | CK ^ -> Q v | SDFFQX1   | 0.276 |   0.388 |   -0.125 | 
     | line_buff_1_reg[65][3] | D v         | SDFFQX1   | 0.000 |   0.388 |   -0.125 | 
     +-------------------------------------------------------------------------------+ 
     Clock Rise Edge                      0.000
     + Source Insertion Delay            -0.257
     = Beginpoint Arrival Time           -0.257
     Other End Path:
     +------------------------------------------------------------------------------+ 
     |        Instance        |    Arc     |   Cell    | Delay | Arrival | Required | 
     |                        |            |           |       |  Time   |   Time   | 
     |------------------------+------------+-----------+-------+---------+----------| 
     |                        | clk ^      |           |       |  -0.257 |    0.255 | 
     | CTS_ccl_a_buf_00159    | A ^ -> Y ^ | CLKBUFX20 | 0.069 |  -0.189 |    0.324 | 
     | CTS_ccl_a_buf_00086    | A ^ -> Y ^ | CLKBUFX6  | 0.063 |  -0.126 |    0.387 | 
     | line_buff_1_reg[65][3] | CK ^       | SDFFQX1   | 0.002 |  -0.124 |    0.388 | 
     +------------------------------------------------------------------------------+ 
Path 191: MET Hold Check with Pin line_buff_1_reg[622][4]/CK 
Endpoint:   line_buff_1_reg[622][4]/D (v) checked with  leading edge of 'clk'
Beginpoint: line_buff_1_reg[622][4]/Q (v) triggered by  leading edge of 'clk'
Path Groups: {reg2reg}
Analysis View: all
Other End Arrival Time         -0.121
+ Hold                          0.005
+ Phase Shift                   0.000
= Required Time                -0.117
  Arrival Time                  0.396
  Slack Time                    0.512
     Clock Rise Edge                      0.000
     + Source Insertion Delay            -0.257
     = Beginpoint Arrival Time           -0.257
     Timing Path:
     +--------------------------------------------------------------------------------+ 
     |        Instance         |     Arc     |   Cell    | Delay | Arrival | Required | 
     |                         |             |           |       |  Time   |   Time   | 
     |-------------------------+-------------+-----------+-------+---------+----------| 
     |                         | clk ^       |           |       |  -0.257 |   -0.770 | 
     | CTS_ccl_a_buf_00159     | A ^ -> Y ^  | CLKBUFX20 | 0.176 |  -0.082 |   -0.594 | 
     | CTS_ccl_a_buf_00093     | A ^ -> Y ^  | CLKBUFX6  | 0.200 |   0.118 |   -0.394 | 
     | line_buff_1_reg[622][4] | CK ^ -> Q v | SDFFQX1   | 0.277 |   0.396 |   -0.117 | 
     | line_buff_1_reg[622][4] | D v         | SDFFQX1   | 0.000 |   0.396 |   -0.117 | 
     +--------------------------------------------------------------------------------+ 
     Clock Rise Edge                      0.000
     + Source Insertion Delay            -0.257
     = Beginpoint Arrival Time           -0.257
     Other End Path:
     +-------------------------------------------------------------------------------+ 
     |        Instance         |    Arc     |   Cell    | Delay | Arrival | Required | 
     |                         |            |           |       |  Time   |   Time   | 
     |-------------------------+------------+-----------+-------+---------+----------| 
     |                         | clk ^      |           |       |  -0.257 |    0.255 | 
     | CTS_ccl_a_buf_00159     | A ^ -> Y ^ | CLKBUFX20 | 0.069 |  -0.189 |    0.324 | 
     | CTS_ccl_a_buf_00093     | A ^ -> Y ^ | CLKBUFX6  | 0.066 |  -0.123 |    0.390 | 
     | line_buff_1_reg[622][4] | CK ^       | SDFFQX1   | 0.001 |  -0.121 |    0.391 | 
     +-------------------------------------------------------------------------------+ 
Path 192: MET Hold Check with Pin line_buff_1_reg[279][4]/CK 
Endpoint:   line_buff_1_reg[279][4]/D (v) checked with  leading edge of 'clk'
Beginpoint: line_buff_1_reg[279][4]/Q (v) triggered by  leading edge of 'clk'
Path Groups: {reg2reg}
Analysis View: all
Other End Arrival Time         -0.117
+ Hold                          0.009
+ Phase Shift                   0.000
= Required Time                -0.108
  Arrival Time                  0.404
  Slack Time                    0.512
     Clock Rise Edge                      0.000
     + Source Insertion Delay            -0.257
     = Beginpoint Arrival Time           -0.257
     Timing Path:
     +--------------------------------------------------------------------------------+ 
     |        Instance         |     Arc     |   Cell    | Delay | Arrival | Required | 
     |                         |             |           |       |  Time   |   Time   | 
     |-------------------------+-------------+-----------+-------+---------+----------| 
     |                         | clk ^       |           |       |  -0.257 |   -0.770 | 
     | CTS_ccl_a_buf_00159     | A ^ -> Y ^  | CLKBUFX20 | 0.176 |  -0.082 |   -0.594 | 
     | CTS_ccl_a_buf_00133     | A ^ -> Y ^  | CLKBUFX6  | 0.203 |   0.121 |   -0.391 | 
     | line_buff_1_reg[279][4] | CK ^ -> Q v | SDFFQX1   | 0.283 |   0.404 |   -0.108 | 
     | line_buff_1_reg[279][4] | D v         | SDFFQX1   | 0.000 |   0.404 |   -0.108 | 
     +--------------------------------------------------------------------------------+ 
     Clock Rise Edge                      0.000
     + Source Insertion Delay            -0.257
     = Beginpoint Arrival Time           -0.257
     Other End Path:
     +-------------------------------------------------------------------------------+ 
     |        Instance         |    Arc     |   Cell    | Delay | Arrival | Required | 
     |                         |            |           |       |  Time   |   Time   | 
     |-------------------------+------------+-----------+-------+---------+----------| 
     |                         | clk ^      |           |       |  -0.257 |    0.255 | 
     | CTS_ccl_a_buf_00159     | A ^ -> Y ^ | CLKBUFX20 | 0.069 |  -0.189 |    0.324 | 
     | CTS_ccl_a_buf_00133     | A ^ -> Y ^ | CLKBUFX6  | 0.068 |  -0.121 |    0.391 | 
     | line_buff_1_reg[279][4] | CK ^       | SDFFQX1   | 0.004 |  -0.117 |    0.395 | 
     +-------------------------------------------------------------------------------+ 
Path 193: MET Hold Check with Pin line_buff_1_reg[68][0]/CK 
Endpoint:   line_buff_1_reg[68][0]/D (v) checked with  leading edge of 'clk'
Beginpoint: line_buff_1_reg[68][0]/Q (v) triggered by  leading edge of 'clk'
Path Groups: {reg2reg}
Analysis View: all
Other End Arrival Time         -0.119
+ Hold                          0.008
+ Phase Shift                   0.000
= Required Time                -0.111
  Arrival Time                  0.401
  Slack Time                    0.512
     Clock Rise Edge                      0.000
     + Source Insertion Delay            -0.257
     = Beginpoint Arrival Time           -0.257
     Timing Path:
     +-------------------------------------------------------------------------------+ 
     |        Instance        |     Arc     |   Cell    | Delay | Arrival | Required | 
     |                        |             |           |       |  Time   |   Time   | 
     |------------------------+-------------+-----------+-------+---------+----------| 
     |                        | clk ^       |           |       |  -0.257 |   -0.770 | 
     | CTS_ccl_a_buf_00159    | A ^ -> Y ^  | CLKBUFX20 | 0.176 |  -0.082 |   -0.594 | 
     | CTS_ccl_a_buf_00115    | A ^ -> Y ^  | CLKBUFX6  | 0.201 |   0.119 |   -0.393 | 
     | line_buff_1_reg[68][0] | CK ^ -> Q v | SDFFQX1   | 0.282 |   0.401 |   -0.111 | 
     | line_buff_1_reg[68][0] | D v         | SDFFQX1   | 0.000 |   0.401 |   -0.111 | 
     +-------------------------------------------------------------------------------+ 
     Clock Rise Edge                      0.000
     + Source Insertion Delay            -0.257
     = Beginpoint Arrival Time           -0.257
     Other End Path:
     +------------------------------------------------------------------------------+ 
     |        Instance        |    Arc     |   Cell    | Delay | Arrival | Required | 
     |                        |            |           |       |  Time   |   Time   | 
     |------------------------+------------+-----------+-------+---------+----------| 
     |                        | clk ^      |           |       |  -0.257 |    0.255 | 
     | CTS_ccl_a_buf_00159    | A ^ -> Y ^ | CLKBUFX20 | 0.069 |  -0.189 |    0.324 | 
     | CTS_ccl_a_buf_00115    | A ^ -> Y ^ | CLKBUFX6  | 0.065 |  -0.123 |    0.389 | 
     | line_buff_1_reg[68][0] | CK ^       | SDFFQX1   | 0.004 |  -0.119 |    0.393 | 
     +------------------------------------------------------------------------------+ 
Path 194: MET Hold Check with Pin line_buff_1_reg[362][0]/CK 
Endpoint:   line_buff_1_reg[362][0]/D (v) checked with  leading edge of 'clk'
Beginpoint: line_buff_1_reg[362][0]/Q (v) triggered by  leading edge of 'clk'
Path Groups: {reg2reg}
Analysis View: all
Other End Arrival Time         -0.115
+ Hold                          0.010
+ Phase Shift                   0.000
= Required Time                -0.105
  Arrival Time                  0.408
  Slack Time                    0.512
     Clock Rise Edge                      0.000
     + Source Insertion Delay            -0.257
     = Beginpoint Arrival Time           -0.257
     Timing Path:
     +--------------------------------------------------------------------------------+ 
     |        Instance         |     Arc     |   Cell    | Delay | Arrival | Required | 
     |                         |             |           |       |  Time   |   Time   | 
     |-------------------------+-------------+-----------+-------+---------+----------| 
     |                         | clk ^       |           |       |  -0.257 |   -0.770 | 
     | CTS_ccl_a_buf_00159     | A ^ -> Y ^  | CLKBUFX20 | 0.176 |  -0.082 |   -0.594 | 
     | CTS_ccl_a_buf_00123     | A ^ -> Y ^  | CLKBUFX6  | 0.203 |   0.121 |   -0.391 | 
     | line_buff_1_reg[362][0] | CK ^ -> Q v | SDFFQX1   | 0.286 |   0.408 |   -0.105 | 
     | line_buff_1_reg[362][0] | D v         | SDFFQX1   | 0.000 |   0.408 |   -0.105 | 
     +--------------------------------------------------------------------------------+ 
     Clock Rise Edge                      0.000
     + Source Insertion Delay            -0.257
     = Beginpoint Arrival Time           -0.257
     Other End Path:
     +-------------------------------------------------------------------------------+ 
     |        Instance         |    Arc     |   Cell    | Delay | Arrival | Required | 
     |                         |            |           |       |  Time   |   Time   | 
     |-------------------------+------------+-----------+-------+---------+----------| 
     |                         | clk ^      |           |       |  -0.257 |    0.255 | 
     | CTS_ccl_a_buf_00159     | A ^ -> Y ^ | CLKBUFX20 | 0.069 |  -0.189 |    0.324 | 
     | CTS_ccl_a_buf_00123     | A ^ -> Y ^ | CLKBUFX6  | 0.066 |  -0.122 |    0.390 | 
     | line_buff_1_reg[362][0] | CK ^       | SDFFQX1   | 0.007 |  -0.115 |    0.397 | 
     +-------------------------------------------------------------------------------+ 
Path 195: MET Hold Check with Pin line_buff_1_reg[298][1]/CK 
Endpoint:   line_buff_1_reg[298][1]/D (v) checked with  leading edge of 'clk'
Beginpoint: line_buff_1_reg[298][1]/Q (v) triggered by  leading edge of 'clk'
Path Groups: {reg2reg}
Analysis View: all
Other End Arrival Time         -0.120
+ Hold                          0.003
+ Phase Shift                   0.000
= Required Time                -0.118
  Arrival Time                  0.395
  Slack Time                    0.512
     Clock Rise Edge                      0.000
     + Source Insertion Delay            -0.257
     = Beginpoint Arrival Time           -0.257
     Timing Path:
     +--------------------------------------------------------------------------------+ 
     |        Instance         |     Arc     |   Cell    | Delay | Arrival | Required | 
     |                         |             |           |       |  Time   |   Time   | 
     |-------------------------+-------------+-----------+-------+---------+----------| 
     |                         | clk ^       |           |       |  -0.257 |   -0.770 | 
     | CTS_ccl_a_buf_00159     | A ^ -> Y ^  | CLKBUFX20 | 0.176 |  -0.082 |   -0.594 | 
     | CTS_ccl_a_buf_00090     | A ^ -> Y ^  | CLKBUFX6  | 0.199 |   0.117 |   -0.395 | 
     | line_buff_1_reg[298][1] | CK ^ -> Q v | SDFFQX1   | 0.278 |   0.395 |   -0.118 | 
     | line_buff_1_reg[298][1] | D v         | SDFFQX1   | 0.000 |   0.395 |   -0.118 | 
     +--------------------------------------------------------------------------------+ 
     Clock Rise Edge                      0.000
     + Source Insertion Delay            -0.257
     = Beginpoint Arrival Time           -0.257
     Other End Path:
     +-------------------------------------------------------------------------------+ 
     |        Instance         |    Arc     |   Cell    | Delay | Arrival | Required | 
     |                         |            |           |       |  Time   |   Time   | 
     |-------------------------+------------+-----------+-------+---------+----------| 
     |                         | clk ^      |           |       |  -0.257 |    0.255 | 
     | CTS_ccl_a_buf_00159     | A ^ -> Y ^ | CLKBUFX20 | 0.069 |  -0.189 |    0.324 | 
     | CTS_ccl_a_buf_00090     | A ^ -> Y ^ | CLKBUFX6  | 0.067 |  -0.122 |    0.391 | 
     | line_buff_1_reg[298][1] | CK ^       | SDFFQX1   | 0.002 |  -0.120 |    0.392 | 
     +-------------------------------------------------------------------------------+ 
Path 196: MET Hold Check with Pin line_buff_1_reg[372][2]/CK 
Endpoint:   line_buff_1_reg[372][2]/D (v) checked with  leading edge of 'clk'
Beginpoint: line_buff_1_reg[372][2]/Q (v) triggered by  leading edge of 'clk'
Path Groups: {reg2reg}
Analysis View: all
Other End Arrival Time         -0.116
+ Hold                          0.011
+ Phase Shift                   0.000
= Required Time                -0.106
  Arrival Time                  0.407
  Slack Time                    0.512
     Clock Rise Edge                      0.000
     + Source Insertion Delay            -0.257
     = Beginpoint Arrival Time           -0.257
     Timing Path:
     +--------------------------------------------------------------------------------+ 
     |        Instance         |     Arc     |   Cell    | Delay | Arrival | Required | 
     |                         |             |           |       |  Time   |   Time   | 
     |-------------------------+-------------+-----------+-------+---------+----------| 
     |                         | clk ^       |           |       |  -0.257 |   -0.770 | 
     | CTS_ccl_a_buf_00159     | A ^ -> Y ^  | CLKBUFX20 | 0.176 |  -0.082 |   -0.594 | 
     | CTS_ccl_a_buf_00123     | A ^ -> Y ^  | CLKBUFX6  | 0.203 |   0.121 |   -0.391 | 
     | line_buff_1_reg[372][2] | CK ^ -> Q v | SDFFQX1   | 0.285 |   0.407 |   -0.106 | 
     | line_buff_1_reg[372][2] | D v         | SDFFQX1   | 0.000 |   0.407 |   -0.106 | 
     +--------------------------------------------------------------------------------+ 
     Clock Rise Edge                      0.000
     + Source Insertion Delay            -0.257
     = Beginpoint Arrival Time           -0.257
     Other End Path:
     +-------------------------------------------------------------------------------+ 
     |        Instance         |    Arc     |   Cell    | Delay | Arrival | Required | 
     |                         |            |           |       |  Time   |   Time   | 
     |-------------------------+------------+-----------+-------+---------+----------| 
     |                         | clk ^      |           |       |  -0.257 |    0.255 | 
     | CTS_ccl_a_buf_00159     | A ^ -> Y ^ | CLKBUFX20 | 0.069 |  -0.189 |    0.324 | 
     | CTS_ccl_a_buf_00123     | A ^ -> Y ^ | CLKBUFX6  | 0.066 |  -0.122 |    0.390 | 
     | line_buff_1_reg[372][2] | CK ^       | SDFFQX1   | 0.006 |  -0.116 |    0.396 | 
     +-------------------------------------------------------------------------------+ 
Path 197: MET Hold Check with Pin line_buff_0_reg[542][0]/CK 
Endpoint:   line_buff_0_reg[542][0]/D (v) checked with  leading edge of 'clk'
Beginpoint: line_buff_0_reg[542][0]/Q (v) triggered by  leading edge of 'clk'
Path Groups: {reg2reg}
Analysis View: all
Other End Arrival Time         -0.119
+ Hold                          0.007
+ Phase Shift                   0.000
= Required Time                -0.112
  Arrival Time                  0.401
  Slack Time                    0.512
     Clock Rise Edge                      0.000
     + Source Insertion Delay            -0.257
     = Beginpoint Arrival Time           -0.257
     Timing Path:
     +--------------------------------------------------------------------------------+ 
     |        Instance         |     Arc     |   Cell    | Delay | Arrival | Required | 
     |                         |             |           |       |  Time   |   Time   | 
     |-------------------------+-------------+-----------+-------+---------+----------| 
     |                         | clk ^       |           |       |  -0.257 |   -0.770 | 
     | CTS_ccl_a_buf_00159     | A ^ -> Y ^  | CLKBUFX20 | 0.176 |  -0.082 |   -0.594 | 
     | CTS_ccl_a_buf_00100     | A ^ -> Y ^  | CLKBUFX6  | 0.201 |   0.119 |   -0.393 | 
     | line_buff_0_reg[542][0] | CK ^ -> Q v | SDFFQX1   | 0.282 |   0.401 |   -0.112 | 
     | line_buff_0_reg[542][0] | D v         | SDFFQX1   | 0.000 |   0.401 |   -0.112 | 
     +--------------------------------------------------------------------------------+ 
     Clock Rise Edge                      0.000
     + Source Insertion Delay            -0.257
     = Beginpoint Arrival Time           -0.257
     Other End Path:
     +-------------------------------------------------------------------------------+ 
     |        Instance         |    Arc     |   Cell    | Delay | Arrival | Required | 
     |                         |            |           |       |  Time   |   Time   | 
     |-------------------------+------------+-----------+-------+---------+----------| 
     |                         | clk ^      |           |       |  -0.257 |    0.255 | 
     | CTS_ccl_a_buf_00159     | A ^ -> Y ^ | CLKBUFX20 | 0.069 |  -0.189 |    0.324 | 
     | CTS_ccl_a_buf_00100     | A ^ -> Y ^ | CLKBUFX6  | 0.066 |  -0.123 |    0.389 | 
     | line_buff_0_reg[542][0] | CK ^       | SDFFQX1   | 0.004 |  -0.119 |    0.393 | 
     +-------------------------------------------------------------------------------+ 
Path 198: MET Hold Check with Pin line_buff_0_reg[623][4]/CK 
Endpoint:   line_buff_0_reg[623][4]/SI (v) checked with  leading edge of 'clk'
Beginpoint: line_buff_0_reg[623][4]/Q  (v) triggered by  leading edge of 'clk'
Path Groups: {reg2reg}
Analysis View: all
Other End Arrival Time         -0.121
+ Hold                          0.002
+ Phase Shift                   0.000
= Required Time                -0.119
  Arrival Time                  0.393
  Slack Time                    0.512
     Clock Rise Edge                      0.000
     + Source Insertion Delay            -0.257
     = Beginpoint Arrival Time           -0.257
     Timing Path:
     +--------------------------------------------------------------------------------+ 
     |        Instance         |     Arc     |   Cell    | Delay | Arrival | Required | 
     |                         |             |           |       |  Time   |   Time   | 
     |-------------------------+-------------+-----------+-------+---------+----------| 
     |                         | clk ^       |           |       |  -0.257 |   -0.770 | 
     | CTS_ccl_a_buf_00159     | A ^ -> Y ^  | CLKBUFX20 | 0.176 |  -0.082 |   -0.594 | 
     | CTS_ccl_a_buf_00090     | A ^ -> Y ^  | CLKBUFX6  | 0.199 |   0.117 |   -0.395 | 
     | line_buff_0_reg[623][4] | CK ^ -> Q v | SDFFQX1   | 0.276 |   0.393 |   -0.119 | 
     | line_buff_0_reg[623][4] | SI v        | SDFFQX1   | 0.000 |   0.393 |   -0.119 | 
     +--------------------------------------------------------------------------------+ 
     Clock Rise Edge                      0.000
     + Source Insertion Delay            -0.257
     = Beginpoint Arrival Time           -0.257
     Other End Path:
     +-------------------------------------------------------------------------------+ 
     |        Instance         |    Arc     |   Cell    | Delay | Arrival | Required | 
     |                         |            |           |       |  Time   |   Time   | 
     |-------------------------+------------+-----------+-------+---------+----------| 
     |                         | clk ^      |           |       |  -0.257 |    0.255 | 
     | CTS_ccl_a_buf_00159     | A ^ -> Y ^ | CLKBUFX20 | 0.069 |  -0.189 |    0.324 | 
     | CTS_ccl_a_buf_00090     | A ^ -> Y ^ | CLKBUFX6  | 0.067 |  -0.122 |    0.391 | 
     | line_buff_0_reg[623][4] | CK ^       | SDFFQX1   | 0.001 |  -0.121 |    0.392 | 
     +-------------------------------------------------------------------------------+ 
Path 199: MET Hold Check with Pin line_buff_1_reg[639][5]/CK 
Endpoint:   line_buff_1_reg[639][5]/SI (v) checked with  leading edge of 'clk'
Beginpoint: line_buff_1_reg[639][5]/Q  (v) triggered by  leading edge of 'clk'
Path Groups: {reg2reg}
Analysis View: all
Other End Arrival Time         -0.123
+ Hold                          0.001
+ Phase Shift                   0.000
= Required Time                -0.122
  Arrival Time                  0.390
  Slack Time                    0.512
     Clock Rise Edge                      0.000
     + Source Insertion Delay            -0.257
     = Beginpoint Arrival Time           -0.257
     Timing Path:
     +--------------------------------------------------------------------------------+ 
     |        Instance         |     Arc     |   Cell    | Delay | Arrival | Required | 
     |                         |             |           |       |  Time   |   Time   | 
     |-------------------------+-------------+-----------+-------+---------+----------| 
     |                         | clk ^       |           |       |  -0.257 |   -0.770 | 
     | CTS_ccl_a_buf_00159     | A ^ -> Y ^  | CLKBUFX20 | 0.176 |  -0.082 |   -0.594 | 
     | CTS_ccl_a_buf_00082     | A ^ -> Y ^  | CLKBUFX6  | 0.197 |   0.115 |   -0.398 | 
     | line_buff_1_reg[639][5] | CK ^ -> Q v | SDFFQX1   | 0.276 |   0.390 |   -0.122 | 
     | line_buff_1_reg[639][5] | SI v        | SDFFQX1   | 0.000 |   0.390 |   -0.122 | 
     +--------------------------------------------------------------------------------+ 
     Clock Rise Edge                      0.000
     + Source Insertion Delay            -0.257
     = Beginpoint Arrival Time           -0.257
     Other End Path:
     +-------------------------------------------------------------------------------+ 
     |        Instance         |    Arc     |   Cell    | Delay | Arrival | Required | 
     |                         |            |           |       |  Time   |   Time   | 
     |-------------------------+------------+-----------+-------+---------+----------| 
     |                         | clk ^      |           |       |  -0.257 |    0.255 | 
     | CTS_ccl_a_buf_00159     | A ^ -> Y ^ | CLKBUFX20 | 0.069 |  -0.189 |    0.324 | 
     | CTS_ccl_a_buf_00082     | A ^ -> Y ^ | CLKBUFX6  | 0.064 |  -0.125 |    0.388 | 
     | line_buff_1_reg[639][5] | CK ^       | SDFFQX1   | 0.002 |  -0.123 |    0.390 | 
     +-------------------------------------------------------------------------------+ 
Path 200: MET Hold Check with Pin line_buff_1_reg[399][0]/CK 
Endpoint:   line_buff_1_reg[399][0]/D (v) checked with  leading edge of 'clk'
Beginpoint: line_buff_1_reg[399][0]/Q (v) triggered by  leading edge of 'clk'
Path Groups: {reg2reg}
Analysis View: all
Other End Arrival Time         -0.123
+ Hold                          0.002
+ Phase Shift                   0.000
= Required Time                -0.122
  Arrival Time                  0.391
  Slack Time                    0.512
     Clock Rise Edge                      0.000
     + Source Insertion Delay            -0.257
     = Beginpoint Arrival Time           -0.257
     Timing Path:
     +--------------------------------------------------------------------------------+ 
     |        Instance         |     Arc     |   Cell    | Delay | Arrival | Required | 
     |                         |             |           |       |  Time   |   Time   | 
     |-------------------------+-------------+-----------+-------+---------+----------| 
     |                         | clk ^       |           |       |  -0.257 |   -0.770 | 
     | CTS_ccl_a_buf_00159     | A ^ -> Y ^  | CLKBUFX20 | 0.176 |  -0.082 |   -0.594 | 
     | CTS_ccl_a_buf_00082     | A ^ -> Y ^  | CLKBUFX6  | 0.197 |   0.115 |   -0.398 | 
     | line_buff_1_reg[399][0] | CK ^ -> Q v | SDFFQX1   | 0.276 |   0.391 |   -0.122 | 
     | line_buff_1_reg[399][0] | D v         | SDFFQX1   | 0.000 |   0.391 |   -0.122 | 
     +--------------------------------------------------------------------------------+ 
     Clock Rise Edge                      0.000
     + Source Insertion Delay            -0.257
     = Beginpoint Arrival Time           -0.257
     Other End Path:
     +-------------------------------------------------------------------------------+ 
     |        Instance         |    Arc     |   Cell    | Delay | Arrival | Required | 
     |                         |            |           |       |  Time   |   Time   | 
     |-------------------------+------------+-----------+-------+---------+----------| 
     |                         | clk ^      |           |       |  -0.257 |    0.255 | 
     | CTS_ccl_a_buf_00159     | A ^ -> Y ^ | CLKBUFX20 | 0.069 |  -0.189 |    0.324 | 
     | CTS_ccl_a_buf_00082     | A ^ -> Y ^ | CLKBUFX6  | 0.064 |  -0.125 |    0.388 | 
     | line_buff_1_reg[399][0] | CK ^       | SDFFQX1   | 0.001 |  -0.123 |    0.389 | 
     +-------------------------------------------------------------------------------+ 

