###############################################################
#  Generated by:      Cadence Innovus 25.10-p002_1
#  OS:                Linux x86_64(Host ID lnx60)
#  Generated on:      Sun Jun 28 10:18:30 2026
#  Design:            gaussian_filter
#  Command:           report_timing -max_paths 50 \
#    > /home/niorr/FPT_Bulbasaurs/physical_design/results/gaussian/reports/worst_timing_paths.rpt
###############################################################
Path 1: MET Late External Delay Assertion 
Endpoint:   o_vsync (v) checked with  leading edge of 'clk'
Beginpoint: i_vsync (v) triggered by  leading edge of 'clk'
Path Groups: {clk}
Analysis View: all
Other End Arrival Time          0.000
- External Delay                1.000
+ Phase Shift                   4.000
= Required Time                 3.000
- Arrival Time                  1.036
= Slack Time                    1.964
     Clock Rise Edge                      0.000
     + Input Delay                        1.000
     = Beginpoint Arrival Time            1.000
     +----------------------------------------------------------+ 
     | Instance |    Arc    | Cell | Delay | Arrival | Required | 
     |          |           |      |       |  Time   |   Time   | 
     |----------+-----------+------+-------+---------+----------| 
     |          | i_vsync v |      |       |   1.000 |    2.964 | 
     |          | o_vsync v |      | 0.036 |   1.036 |    3.000 | 
     +----------------------------------------------------------+ 
Path 2: MET Setup Check with Pin line_buff_1_reg[204][4]/CK 
Endpoint:   line_buff_1_reg[204][4]/SE (v) checked with  leading edge of 'clk'
Beginpoint: i_href                     (^) triggered by  leading edge of 'clk'
Path Groups: {clk}
Analysis View: all
Other End Arrival Time          0.123
- Setup                         0.278
+ Phase Shift                   4.000
= Required Time                 3.845
- Arrival Time                  1.712
= Slack Time                    2.133
     Clock Rise Edge                      0.000
     + Input Delay                        1.000
     = Beginpoint Arrival Time            1.000
     +-------------------------------------------------------------------------------+ 
     |        Instance         |     Arc     |   Cell   | Delay | Arrival | Required | 
     |                         |             |          |       |  Time   |   Time   | 
     |-------------------------+-------------+----------+-------+---------+----------| 
     |                         | i_href ^    |          |       |   1.000 |    3.133 | 
     | g79753                  | A ^ -> Y v  | INVX1    | 0.045 |   1.045 |    3.179 | 
     | g79726                  | B v -> Y ^  | NOR2X1   | 0.033 |   1.078 |    3.211 | 
     | g79692                  | B ^ -> Y v  | NAND2X1  | 0.026 |   1.104 |    3.237 | 
     | g79814                  | AN v -> Y v | NAND2BX1 | 0.025 |   1.129 |    3.262 | 
     | FE_OFC885_n_4           | A v -> Y ^  | INVX1    | 0.063 |   1.192 |    3.325 | 
     | FE_OFC1204_n_4          | A ^ -> Y v  | INVX1    | 0.128 |   1.319 |    3.453 | 
     | g79569                  | B v -> Y ^  | NOR2X1   | 0.128 |   1.447 |    3.580 | 
     | FE_OFC690_n_149         | A ^ -> Y ^  | BUFX2    | 0.116 |   1.563 |    3.697 | 
     | g79209                  | B ^ -> Y v  | NAND2X1  | 0.148 |   1.712 |    3.845 | 
     | line_buff_1_reg[204][4] | SE v        | SDFFQX1  | 0.000 |   1.712 |    3.845 | 
     +-------------------------------------------------------------------------------+ 
Path 3: MET Setup Check with Pin line_buff_1_reg[204][1]/CK 
Endpoint:   line_buff_1_reg[204][1]/SE (v) checked with  leading edge of 'clk'
Beginpoint: i_href                     (^) triggered by  leading edge of 'clk'
Path Groups: {clk}
Analysis View: all
Other End Arrival Time          0.123
- Setup                         0.278
+ Phase Shift                   4.000
= Required Time                 3.845
- Arrival Time                  1.712
= Slack Time                    2.133
     Clock Rise Edge                      0.000
     + Input Delay                        1.000
     = Beginpoint Arrival Time            1.000
     +-------------------------------------------------------------------------------+ 
     |        Instance         |     Arc     |   Cell   | Delay | Arrival | Required | 
     |                         |             |          |       |  Time   |   Time   | 
     |-------------------------+-------------+----------+-------+---------+----------| 
     |                         | i_href ^    |          |       |   1.000 |    3.133 | 
     | g79753                  | A ^ -> Y v  | INVX1    | 0.045 |   1.045 |    3.179 | 
     | g79726                  | B v -> Y ^  | NOR2X1   | 0.033 |   1.078 |    3.211 | 
     | g79692                  | B ^ -> Y v  | NAND2X1  | 0.026 |   1.104 |    3.237 | 
     | g79814                  | AN v -> Y v | NAND2BX1 | 0.025 |   1.129 |    3.262 | 
     | FE_OFC885_n_4           | A v -> Y ^  | INVX1    | 0.063 |   1.192 |    3.325 | 
     | FE_OFC1204_n_4          | A ^ -> Y v  | INVX1    | 0.128 |   1.319 |    3.453 | 
     | g79569                  | B v -> Y ^  | NOR2X1   | 0.128 |   1.447 |    3.580 | 
     | FE_OFC690_n_149         | A ^ -> Y ^  | BUFX2    | 0.116 |   1.563 |    3.697 | 
     | g79209                  | B ^ -> Y v  | NAND2X1  | 0.148 |   1.712 |    3.845 | 
     | line_buff_1_reg[204][1] | SE v        | SDFFQX1  | 0.000 |   1.712 |    3.845 | 
     +-------------------------------------------------------------------------------+ 
Path 4: MET Setup Check with Pin line_buff_0_reg[204][1]/CK 
Endpoint:   line_buff_0_reg[204][1]/SE (v) checked with  leading edge of 'clk'
Beginpoint: i_href                     (^) triggered by  leading edge of 'clk'
Path Groups: {clk}
Analysis View: all
Other End Arrival Time          0.127
- Setup                         0.277
+ Phase Shift                   4.000
= Required Time                 3.849
- Arrival Time                  1.712
= Slack Time                    2.137
     Clock Rise Edge                      0.000
     + Input Delay                        1.000
     = Beginpoint Arrival Time            1.000
     +-------------------------------------------------------------------------------+ 
     |        Instance         |     Arc     |   Cell   | Delay | Arrival | Required | 
     |                         |             |          |       |  Time   |   Time   | 
     |-------------------------+-------------+----------+-------+---------+----------| 
     |                         | i_href ^    |          |       |   1.000 |    3.137 | 
     | g79753                  | A ^ -> Y v  | INVX1    | 0.045 |   1.045 |    3.183 | 
     | g79726                  | B v -> Y ^  | NOR2X1   | 0.033 |   1.078 |    3.215 | 
     | g79692                  | B ^ -> Y v  | NAND2X1  | 0.026 |   1.104 |    3.241 | 
     | g79814                  | AN v -> Y v | NAND2BX1 | 0.025 |   1.129 |    3.266 | 
     | FE_OFC885_n_4           | A v -> Y ^  | INVX1    | 0.063 |   1.192 |    3.329 | 
     | FE_OFC1204_n_4          | A ^ -> Y v  | INVX1    | 0.128 |   1.319 |    3.456 | 
     | g79569                  | B v -> Y ^  | NOR2X1   | 0.128 |   1.447 |    3.584 | 
     | FE_OFC690_n_149         | A ^ -> Y ^  | BUFX2    | 0.116 |   1.563 |    3.700 | 
     | g79209                  | B ^ -> Y v  | NAND2X1  | 0.148 |   1.712 |    3.849 | 
     | line_buff_0_reg[204][1] | SE v        | SDFFQX1  | 0.000 |   1.712 |    3.849 | 
     +-------------------------------------------------------------------------------+ 
Path 5: MET Setup Check with Pin line_buff_1_reg[204][5]/CK 
Endpoint:   line_buff_1_reg[204][5]/SE (v) checked with  leading edge of 'clk'
Beginpoint: i_href                     (^) triggered by  leading edge of 'clk'
Path Groups: {clk}
Analysis View: all
Other End Arrival Time          0.127
- Setup                         0.277
+ Phase Shift                   4.000
= Required Time                 3.849
- Arrival Time                  1.712
= Slack Time                    2.137
     Clock Rise Edge                      0.000
     + Input Delay                        1.000
     = Beginpoint Arrival Time            1.000
     +-------------------------------------------------------------------------------+ 
     |        Instance         |     Arc     |   Cell   | Delay | Arrival | Required | 
     |                         |             |          |       |  Time   |   Time   | 
     |-------------------------+-------------+----------+-------+---------+----------| 
     |                         | i_href ^    |          |       |   1.000 |    3.137 | 
     | g79753                  | A ^ -> Y v  | INVX1    | 0.045 |   1.045 |    3.183 | 
     | g79726                  | B v -> Y ^  | NOR2X1   | 0.033 |   1.078 |    3.215 | 
     | g79692                  | B ^ -> Y v  | NAND2X1  | 0.026 |   1.104 |    3.241 | 
     | g79814                  | AN v -> Y v | NAND2BX1 | 0.025 |   1.129 |    3.266 | 
     | FE_OFC885_n_4           | A v -> Y ^  | INVX1    | 0.063 |   1.192 |    3.329 | 
     | FE_OFC1204_n_4          | A ^ -> Y v  | INVX1    | 0.128 |   1.319 |    3.457 | 
     | g79569                  | B v -> Y ^  | NOR2X1   | 0.128 |   1.447 |    3.584 | 
     | FE_OFC690_n_149         | A ^ -> Y ^  | BUFX2    | 0.116 |   1.563 |    3.701 | 
     | g79209                  | B ^ -> Y v  | NAND2X1  | 0.148 |   1.712 |    3.849 | 
     | line_buff_1_reg[204][5] | SE v        | SDFFQX1  | 0.000 |   1.712 |    3.849 | 
     +-------------------------------------------------------------------------------+ 
Path 6: MET Setup Check with Pin line_buff_1_reg[204][2]/CK 
Endpoint:   line_buff_1_reg[204][2]/SE (v) checked with  leading edge of 'clk'
Beginpoint: i_href                     (^) triggered by  leading edge of 'clk'
Path Groups: {clk}
Analysis View: all
Other End Arrival Time          0.127
- Setup                         0.277
+ Phase Shift                   4.000
= Required Time                 3.849
- Arrival Time                  1.712
= Slack Time                    2.137
     Clock Rise Edge                      0.000
     + Input Delay                        1.000
     = Beginpoint Arrival Time            1.000
     +-------------------------------------------------------------------------------+ 
     |        Instance         |     Arc     |   Cell   | Delay | Arrival | Required | 
     |                         |             |          |       |  Time   |   Time   | 
     |-------------------------+-------------+----------+-------+---------+----------| 
     |                         | i_href ^    |          |       |   1.000 |    3.137 | 
     | g79753                  | A ^ -> Y v  | INVX1    | 0.045 |   1.045 |    3.183 | 
     | g79726                  | B v -> Y ^  | NOR2X1   | 0.033 |   1.078 |    3.215 | 
     | g79692                  | B ^ -> Y v  | NAND2X1  | 0.026 |   1.104 |    3.241 | 
     | g79814                  | AN v -> Y v | NAND2BX1 | 0.025 |   1.129 |    3.266 | 
     | FE_OFC885_n_4           | A v -> Y ^  | INVX1    | 0.063 |   1.192 |    3.329 | 
     | FE_OFC1204_n_4          | A ^ -> Y v  | INVX1    | 0.128 |   1.319 |    3.457 | 
     | g79569                  | B v -> Y ^  | NOR2X1   | 0.128 |   1.447 |    3.584 | 
     | FE_OFC690_n_149         | A ^ -> Y ^  | BUFX2    | 0.116 |   1.563 |    3.701 | 
     | g79209                  | B ^ -> Y v  | NAND2X1  | 0.148 |   1.712 |    3.849 | 
     | line_buff_1_reg[204][2] | SE v        | SDFFQX1  | 0.000 |   1.712 |    3.849 | 
     +-------------------------------------------------------------------------------+ 
Path 7: MET Setup Check with Pin line_buff_0_reg[204][4]/CK 
Endpoint:   line_buff_0_reg[204][4]/SE (v) checked with  leading edge of 'clk'
Beginpoint: i_href                     (^) triggered by  leading edge of 'clk'
Path Groups: {clk}
Analysis View: all
Other End Arrival Time          0.127
- Setup                         0.277
+ Phase Shift                   4.000
= Required Time                 3.849
- Arrival Time                  1.712
= Slack Time                    2.137
     Clock Rise Edge                      0.000
     + Input Delay                        1.000
     = Beginpoint Arrival Time            1.000
     +-------------------------------------------------------------------------------+ 
     |        Instance         |     Arc     |   Cell   | Delay | Arrival | Required | 
     |                         |             |          |       |  Time   |   Time   | 
     |-------------------------+-------------+----------+-------+---------+----------| 
     |                         | i_href ^    |          |       |   1.000 |    3.137 | 
     | g79753                  | A ^ -> Y v  | INVX1    | 0.045 |   1.045 |    3.183 | 
     | g79726                  | B v -> Y ^  | NOR2X1   | 0.033 |   1.078 |    3.215 | 
     | g79692                  | B ^ -> Y v  | NAND2X1  | 0.026 |   1.104 |    3.241 | 
     | g79814                  | AN v -> Y v | NAND2BX1 | 0.025 |   1.129 |    3.266 | 
     | FE_OFC885_n_4           | A v -> Y ^  | INVX1    | 0.063 |   1.192 |    3.329 | 
     | FE_OFC1204_n_4          | A ^ -> Y v  | INVX1    | 0.128 |   1.319 |    3.457 | 
     | g79569                  | B v -> Y ^  | NOR2X1   | 0.128 |   1.447 |    3.584 | 
     | FE_OFC690_n_149         | A ^ -> Y ^  | BUFX2    | 0.116 |   1.563 |    3.701 | 
     | g79209                  | B ^ -> Y v  | NAND2X1  | 0.148 |   1.712 |    3.849 | 
     | line_buff_0_reg[204][4] | SE v        | SDFFQX1  | 0.000 |   1.712 |    3.849 | 
     +-------------------------------------------------------------------------------+ 
Path 8: MET Setup Check with Pin line_buff_0_reg[204][2]/CK 
Endpoint:   line_buff_0_reg[204][2]/SE (v) checked with  leading edge of 'clk'
Beginpoint: i_href                     (^) triggered by  leading edge of 'clk'
Path Groups: {clk}
Analysis View: all
Other End Arrival Time          0.127
- Setup                         0.277
+ Phase Shift                   4.000
= Required Time                 3.849
- Arrival Time                  1.712
= Slack Time                    2.137
     Clock Rise Edge                      0.000
     + Input Delay                        1.000
     = Beginpoint Arrival Time            1.000
     +-------------------------------------------------------------------------------+ 
     |        Instance         |     Arc     |   Cell   | Delay | Arrival | Required | 
     |                         |             |          |       |  Time   |   Time   | 
     |-------------------------+-------------+----------+-------+---------+----------| 
     |                         | i_href ^    |          |       |   1.000 |    3.137 | 
     | g79753                  | A ^ -> Y v  | INVX1    | 0.045 |   1.045 |    3.183 | 
     | g79726                  | B v -> Y ^  | NOR2X1   | 0.033 |   1.078 |    3.215 | 
     | g79692                  | B ^ -> Y v  | NAND2X1  | 0.026 |   1.104 |    3.241 | 
     | g79814                  | AN v -> Y v | NAND2BX1 | 0.025 |   1.129 |    3.266 | 
     | FE_OFC885_n_4           | A v -> Y ^  | INVX1    | 0.063 |   1.192 |    3.329 | 
     | FE_OFC1204_n_4          | A ^ -> Y v  | INVX1    | 0.128 |   1.319 |    3.457 | 
     | g79569                  | B v -> Y ^  | NOR2X1   | 0.128 |   1.447 |    3.584 | 
     | FE_OFC690_n_149         | A ^ -> Y ^  | BUFX2    | 0.116 |   1.563 |    3.701 | 
     | g79209                  | B ^ -> Y v  | NAND2X1  | 0.148 |   1.712 |    3.849 | 
     | line_buff_0_reg[204][2] | SE v        | SDFFQX1  | 0.000 |   1.712 |    3.849 | 
     +-------------------------------------------------------------------------------+ 
Path 9: MET Setup Check with Pin line_buff_0_reg[204][3]/CK 
Endpoint:   line_buff_0_reg[204][3]/SE (v) checked with  leading edge of 'clk'
Beginpoint: i_href                     (^) triggered by  leading edge of 'clk'
Path Groups: {clk}
Analysis View: all
Other End Arrival Time          0.127
- Setup                         0.277
+ Phase Shift                   4.000
= Required Time                 3.849
- Arrival Time                  1.712
= Slack Time                    2.137
     Clock Rise Edge                      0.000
     + Input Delay                        1.000
     = Beginpoint Arrival Time            1.000
     +-------------------------------------------------------------------------------+ 
     |        Instance         |     Arc     |   Cell   | Delay | Arrival | Required | 
     |                         |             |          |       |  Time   |   Time   | 
     |-------------------------+-------------+----------+-------+---------+----------| 
     |                         | i_href ^    |          |       |   1.000 |    3.137 | 
     | g79753                  | A ^ -> Y v  | INVX1    | 0.045 |   1.045 |    3.183 | 
     | g79726                  | B v -> Y ^  | NOR2X1   | 0.033 |   1.078 |    3.215 | 
     | g79692                  | B ^ -> Y v  | NAND2X1  | 0.026 |   1.104 |    3.241 | 
     | g79814                  | AN v -> Y v | NAND2BX1 | 0.025 |   1.129 |    3.266 | 
     | FE_OFC885_n_4           | A v -> Y ^  | INVX1    | 0.063 |   1.192 |    3.329 | 
     | FE_OFC1204_n_4          | A ^ -> Y v  | INVX1    | 0.128 |   1.319 |    3.457 | 
     | g79569                  | B v -> Y ^  | NOR2X1   | 0.128 |   1.447 |    3.584 | 
     | FE_OFC690_n_149         | A ^ -> Y ^  | BUFX2    | 0.116 |   1.563 |    3.701 | 
     | g79209                  | B ^ -> Y v  | NAND2X1  | 0.148 |   1.712 |    3.849 | 
     | line_buff_0_reg[204][3] | SE v        | SDFFQX1  | 0.000 |   1.712 |    3.849 | 
     +-------------------------------------------------------------------------------+ 
Path 10: MET Setup Check with Pin line_buff_0_reg[428][0]/CK 
Endpoint:   line_buff_0_reg[428][0]/SE (^) checked with  leading edge of 'clk'
Beginpoint: i_href                     (^) triggered by  leading edge of 'clk'
Path Groups: {clk}
Analysis View: all
Other End Arrival Time          0.123
- Setup                         0.275
+ Phase Shift                   4.000
= Required Time                 3.848
- Arrival Time                  1.709
= Slack Time                    2.139
     Clock Rise Edge                      0.000
     + Input Delay                        1.000
     = Beginpoint Arrival Time            1.000
     +-------------------------------------------------------------------------------+ 
     |        Instance         |     Arc     |   Cell   | Delay | Arrival | Required | 
     |                         |             |          |       |  Time   |   Time   | 
     |-------------------------+-------------+----------+-------+---------+----------| 
     |                         | i_href ^    |          |       |   1.000 |    3.139 | 
     | g79753                  | A ^ -> Y v  | INVX1    | 0.045 |   1.045 |    3.184 | 
     | g79726                  | B v -> Y ^  | NOR2X1   | 0.033 |   1.078 |    3.217 | 
     | g79692                  | B ^ -> Y v  | NAND2X1  | 0.026 |   1.104 |    3.242 | 
     | g79814                  | AN v -> Y v | NAND2BX1 | 0.025 |   1.129 |    3.268 | 
     | FE_OFC885_n_4           | A v -> Y ^  | INVX1    | 0.063 |   1.192 |    3.330 | 
     | g79571                  | B ^ -> Y v  | NAND2X1  | 0.142 |   1.334 |    3.472 | 
     | FE_OFC1168_n_146        | A v -> Y ^  | INVX1    | 0.139 |   1.472 |    3.611 | 
     | FE_OFC1169_n_146        | A ^ -> Y v  | INVX1    | 0.099 |   1.571 |    3.710 | 
     | g79502                  | B v -> Y ^  | NOR2X1   | 0.138 |   1.709 |    3.848 | 
     | line_buff_0_reg[428][0] | SE ^        | SDFFQX1  | 0.000 |   1.709 |    3.848 | 
     +-------------------------------------------------------------------------------+ 
Path 11: MET Setup Check with Pin line_buff_1_reg[172][3]/CK 
Endpoint:   line_buff_1_reg[172][3]/SE (v) checked with  leading edge of 'clk'
Beginpoint: i_href                     (^) triggered by  leading edge of 'clk'
Path Groups: {clk}
Analysis View: all
Other End Arrival Time          0.127
- Setup                         0.276
+ Phase Shift                   4.000
= Required Time                 3.851
- Arrival Time                  1.711
= Slack Time                    2.139
     Clock Rise Edge                      0.000
     + Input Delay                        1.000
     = Beginpoint Arrival Time            1.000
     +-------------------------------------------------------------------------------+ 
     |        Instance         |     Arc     |   Cell   | Delay | Arrival | Required | 
     |                         |             |          |       |  Time   |   Time   | 
     |-------------------------+-------------+----------+-------+---------+----------| 
     |                         | i_href ^    |          |       |   1.000 |    3.139 | 
     | g79753                  | A ^ -> Y v  | INVX1    | 0.045 |   1.045 |    3.185 | 
     | g79726                  | B v -> Y ^  | NOR2X1   | 0.033 |   1.078 |    3.217 | 
     | g79692                  | B ^ -> Y v  | NAND2X1  | 0.026 |   1.104 |    3.243 | 
     | g79814                  | AN v -> Y v | NAND2BX1 | 0.025 |   1.129 |    3.268 | 
     | FE_OFC885_n_4           | A v -> Y ^  | INVX1    | 0.063 |   1.192 |    3.331 | 
     | FE_OFC1204_n_4          | A ^ -> Y v  | INVX1    | 0.128 |   1.319 |    3.459 | 
     | g79569                  | B v -> Y ^  | NOR2X1   | 0.128 |   1.447 |    3.586 | 
     | FE_OFC690_n_149         | A ^ -> Y ^  | BUFX2    | 0.116 |   1.563 |    3.703 | 
     | g79201                  | B ^ -> Y v  | NAND2X1  | 0.148 |   1.711 |    3.850 | 
     | line_buff_1_reg[172][3] | SE v        | SDFFQX1  | 0.000 |   1.711 |    3.851 | 
     +-------------------------------------------------------------------------------+ 
Path 12: MET Setup Check with Pin line_buff_1_reg[428][4]/CK 
Endpoint:   line_buff_1_reg[428][4]/SE (^) checked with  leading edge of 'clk'
Beginpoint: i_href                     (^) triggered by  leading edge of 'clk'
Path Groups: {clk}
Analysis View: all
Other End Arrival Time          0.124
- Setup                         0.275
+ Phase Shift                   4.000
= Required Time                 3.848
- Arrival Time                  1.709
= Slack Time                    2.139
     Clock Rise Edge                      0.000
     + Input Delay                        1.000
     = Beginpoint Arrival Time            1.000
     +-------------------------------------------------------------------------------+ 
     |        Instance         |     Arc     |   Cell   | Delay | Arrival | Required | 
     |                         |             |          |       |  Time   |   Time   | 
     |-------------------------+-------------+----------+-------+---------+----------| 
     |                         | i_href ^    |          |       |   1.000 |    3.139 | 
     | g79753                  | A ^ -> Y v  | INVX1    | 0.045 |   1.045 |    3.185 | 
     | g79726                  | B v -> Y ^  | NOR2X1   | 0.033 |   1.078 |    3.217 | 
     | g79692                  | B ^ -> Y v  | NAND2X1  | 0.026 |   1.104 |    3.243 | 
     | g79814                  | AN v -> Y v | NAND2BX1 | 0.025 |   1.129 |    3.268 | 
     | FE_OFC885_n_4           | A v -> Y ^  | INVX1    | 0.063 |   1.192 |    3.331 | 
     | g79571                  | B ^ -> Y v  | NAND2X1  | 0.142 |   1.333 |    3.473 | 
     | FE_OFC1168_n_146        | A v -> Y ^  | INVX1    | 0.139 |   1.472 |    3.612 | 
     | FE_OFC1169_n_146        | A ^ -> Y v  | INVX1    | 0.099 |   1.571 |    3.711 | 
     | g79502                  | B v -> Y ^  | NOR2X1   | 0.138 |   1.709 |    3.848 | 
     | line_buff_1_reg[428][4] | SE ^        | SDFFQX1  | 0.000 |   1.709 |    3.848 | 
     +-------------------------------------------------------------------------------+ 
Path 13: MET Setup Check with Pin line_buff_0_reg[428][4]/CK 
Endpoint:   line_buff_0_reg[428][4]/SE (^) checked with  leading edge of 'clk'
Beginpoint: i_href                     (^) triggered by  leading edge of 'clk'
Path Groups: {clk}
Analysis View: all
Other End Arrival Time          0.124
- Setup                         0.275
+ Phase Shift                   4.000
= Required Time                 3.848
- Arrival Time                  1.709
= Slack Time                    2.139
     Clock Rise Edge                      0.000
     + Input Delay                        1.000
     = Beginpoint Arrival Time            1.000
     +-------------------------------------------------------------------------------+ 
     |        Instance         |     Arc     |   Cell   | Delay | Arrival | Required | 
     |                         |             |          |       |  Time   |   Time   | 
     |-------------------------+-------------+----------+-------+---------+----------| 
     |                         | i_href ^    |          |       |   1.000 |    3.139 | 
     | g79753                  | A ^ -> Y v  | INVX1    | 0.045 |   1.045 |    3.185 | 
     | g79726                  | B v -> Y ^  | NOR2X1   | 0.033 |   1.078 |    3.217 | 
     | g79692                  | B ^ -> Y v  | NAND2X1  | 0.026 |   1.104 |    3.243 | 
     | g79814                  | AN v -> Y v | NAND2BX1 | 0.025 |   1.129 |    3.268 | 
     | FE_OFC885_n_4           | A v -> Y ^  | INVX1    | 0.063 |   1.192 |    3.331 | 
     | g79571                  | B ^ -> Y v  | NAND2X1  | 0.142 |   1.333 |    3.473 | 
     | FE_OFC1168_n_146        | A v -> Y ^  | INVX1    | 0.139 |   1.472 |    3.612 | 
     | FE_OFC1169_n_146        | A ^ -> Y v  | INVX1    | 0.099 |   1.571 |    3.711 | 
     | g79502                  | B v -> Y ^  | NOR2X1   | 0.138 |   1.709 |    3.848 | 
     | line_buff_0_reg[428][4] | SE ^        | SDFFQX1  | 0.000 |   1.709 |    3.848 | 
     +-------------------------------------------------------------------------------+ 
Path 14: MET Setup Check with Pin line_buff_1_reg[172][5]/CK 
Endpoint:   line_buff_1_reg[172][5]/SE (v) checked with  leading edge of 'clk'
Beginpoint: i_href                     (^) triggered by  leading edge of 'clk'
Path Groups: {clk}
Analysis View: all
Other End Arrival Time          0.127
- Setup                         0.276
+ Phase Shift                   4.000
= Required Time                 3.851
- Arrival Time                  1.711
= Slack Time                    2.139
     Clock Rise Edge                      0.000
     + Input Delay                        1.000
     = Beginpoint Arrival Time            1.000
     +-------------------------------------------------------------------------------+ 
     |        Instance         |     Arc     |   Cell   | Delay | Arrival | Required | 
     |                         |             |          |       |  Time   |   Time   | 
     |-------------------------+-------------+----------+-------+---------+----------| 
     |                         | i_href ^    |          |       |   1.000 |    3.139 | 
     | g79753                  | A ^ -> Y v  | INVX1    | 0.045 |   1.045 |    3.185 | 
     | g79726                  | B v -> Y ^  | NOR2X1   | 0.033 |   1.078 |    3.217 | 
     | g79692                  | B ^ -> Y v  | NAND2X1  | 0.026 |   1.104 |    3.243 | 
     | g79814                  | AN v -> Y v | NAND2BX1 | 0.025 |   1.129 |    3.268 | 
     | FE_OFC885_n_4           | A v -> Y ^  | INVX1    | 0.063 |   1.192 |    3.331 | 
     | FE_OFC1204_n_4          | A ^ -> Y v  | INVX1    | 0.128 |   1.319 |    3.459 | 
     | g79569                  | B v -> Y ^  | NOR2X1   | 0.128 |   1.447 |    3.586 | 
     | FE_OFC690_n_149         | A ^ -> Y ^  | BUFX2    | 0.116 |   1.563 |    3.703 | 
     | g79201                  | B ^ -> Y v  | NAND2X1  | 0.148 |   1.711 |    3.850 | 
     | line_buff_1_reg[172][5] | SE v        | SDFFQX1  | 0.000 |   1.711 |    3.851 | 
     +-------------------------------------------------------------------------------+ 
Path 15: MET Setup Check with Pin line_buff_1_reg[172][1]/CK 
Endpoint:   line_buff_1_reg[172][1]/SE (v) checked with  leading edge of 'clk'
Beginpoint: i_href                     (^) triggered by  leading edge of 'clk'
Path Groups: {clk}
Analysis View: all
Other End Arrival Time          0.127
- Setup                         0.276
+ Phase Shift                   4.000
= Required Time                 3.851
- Arrival Time                  1.711
= Slack Time                    2.139
     Clock Rise Edge                      0.000
     + Input Delay                        1.000
     = Beginpoint Arrival Time            1.000
     +-------------------------------------------------------------------------------+ 
     |        Instance         |     Arc     |   Cell   | Delay | Arrival | Required | 
     |                         |             |          |       |  Time   |   Time   | 
     |-------------------------+-------------+----------+-------+---------+----------| 
     |                         | i_href ^    |          |       |   1.000 |    3.139 | 
     | g79753                  | A ^ -> Y v  | INVX1    | 0.045 |   1.045 |    3.185 | 
     | g79726                  | B v -> Y ^  | NOR2X1   | 0.033 |   1.078 |    3.217 | 
     | g79692                  | B ^ -> Y v  | NAND2X1  | 0.026 |   1.104 |    3.243 | 
     | g79814                  | AN v -> Y v | NAND2BX1 | 0.025 |   1.129 |    3.268 | 
     | FE_OFC885_n_4           | A v -> Y ^  | INVX1    | 0.063 |   1.192 |    3.331 | 
     | FE_OFC1204_n_4          | A ^ -> Y v  | INVX1    | 0.128 |   1.319 |    3.459 | 
     | g79569                  | B v -> Y ^  | NOR2X1   | 0.128 |   1.447 |    3.586 | 
     | FE_OFC690_n_149         | A ^ -> Y ^  | BUFX2    | 0.116 |   1.563 |    3.703 | 
     | g79201                  | B ^ -> Y v  | NAND2X1  | 0.148 |   1.711 |    3.850 | 
     | line_buff_1_reg[172][1] | SE v        | SDFFQX1  | 0.000 |   1.711 |    3.851 | 
     +-------------------------------------------------------------------------------+ 
Path 16: MET Setup Check with Pin line_buff_1_reg[172][4]/CK 
Endpoint:   line_buff_1_reg[172][4]/SE (v) checked with  leading edge of 'clk'
Beginpoint: i_href                     (^) triggered by  leading edge of 'clk'
Path Groups: {clk}
Analysis View: all
Other End Arrival Time          0.127
- Setup                         0.276
+ Phase Shift                   4.000
= Required Time                 3.851
- Arrival Time                  1.711
= Slack Time                    2.139
     Clock Rise Edge                      0.000
     + Input Delay                        1.000
     = Beginpoint Arrival Time            1.000
     +-------------------------------------------------------------------------------+ 
     |        Instance         |     Arc     |   Cell   | Delay | Arrival | Required | 
     |                         |             |          |       |  Time   |   Time   | 
     |-------------------------+-------------+----------+-------+---------+----------| 
     |                         | i_href ^    |          |       |   1.000 |    3.139 | 
     | g79753                  | A ^ -> Y v  | INVX1    | 0.045 |   1.045 |    3.185 | 
     | g79726                  | B v -> Y ^  | NOR2X1   | 0.033 |   1.078 |    3.217 | 
     | g79692                  | B ^ -> Y v  | NAND2X1  | 0.026 |   1.104 |    3.243 | 
     | g79814                  | AN v -> Y v | NAND2BX1 | 0.025 |   1.129 |    3.268 | 
     | FE_OFC885_n_4           | A v -> Y ^  | INVX1    | 0.063 |   1.192 |    3.331 | 
     | FE_OFC1204_n_4          | A ^ -> Y v  | INVX1    | 0.128 |   1.319 |    3.459 | 
     | g79569                  | B v -> Y ^  | NOR2X1   | 0.128 |   1.447 |    3.586 | 
     | FE_OFC690_n_149         | A ^ -> Y ^  | BUFX2    | 0.116 |   1.563 |    3.703 | 
     | g79201                  | B ^ -> Y v  | NAND2X1  | 0.148 |   1.711 |    3.850 | 
     | line_buff_1_reg[172][4] | SE v        | SDFFQX1  | 0.000 |   1.711 |    3.851 | 
     +-------------------------------------------------------------------------------+ 
Path 17: MET Setup Check with Pin line_buff_0_reg[172][5]/CK 
Endpoint:   line_buff_0_reg[172][5]/SE (v) checked with  leading edge of 'clk'
Beginpoint: i_href                     (^) triggered by  leading edge of 'clk'
Path Groups: {clk}
Analysis View: all
Other End Arrival Time          0.127
- Setup                         0.276
+ Phase Shift                   4.000
= Required Time                 3.851
- Arrival Time                  1.712
= Slack Time                    2.140
     Clock Rise Edge                      0.000
     + Input Delay                        1.000
     = Beginpoint Arrival Time            1.000
     +-------------------------------------------------------------------------------+ 
     |        Instance         |     Arc     |   Cell   | Delay | Arrival | Required | 
     |                         |             |          |       |  Time   |   Time   | 
     |-------------------------+-------------+----------+-------+---------+----------| 
     |                         | i_href ^    |          |       |   1.000 |    3.140 | 
     | g79753                  | A ^ -> Y v  | INVX1    | 0.045 |   1.045 |    3.185 | 
     | g79726                  | B v -> Y ^  | NOR2X1   | 0.033 |   1.078 |    3.218 | 
     | g79692                  | B ^ -> Y v  | NAND2X1  | 0.026 |   1.104 |    3.243 | 
     | g79814                  | AN v -> Y v | NAND2BX1 | 0.025 |   1.129 |    3.269 | 
     | FE_OFC885_n_4           | A v -> Y ^  | INVX1    | 0.063 |   1.192 |    3.331 | 
     | FE_OFC1204_n_4          | A ^ -> Y v  | INVX1    | 0.128 |   1.319 |    3.459 | 
     | g79569                  | B v -> Y ^  | NOR2X1   | 0.128 |   1.447 |    3.587 | 
     | FE_OFC690_n_149         | A ^ -> Y ^  | BUFX2    | 0.116 |   1.563 |    3.703 | 
     | g79201                  | B ^ -> Y v  | NAND2X1  | 0.148 |   1.711 |    3.851 | 
     | line_buff_0_reg[172][5] | SE v        | SDFFQX1  | 0.000 |   1.712 |    3.851 | 
     +-------------------------------------------------------------------------------+ 
Path 18: MET Setup Check with Pin line_buff_0_reg[172][1]/CK 
Endpoint:   line_buff_0_reg[172][1]/SE (v) checked with  leading edge of 'clk'
Beginpoint: i_href                     (^) triggered by  leading edge of 'clk'
Path Groups: {clk}
Analysis View: all
Other End Arrival Time          0.127
- Setup                         0.276
+ Phase Shift                   4.000
= Required Time                 3.851
- Arrival Time                  1.711
= Slack Time                    2.140
     Clock Rise Edge                      0.000
     + Input Delay                        1.000
     = Beginpoint Arrival Time            1.000
     +-------------------------------------------------------------------------------+ 
     |        Instance         |     Arc     |   Cell   | Delay | Arrival | Required | 
     |                         |             |          |       |  Time   |   Time   | 
     |-------------------------+-------------+----------+-------+---------+----------| 
     |                         | i_href ^    |          |       |   1.000 |    3.140 | 
     | g79753                  | A ^ -> Y v  | INVX1    | 0.045 |   1.045 |    3.185 | 
     | g79726                  | B v -> Y ^  | NOR2X1   | 0.033 |   1.078 |    3.218 | 
     | g79692                  | B ^ -> Y v  | NAND2X1  | 0.026 |   1.104 |    3.243 | 
     | g79814                  | AN v -> Y v | NAND2BX1 | 0.025 |   1.129 |    3.269 | 
     | FE_OFC885_n_4           | A v -> Y ^  | INVX1    | 0.063 |   1.192 |    3.331 | 
     | FE_OFC1204_n_4          | A ^ -> Y v  | INVX1    | 0.128 |   1.319 |    3.459 | 
     | g79569                  | B v -> Y ^  | NOR2X1   | 0.128 |   1.447 |    3.587 | 
     | FE_OFC690_n_149         | A ^ -> Y ^  | BUFX2    | 0.116 |   1.563 |    3.703 | 
     | g79201                  | B ^ -> Y v  | NAND2X1  | 0.148 |   1.711 |    3.851 | 
     | line_buff_0_reg[172][1] | SE v        | SDFFQX1  | 0.000 |   1.711 |    3.851 | 
     +-------------------------------------------------------------------------------+ 
Path 19: MET Setup Check with Pin line_buff_0_reg[204][0]/CK 
Endpoint:   line_buff_0_reg[204][0]/SE (v) checked with  leading edge of 'clk'
Beginpoint: i_href                     (^) triggered by  leading edge of 'clk'
Path Groups: {clk}
Analysis View: all
Other End Arrival Time          0.130
- Setup                         0.277
+ Phase Shift                   4.000
= Required Time                 3.853
- Arrival Time                  1.712
= Slack Time                    2.141
     Clock Rise Edge                      0.000
     + Input Delay                        1.000
     = Beginpoint Arrival Time            1.000
     +-------------------------------------------------------------------------------+ 
     |        Instance         |     Arc     |   Cell   | Delay | Arrival | Required | 
     |                         |             |          |       |  Time   |   Time   | 
     |-------------------------+-------------+----------+-------+---------+----------| 
     |                         | i_href ^    |          |       |   1.000 |    3.141 | 
     | g79753                  | A ^ -> Y v  | INVX1    | 0.045 |   1.045 |    3.186 | 
     | g79726                  | B v -> Y ^  | NOR2X1   | 0.033 |   1.078 |    3.219 | 
     | g79692                  | B ^ -> Y v  | NAND2X1  | 0.026 |   1.104 |    3.244 | 
     | g79814                  | AN v -> Y v | NAND2BX1 | 0.025 |   1.129 |    3.270 | 
     | FE_OFC885_n_4           | A v -> Y ^  | INVX1    | 0.063 |   1.192 |    3.333 | 
     | FE_OFC1204_n_4          | A ^ -> Y v  | INVX1    | 0.128 |   1.319 |    3.460 | 
     | g79569                  | B v -> Y ^  | NOR2X1   | 0.128 |   1.447 |    3.588 | 
     | FE_OFC690_n_149         | A ^ -> Y ^  | BUFX2    | 0.116 |   1.563 |    3.704 | 
     | g79209                  | B ^ -> Y v  | NAND2X1  | 0.148 |   1.712 |    3.852 | 
     | line_buff_0_reg[204][0] | SE v        | SDFFQX1  | 0.000 |   1.712 |    3.853 | 
     +-------------------------------------------------------------------------------+ 
Path 20: MET Setup Check with Pin line_buff_1_reg[172][2]/CK 
Endpoint:   line_buff_1_reg[172][2]/SE (v) checked with  leading edge of 'clk'
Beginpoint: i_href                     (^) triggered by  leading edge of 'clk'
Path Groups: {clk}
Analysis View: all
Other End Arrival Time          0.128
- Setup                         0.276
+ Phase Shift                   4.000
= Required Time                 3.852
- Arrival Time                  1.712
= Slack Time                    2.141
     Clock Rise Edge                      0.000
     + Input Delay                        1.000
     = Beginpoint Arrival Time            1.000
     +-------------------------------------------------------------------------------+ 
     |        Instance         |     Arc     |   Cell   | Delay | Arrival | Required | 
     |                         |             |          |       |  Time   |   Time   | 
     |-------------------------+-------------+----------+-------+---------+----------| 
     |                         | i_href ^    |          |       |   1.000 |    3.141 | 
     | g79753                  | A ^ -> Y v  | INVX1    | 0.045 |   1.045 |    3.186 | 
     | g79726                  | B v -> Y ^  | NOR2X1   | 0.033 |   1.078 |    3.219 | 
     | g79692                  | B ^ -> Y v  | NAND2X1  | 0.026 |   1.104 |    3.245 | 
     | g79814                  | AN v -> Y v | NAND2BX1 | 0.025 |   1.129 |    3.270 | 
     | FE_OFC885_n_4           | A v -> Y ^  | INVX1    | 0.063 |   1.192 |    3.333 | 
     | FE_OFC1204_n_4          | A ^ -> Y v  | INVX1    | 0.128 |   1.319 |    3.460 | 
     | g79569                  | B v -> Y ^  | NOR2X1   | 0.128 |   1.447 |    3.588 | 
     | FE_OFC690_n_149         | A ^ -> Y ^  | BUFX2    | 0.116 |   1.563 |    3.704 | 
     | g79201                  | B ^ -> Y v  | NAND2X1  | 0.148 |   1.711 |    3.852 | 
     | line_buff_1_reg[172][2] | SE v        | SDFFQX1  | 0.000 |   1.712 |    3.852 | 
     +-------------------------------------------------------------------------------+ 
Path 21: MET Setup Check with Pin line_buff_1_reg[204][3]/CK 
Endpoint:   line_buff_1_reg[204][3]/SE (v) checked with  leading edge of 'clk'
Beginpoint: i_href                     (^) triggered by  leading edge of 'clk'
Path Groups: {clk}
Analysis View: all
Other End Arrival Time          0.130
- Setup                         0.277
+ Phase Shift                   4.000
= Required Time                 3.853
- Arrival Time                  1.712
= Slack Time                    2.141
     Clock Rise Edge                      0.000
     + Input Delay                        1.000
     = Beginpoint Arrival Time            1.000
     +-------------------------------------------------------------------------------+ 
     |        Instance         |     Arc     |   Cell   | Delay | Arrival | Required | 
     |                         |             |          |       |  Time   |   Time   | 
     |-------------------------+-------------+----------+-------+---------+----------| 
     |                         | i_href ^    |          |       |   1.000 |    3.141 | 
     | g79753                  | A ^ -> Y v  | INVX1    | 0.045 |   1.045 |    3.186 | 
     | g79726                  | B v -> Y ^  | NOR2X1   | 0.033 |   1.078 |    3.219 | 
     | g79692                  | B ^ -> Y v  | NAND2X1  | 0.026 |   1.104 |    3.245 | 
     | g79814                  | AN v -> Y v | NAND2BX1 | 0.025 |   1.129 |    3.270 | 
     | FE_OFC885_n_4           | A v -> Y ^  | INVX1    | 0.063 |   1.192 |    3.333 | 
     | FE_OFC1204_n_4          | A ^ -> Y v  | INVX1    | 0.128 |   1.319 |    3.460 | 
     | g79569                  | B v -> Y ^  | NOR2X1   | 0.128 |   1.447 |    3.588 | 
     | FE_OFC690_n_149         | A ^ -> Y ^  | BUFX2    | 0.116 |   1.563 |    3.704 | 
     | g79209                  | B ^ -> Y v  | NAND2X1  | 0.148 |   1.712 |    3.853 | 
     | line_buff_1_reg[204][3] | SE v        | SDFFQX1  | 0.000 |   1.712 |    3.853 | 
     +-------------------------------------------------------------------------------+ 
Path 22: MET Setup Check with Pin line_buff_0_reg[172][0]/CK 
Endpoint:   line_buff_0_reg[172][0]/SE (v) checked with  leading edge of 'clk'
Beginpoint: i_href                     (^) triggered by  leading edge of 'clk'
Path Groups: {clk}
Analysis View: all
Other End Arrival Time          0.128
- Setup                         0.276
+ Phase Shift                   4.000
= Required Time                 3.852
- Arrival Time                  1.711
= Slack Time                    2.141
     Clock Rise Edge                      0.000
     + Input Delay                        1.000
     = Beginpoint Arrival Time            1.000
     +-------------------------------------------------------------------------------+ 
     |        Instance         |     Arc     |   Cell   | Delay | Arrival | Required | 
     |                         |             |          |       |  Time   |   Time   | 
     |-------------------------+-------------+----------+-------+---------+----------| 
     |                         | i_href ^    |          |       |   1.000 |    3.141 | 
     | g79753                  | A ^ -> Y v  | INVX1    | 0.045 |   1.045 |    3.186 | 
     | g79726                  | B v -> Y ^  | NOR2X1   | 0.033 |   1.078 |    3.219 | 
     | g79692                  | B ^ -> Y v  | NAND2X1  | 0.026 |   1.104 |    3.245 | 
     | g79814                  | AN v -> Y v | NAND2BX1 | 0.025 |   1.129 |    3.270 | 
     | FE_OFC885_n_4           | A v -> Y ^  | INVX1    | 0.063 |   1.192 |    3.333 | 
     | FE_OFC1204_n_4          | A ^ -> Y v  | INVX1    | 0.128 |   1.319 |    3.460 | 
     | g79569                  | B v -> Y ^  | NOR2X1   | 0.128 |   1.447 |    3.588 | 
     | FE_OFC690_n_149         | A ^ -> Y ^  | BUFX2    | 0.116 |   1.563 |    3.704 | 
     | g79201                  | B ^ -> Y v  | NAND2X1  | 0.148 |   1.711 |    3.852 | 
     | line_buff_0_reg[172][0] | SE v        | SDFFQX1  | 0.000 |   1.711 |    3.852 | 
     +-------------------------------------------------------------------------------+ 
Path 23: MET Setup Check with Pin line_buff_1_reg[172][0]/CK 
Endpoint:   line_buff_1_reg[172][0]/SE (v) checked with  leading edge of 'clk'
Beginpoint: i_href                     (^) triggered by  leading edge of 'clk'
Path Groups: {clk}
Analysis View: all
Other End Arrival Time          0.129
- Setup                         0.276
+ Phase Shift                   4.000
= Required Time                 3.853
- Arrival Time                  1.712
= Slack Time                    2.142
     Clock Rise Edge                      0.000
     + Input Delay                        1.000
     = Beginpoint Arrival Time            1.000
     +-------------------------------------------------------------------------------+ 
     |        Instance         |     Arc     |   Cell   | Delay | Arrival | Required | 
     |                         |             |          |       |  Time   |   Time   | 
     |-------------------------+-------------+----------+-------+---------+----------| 
     |                         | i_href ^    |          |       |   1.000 |    3.142 | 
     | g79753                  | A ^ -> Y v  | INVX1    | 0.045 |   1.045 |    3.187 | 
     | g79726                  | B v -> Y ^  | NOR2X1   | 0.033 |   1.078 |    3.220 | 
     | g79692                  | B ^ -> Y v  | NAND2X1  | 0.026 |   1.104 |    3.245 | 
     | g79814                  | AN v -> Y v | NAND2BX1 | 0.025 |   1.129 |    3.271 | 
     | FE_OFC885_n_4           | A v -> Y ^  | INVX1    | 0.063 |   1.192 |    3.333 | 
     | FE_OFC1204_n_4          | A ^ -> Y v  | INVX1    | 0.128 |   1.319 |    3.461 | 
     | g79569                  | B v -> Y ^  | NOR2X1   | 0.128 |   1.447 |    3.589 | 
     | FE_OFC690_n_149         | A ^ -> Y ^  | BUFX2    | 0.116 |   1.563 |    3.705 | 
     | g79201                  | B ^ -> Y v  | NAND2X1  | 0.148 |   1.711 |    3.853 | 
     | line_buff_1_reg[172][0] | SE v        | SDFFQX1  | 0.000 |   1.712 |    3.853 | 
     +-------------------------------------------------------------------------------+ 
Path 24: MET Setup Check with Pin line_buff_0_reg[172][4]/CK 
Endpoint:   line_buff_0_reg[172][4]/SE (v) checked with  leading edge of 'clk'
Beginpoint: i_href                     (^) triggered by  leading edge of 'clk'
Path Groups: {clk}
Analysis View: all
Other End Arrival Time          0.129
- Setup                         0.276
+ Phase Shift                   4.000
= Required Time                 3.853
- Arrival Time                  1.712
= Slack Time                    2.142
     Clock Rise Edge                      0.000
     + Input Delay                        1.000
     = Beginpoint Arrival Time            1.000
     +-------------------------------------------------------------------------------+ 
     |        Instance         |     Arc     |   Cell   | Delay | Arrival | Required | 
     |                         |             |          |       |  Time   |   Time   | 
     |-------------------------+-------------+----------+-------+---------+----------| 
     |                         | i_href ^    |          |       |   1.000 |    3.142 | 
     | g79753                  | A ^ -> Y v  | INVX1    | 0.045 |   1.045 |    3.187 | 
     | g79726                  | B v -> Y ^  | NOR2X1   | 0.033 |   1.078 |    3.220 | 
     | g79692                  | B ^ -> Y v  | NAND2X1  | 0.026 |   1.104 |    3.245 | 
     | g79814                  | AN v -> Y v | NAND2BX1 | 0.025 |   1.129 |    3.271 | 
     | FE_OFC885_n_4           | A v -> Y ^  | INVX1    | 0.063 |   1.192 |    3.333 | 
     | FE_OFC1204_n_4          | A ^ -> Y v  | INVX1    | 0.128 |   1.319 |    3.461 | 
     | g79569                  | B v -> Y ^  | NOR2X1   | 0.128 |   1.447 |    3.589 | 
     | FE_OFC690_n_149         | A ^ -> Y ^  | BUFX2    | 0.116 |   1.563 |    3.705 | 
     | g79201                  | B ^ -> Y v  | NAND2X1  | 0.148 |   1.711 |    3.853 | 
     | line_buff_0_reg[172][4] | SE v        | SDFFQX1  | 0.000 |   1.712 |    3.853 | 
     +-------------------------------------------------------------------------------+ 
Path 25: MET Setup Check with Pin line_buff_0_reg[172][3]/CK 
Endpoint:   line_buff_0_reg[172][3]/SE (v) checked with  leading edge of 'clk'
Beginpoint: i_href                     (^) triggered by  leading edge of 'clk'
Path Groups: {clk}
Analysis View: all
Other End Arrival Time          0.129
- Setup                         0.276
+ Phase Shift                   4.000
= Required Time                 3.853
- Arrival Time                  1.712
= Slack Time                    2.142
     Clock Rise Edge                      0.000
     + Input Delay                        1.000
     = Beginpoint Arrival Time            1.000
     +-------------------------------------------------------------------------------+ 
     |        Instance         |     Arc     |   Cell   | Delay | Arrival | Required | 
     |                         |             |          |       |  Time   |   Time   | 
     |-------------------------+-------------+----------+-------+---------+----------| 
     |                         | i_href ^    |          |       |   1.000 |    3.142 | 
     | g79753                  | A ^ -> Y v  | INVX1    | 0.045 |   1.045 |    3.187 | 
     | g79726                  | B v -> Y ^  | NOR2X1   | 0.033 |   1.078 |    3.220 | 
     | g79692                  | B ^ -> Y v  | NAND2X1  | 0.026 |   1.104 |    3.245 | 
     | g79814                  | AN v -> Y v | NAND2BX1 | 0.025 |   1.129 |    3.271 | 
     | FE_OFC885_n_4           | A v -> Y ^  | INVX1    | 0.063 |   1.192 |    3.333 | 
     | FE_OFC1204_n_4          | A ^ -> Y v  | INVX1    | 0.128 |   1.319 |    3.461 | 
     | g79569                  | B v -> Y ^  | NOR2X1   | 0.128 |   1.447 |    3.589 | 
     | FE_OFC690_n_149         | A ^ -> Y ^  | BUFX2    | 0.116 |   1.563 |    3.705 | 
     | g79201                  | B ^ -> Y v  | NAND2X1  | 0.148 |   1.711 |    3.853 | 
     | line_buff_0_reg[172][3] | SE v        | SDFFQX1  | 0.000 |   1.712 |    3.853 | 
     +-------------------------------------------------------------------------------+ 
Path 26: MET Setup Check with Pin line_buff_0_reg[172][2]/CK 
Endpoint:   line_buff_0_reg[172][2]/SE (v) checked with  leading edge of 'clk'
Beginpoint: i_href                     (^) triggered by  leading edge of 'clk'
Path Groups: {clk}
Analysis View: all
Other End Arrival Time          0.129
- Setup                         0.276
+ Phase Shift                   4.000
= Required Time                 3.853
- Arrival Time                  1.712
= Slack Time                    2.142
     Clock Rise Edge                      0.000
     + Input Delay                        1.000
     = Beginpoint Arrival Time            1.000
     +-------------------------------------------------------------------------------+ 
     |        Instance         |     Arc     |   Cell   | Delay | Arrival | Required | 
     |                         |             |          |       |  Time   |   Time   | 
     |-------------------------+-------------+----------+-------+---------+----------| 
     |                         | i_href ^    |          |       |   1.000 |    3.142 | 
     | g79753                  | A ^ -> Y v  | INVX1    | 0.045 |   1.045 |    3.187 | 
     | g79726                  | B v -> Y ^  | NOR2X1   | 0.033 |   1.078 |    3.220 | 
     | g79692                  | B ^ -> Y v  | NAND2X1  | 0.026 |   1.104 |    3.245 | 
     | g79814                  | AN v -> Y v | NAND2BX1 | 0.025 |   1.129 |    3.271 | 
     | FE_OFC885_n_4           | A v -> Y ^  | INVX1    | 0.063 |   1.192 |    3.333 | 
     | FE_OFC1204_n_4          | A ^ -> Y v  | INVX1    | 0.128 |   1.319 |    3.461 | 
     | g79569                  | B v -> Y ^  | NOR2X1   | 0.128 |   1.447 |    3.589 | 
     | FE_OFC690_n_149         | A ^ -> Y ^  | BUFX2    | 0.116 |   1.563 |    3.705 | 
     | g79201                  | B ^ -> Y v  | NAND2X1  | 0.148 |   1.711 |    3.853 | 
     | line_buff_0_reg[172][2] | SE v        | SDFFQX1  | 0.000 |   1.712 |    3.853 | 
     +-------------------------------------------------------------------------------+ 
Path 27: MET Setup Check with Pin line_buff_1_reg[452][5]/CK 
Endpoint:   line_buff_1_reg[452][5]/SE (^) checked with  leading edge of 'clk'
Beginpoint: i_href                     (^) triggered by  leading edge of 'clk'
Path Groups: {clk}
Analysis View: all
Other End Arrival Time          0.125
- Setup                         0.274
+ Phase Shift                   4.000
= Required Time                 3.851
- Arrival Time                  1.710
= Slack Time                    2.142
     Clock Rise Edge                      0.000
     + Input Delay                        1.000
     = Beginpoint Arrival Time            1.000
     +-------------------------------------------------------------------------------+ 
     |        Instance         |     Arc     |   Cell   | Delay | Arrival | Required | 
     |                         |             |          |       |  Time   |   Time   | 
     |-------------------------+-------------+----------+-------+---------+----------| 
     |                         | i_href ^    |          |       |   1.000 |    3.142 | 
     | g79753                  | A ^ -> Y v  | INVX1    | 0.045 |   1.045 |    3.187 | 
     | g79726                  | B v -> Y ^  | NOR2X1   | 0.033 |   1.078 |    3.220 | 
     | g79692                  | B ^ -> Y v  | NAND2X1  | 0.026 |   1.104 |    3.245 | 
     | g79814                  | AN v -> Y v | NAND2BX1 | 0.025 |   1.129 |    3.271 | 
     | FE_OFC885_n_4           | A v -> Y ^  | INVX1    | 0.063 |   1.192 |    3.333 | 
     | g79571                  | B ^ -> Y v  | NAND2X1  | 0.142 |   1.334 |    3.475 | 
     | FE_OFC1168_n_146        | A v -> Y ^  | INVX1    | 0.139 |   1.472 |    3.614 | 
     | FE_OFC1169_n_146        | A ^ -> Y v  | INVX1    | 0.099 |   1.571 |    3.713 | 
     | g79309                  | B v -> Y ^  | NOR2X1   | 0.138 |   1.709 |    3.851 | 
     | line_buff_1_reg[452][5] | SE ^        | SDFFQX1  | 0.001 |   1.710 |    3.851 | 
     +-------------------------------------------------------------------------------+ 
Path 28: MET Setup Check with Pin line_buff_1_reg[900][0]/CK 
Endpoint:   line_buff_1_reg[900][0]/SE (^) checked with  leading edge of 'clk'
Beginpoint: i_href                     (^) triggered by  leading edge of 'clk'
Path Groups: {clk}
Analysis View: all
Other End Arrival Time          0.147
- Setup                         0.295
+ Phase Shift                   4.000
= Required Time                 3.852
- Arrival Time                  1.710
= Slack Time                    2.142
     Clock Rise Edge                      0.000
     + Input Delay                        1.000
     = Beginpoint Arrival Time            1.000
     +-------------------------------------------------------------------------------+ 
     |        Instance         |     Arc     |   Cell   | Delay | Arrival | Required | 
     |                         |             |          |       |  Time   |   Time   | 
     |-------------------------+-------------+----------+-------+---------+----------| 
     |                         | i_href ^    |          |       |   1.000 |    3.142 | 
     | g79753                  | A ^ -> Y v  | INVX1    | 0.045 |   1.045 |    3.187 | 
     | g79726                  | B v -> Y ^  | NOR2X1   | 0.033 |   1.078 |    3.220 | 
     | g79692                  | B ^ -> Y v  | NAND2X1  | 0.026 |   1.104 |    3.246 | 
     | g79814                  | AN v -> Y v | NAND2BX1 | 0.025 |   1.129 |    3.271 | 
     | FE_OFC885_n_4           | A v -> Y ^  | INVX1    | 0.063 |   1.192 |    3.334 | 
     | FE_OFC1204_n_4          | A ^ -> Y v  | INVX1    | 0.128 |   1.319 |    3.461 | 
     | g79572                  | B v -> Y ^  | NOR2X2   | 0.130 |   1.450 |    3.592 | 
     | g79548                  | A ^ -> Y v  | INVX1    | 0.097 |   1.547 |    3.689 | 
     | g79264                  | B v -> Y ^  | NOR2X1   | 0.163 |   1.709 |    3.851 | 
     | line_buff_1_reg[900][0] | SE ^        | SDFFQX1  | 0.001 |   1.710 |    3.852 | 
     +-------------------------------------------------------------------------------+ 
Path 29: MET Setup Check with Pin line_buff_1_reg[900][2]/CK 
Endpoint:   line_buff_1_reg[900][2]/SE (^) checked with  leading edge of 'clk'
Beginpoint: i_href                     (^) triggered by  leading edge of 'clk'
Path Groups: {clk}
Analysis View: all
Other End Arrival Time          0.147
- Setup                         0.295
+ Phase Shift                   4.000
= Required Time                 3.852
- Arrival Time                  1.710
= Slack Time                    2.142
     Clock Rise Edge                      0.000
     + Input Delay                        1.000
     = Beginpoint Arrival Time            1.000
     +-------------------------------------------------------------------------------+ 
     |        Instance         |     Arc     |   Cell   | Delay | Arrival | Required | 
     |                         |             |          |       |  Time   |   Time   | 
     |-------------------------+-------------+----------+-------+---------+----------| 
     |                         | i_href ^    |          |       |   1.000 |    3.142 | 
     | g79753                  | A ^ -> Y v  | INVX1    | 0.045 |   1.045 |    3.188 | 
     | g79726                  | B v -> Y ^  | NOR2X1   | 0.033 |   1.078 |    3.220 | 
     | g79692                  | B ^ -> Y v  | NAND2X1  | 0.026 |   1.104 |    3.246 | 
     | g79814                  | AN v -> Y v | NAND2BX1 | 0.025 |   1.129 |    3.271 | 
     | FE_OFC885_n_4           | A v -> Y ^  | INVX1    | 0.063 |   1.192 |    3.334 | 
     | FE_OFC1204_n_4          | A ^ -> Y v  | INVX1    | 0.128 |   1.319 |    3.461 | 
     | g79572                  | B v -> Y ^  | NOR2X2   | 0.130 |   1.450 |    3.592 | 
     | g79548                  | A ^ -> Y v  | INVX1    | 0.097 |   1.547 |    3.689 | 
     | g79264                  | B v -> Y ^  | NOR2X1   | 0.163 |   1.709 |    3.851 | 
     | line_buff_1_reg[900][2] | SE ^        | SDFFQX1  | 0.001 |   1.710 |    3.852 | 
     +-------------------------------------------------------------------------------+ 
Path 30: MET Setup Check with Pin line_buff_0_reg[900][0]/CK 
Endpoint:   line_buff_0_reg[900][0]/SE (^) checked with  leading edge of 'clk'
Beginpoint: i_href                     (^) triggered by  leading edge of 'clk'
Path Groups: {clk}
Analysis View: all
Other End Arrival Time          0.147
- Setup                         0.295
+ Phase Shift                   4.000
= Required Time                 3.852
- Arrival Time                  1.710
= Slack Time                    2.142
     Clock Rise Edge                      0.000
     + Input Delay                        1.000
     = Beginpoint Arrival Time            1.000
     +-------------------------------------------------------------------------------+ 
     |        Instance         |     Arc     |   Cell   | Delay | Arrival | Required | 
     |                         |             |          |       |  Time   |   Time   | 
     |-------------------------+-------------+----------+-------+---------+----------| 
     |                         | i_href ^    |          |       |   1.000 |    3.142 | 
     | g79753                  | A ^ -> Y v  | INVX1    | 0.045 |   1.045 |    3.188 | 
     | g79726                  | B v -> Y ^  | NOR2X1   | 0.033 |   1.078 |    3.220 | 
     | g79692                  | B ^ -> Y v  | NAND2X1  | 0.026 |   1.104 |    3.246 | 
     | g79814                  | AN v -> Y v | NAND2BX1 | 0.025 |   1.129 |    3.271 | 
     | FE_OFC885_n_4           | A v -> Y ^  | INVX1    | 0.063 |   1.192 |    3.334 | 
     | FE_OFC1204_n_4          | A ^ -> Y v  | INVX1    | 0.128 |   1.319 |    3.461 | 
     | g79572                  | B v -> Y ^  | NOR2X2   | 0.130 |   1.450 |    3.592 | 
     | g79548                  | A ^ -> Y v  | INVX1    | 0.097 |   1.547 |    3.689 | 
     | g79264                  | B v -> Y ^  | NOR2X1   | 0.163 |   1.709 |    3.851 | 
     | line_buff_0_reg[900][0] | SE ^        | SDFFQX1  | 0.001 |   1.710 |    3.852 | 
     +-------------------------------------------------------------------------------+ 
Path 31: MET Setup Check with Pin line_buff_1_reg[900][3]/CK 
Endpoint:   line_buff_1_reg[900][3]/SE (^) checked with  leading edge of 'clk'
Beginpoint: i_href                     (^) triggered by  leading edge of 'clk'
Path Groups: {clk}
Analysis View: all
Other End Arrival Time          0.148
- Setup                         0.295
+ Phase Shift                   4.000
= Required Time                 3.853
- Arrival Time                  1.710
= Slack Time                    2.142
     Clock Rise Edge                      0.000
     + Input Delay                        1.000
     = Beginpoint Arrival Time            1.000
     +-------------------------------------------------------------------------------+ 
     |        Instance         |     Arc     |   Cell   | Delay | Arrival | Required | 
     |                         |             |          |       |  Time   |   Time   | 
     |-------------------------+-------------+----------+-------+---------+----------| 
     |                         | i_href ^    |          |       |   1.000 |    3.142 | 
     | g79753                  | A ^ -> Y v  | INVX1    | 0.045 |   1.045 |    3.188 | 
     | g79726                  | B v -> Y ^  | NOR2X1   | 0.033 |   1.078 |    3.220 | 
     | g79692                  | B ^ -> Y v  | NAND2X1  | 0.026 |   1.104 |    3.246 | 
     | g79814                  | AN v -> Y v | NAND2BX1 | 0.025 |   1.129 |    3.271 | 
     | FE_OFC885_n_4           | A v -> Y ^  | INVX1    | 0.063 |   1.192 |    3.334 | 
     | FE_OFC1204_n_4          | A ^ -> Y v  | INVX1    | 0.128 |   1.319 |    3.462 | 
     | g79572                  | B v -> Y ^  | NOR2X2   | 0.130 |   1.450 |    3.592 | 
     | g79548                  | A ^ -> Y v  | INVX1    | 0.097 |   1.547 |    3.689 | 
     | g79264                  | B v -> Y ^  | NOR2X1   | 0.163 |   1.709 |    3.852 | 
     | line_buff_1_reg[900][3] | SE ^        | SDFFQX1  | 0.001 |   1.710 |    3.853 | 
     +-------------------------------------------------------------------------------+ 
Path 32: MET Setup Check with Pin line_buff_0_reg[452][4]/CK 
Endpoint:   line_buff_0_reg[452][4]/SE (^) checked with  leading edge of 'clk'
Beginpoint: i_href                     (^) triggered by  leading edge of 'clk'
Path Groups: {clk}
Analysis View: all
Other End Arrival Time          0.126
- Setup                         0.274
+ Phase Shift                   4.000
= Required Time                 3.852
- Arrival Time                  1.710
= Slack Time                    2.142
     Clock Rise Edge                      0.000
     + Input Delay                        1.000
     = Beginpoint Arrival Time            1.000
     +-------------------------------------------------------------------------------+ 
     |        Instance         |     Arc     |   Cell   | Delay | Arrival | Required | 
     |                         |             |          |       |  Time   |   Time   | 
     |-------------------------+-------------+----------+-------+---------+----------| 
     |                         | i_href ^    |          |       |   1.000 |    3.142 | 
     | g79753                  | A ^ -> Y v  | INVX1    | 0.045 |   1.045 |    3.188 | 
     | g79726                  | B v -> Y ^  | NOR2X1   | 0.033 |   1.078 |    3.220 | 
     | g79692                  | B ^ -> Y v  | NAND2X1  | 0.026 |   1.104 |    3.246 | 
     | g79814                  | AN v -> Y v | NAND2BX1 | 0.025 |   1.129 |    3.271 | 
     | FE_OFC885_n_4           | A v -> Y ^  | INVX1    | 0.063 |   1.192 |    3.334 | 
     | g79571                  | B ^ -> Y v  | NAND2X1  | 0.142 |   1.334 |    3.476 | 
     | FE_OFC1168_n_146        | A v -> Y ^  | INVX1    | 0.139 |   1.472 |    3.615 | 
     | FE_OFC1169_n_146        | A ^ -> Y v  | INVX1    | 0.099 |   1.571 |    3.714 | 
     | g79309                  | B v -> Y ^  | NOR2X1   | 0.138 |   1.709 |    3.851 | 
     | line_buff_0_reg[452][4] | SE ^        | SDFFQX1  | 0.001 |   1.710 |    3.852 | 
     +-------------------------------------------------------------------------------+ 
Path 33: MET Setup Check with Pin line_buff_0_reg[452][3]/CK 
Endpoint:   line_buff_0_reg[452][3]/SE (^) checked with  leading edge of 'clk'
Beginpoint: i_href                     (^) triggered by  leading edge of 'clk'
Path Groups: {clk}
Analysis View: all
Other End Arrival Time          0.126
- Setup                         0.274
+ Phase Shift                   4.000
= Required Time                 3.852
- Arrival Time                  1.709
= Slack Time                    2.142
     Clock Rise Edge                      0.000
     + Input Delay                        1.000
     = Beginpoint Arrival Time            1.000
     +-------------------------------------------------------------------------------+ 
     |        Instance         |     Arc     |   Cell   | Delay | Arrival | Required | 
     |                         |             |          |       |  Time   |   Time   | 
     |-------------------------+-------------+----------+-------+---------+----------| 
     |                         | i_href ^    |          |       |   1.000 |    3.142 | 
     | g79753                  | A ^ -> Y v  | INVX1    | 0.045 |   1.045 |    3.188 | 
     | g79726                  | B v -> Y ^  | NOR2X1   | 0.033 |   1.078 |    3.220 | 
     | g79692                  | B ^ -> Y v  | NAND2X1  | 0.026 |   1.104 |    3.246 | 
     | g79814                  | AN v -> Y v | NAND2BX1 | 0.025 |   1.129 |    3.271 | 
     | FE_OFC885_n_4           | A v -> Y ^  | INVX1    | 0.063 |   1.192 |    3.334 | 
     | g79571                  | B ^ -> Y v  | NAND2X1  | 0.142 |   1.333 |    3.476 | 
     | FE_OFC1168_n_146        | A v -> Y ^  | INVX1    | 0.139 |   1.472 |    3.615 | 
     | FE_OFC1169_n_146        | A ^ -> Y v  | INVX1    | 0.099 |   1.571 |    3.714 | 
     | g79309                  | B v -> Y ^  | NOR2X1   | 0.138 |   1.709 |    3.851 | 
     | line_buff_0_reg[452][3] | SE ^        | SDFFQX1  | 0.000 |   1.709 |    3.852 | 
     +-------------------------------------------------------------------------------+ 
Path 34: MET Setup Check with Pin line_buff_0_reg[452][5]/CK 
Endpoint:   line_buff_0_reg[452][5]/SE (^) checked with  leading edge of 'clk'
Beginpoint: i_href                     (^) triggered by  leading edge of 'clk'
Path Groups: {clk}
Analysis View: all
Other End Arrival Time          0.126
- Setup                         0.274
+ Phase Shift                   4.000
= Required Time                 3.852
- Arrival Time                  1.709
= Slack Time                    2.142
     Clock Rise Edge                      0.000
     + Input Delay                        1.000
     = Beginpoint Arrival Time            1.000
     +-------------------------------------------------------------------------------+ 
     |        Instance         |     Arc     |   Cell   | Delay | Arrival | Required | 
     |                         |             |          |       |  Time   |   Time   | 
     |-------------------------+-------------+----------+-------+---------+----------| 
     |                         | i_href ^    |          |       |   1.000 |    3.142 | 
     | g79753                  | A ^ -> Y v  | INVX1    | 0.045 |   1.045 |    3.188 | 
     | g79726                  | B v -> Y ^  | NOR2X1   | 0.033 |   1.078 |    3.220 | 
     | g79692                  | B ^ -> Y v  | NAND2X1  | 0.026 |   1.104 |    3.246 | 
     | g79814                  | AN v -> Y v | NAND2BX1 | 0.025 |   1.129 |    3.271 | 
     | FE_OFC885_n_4           | A v -> Y ^  | INVX1    | 0.063 |   1.192 |    3.334 | 
     | g79571                  | B ^ -> Y v  | NAND2X1  | 0.142 |   1.333 |    3.476 | 
     | FE_OFC1168_n_146        | A v -> Y ^  | INVX1    | 0.139 |   1.472 |    3.615 | 
     | FE_OFC1169_n_146        | A ^ -> Y v  | INVX1    | 0.099 |   1.571 |    3.714 | 
     | g79309                  | B v -> Y ^  | NOR2X1   | 0.138 |   1.709 |    3.851 | 
     | line_buff_0_reg[452][5] | SE ^        | SDFFQX1  | 0.000 |   1.709 |    3.852 | 
     +-------------------------------------------------------------------------------+ 
Path 35: MET Setup Check with Pin line_buff_0_reg[452][1]/CK 
Endpoint:   line_buff_0_reg[452][1]/SE (^) checked with  leading edge of 'clk'
Beginpoint: i_href                     (^) triggered by  leading edge of 'clk'
Path Groups: {clk}
Analysis View: all
Other End Arrival Time          0.126
- Setup                         0.274
+ Phase Shift                   4.000
= Required Time                 3.852
- Arrival Time                  1.709
= Slack Time                    2.143
     Clock Rise Edge                      0.000
     + Input Delay                        1.000
     = Beginpoint Arrival Time            1.000
     +-------------------------------------------------------------------------------+ 
     |        Instance         |     Arc     |   Cell   | Delay | Arrival | Required | 
     |                         |             |          |       |  Time   |   Time   | 
     |-------------------------+-------------+----------+-------+---------+----------| 
     |                         | i_href ^    |          |       |   1.000 |    3.143 | 
     | g79753                  | A ^ -> Y v  | INVX1    | 0.045 |   1.045 |    3.188 | 
     | g79726                  | B v -> Y ^  | NOR2X1   | 0.033 |   1.078 |    3.220 | 
     | g79692                  | B ^ -> Y v  | NAND2X1  | 0.026 |   1.104 |    3.246 | 
     | g79814                  | AN v -> Y v | NAND2BX1 | 0.025 |   1.129 |    3.271 | 
     | FE_OFC885_n_4           | A v -> Y ^  | INVX1    | 0.063 |   1.192 |    3.334 | 
     | g79571                  | B ^ -> Y v  | NAND2X1  | 0.142 |   1.333 |    3.476 | 
     | FE_OFC1168_n_146        | A v -> Y ^  | INVX1    | 0.139 |   1.472 |    3.615 | 
     | FE_OFC1169_n_146        | A ^ -> Y v  | INVX1    | 0.099 |   1.571 |    3.714 | 
     | g79309                  | B v -> Y ^  | NOR2X1   | 0.138 |   1.709 |    3.851 | 
     | line_buff_0_reg[452][1] | SE ^        | SDFFQX1  | 0.000 |   1.709 |    3.852 | 
     +-------------------------------------------------------------------------------+ 
Path 36: MET Setup Check with Pin line_buff_0_reg[452][0]/CK 
Endpoint:   line_buff_0_reg[452][0]/SE (^) checked with  leading edge of 'clk'
Beginpoint: i_href                     (^) triggered by  leading edge of 'clk'
Path Groups: {clk}
Analysis View: all
Other End Arrival Time          0.126
- Setup                         0.274
+ Phase Shift                   4.000
= Required Time                 3.852
- Arrival Time                  1.709
= Slack Time                    2.143
     Clock Rise Edge                      0.000
     + Input Delay                        1.000
     = Beginpoint Arrival Time            1.000
     +-------------------------------------------------------------------------------+ 
     |        Instance         |     Arc     |   Cell   | Delay | Arrival | Required | 
     |                         |             |          |       |  Time   |   Time   | 
     |-------------------------+-------------+----------+-------+---------+----------| 
     |                         | i_href ^    |          |       |   1.000 |    3.143 | 
     | g79753                  | A ^ -> Y v  | INVX1    | 0.045 |   1.045 |    3.188 | 
     | g79726                  | B v -> Y ^  | NOR2X1   | 0.033 |   1.078 |    3.220 | 
     | g79692                  | B ^ -> Y v  | NAND2X1  | 0.026 |   1.104 |    3.246 | 
     | g79814                  | AN v -> Y v | NAND2BX1 | 0.025 |   1.129 |    3.271 | 
     | FE_OFC885_n_4           | A v -> Y ^  | INVX1    | 0.063 |   1.192 |    3.334 | 
     | g79571                  | B ^ -> Y v  | NAND2X1  | 0.142 |   1.333 |    3.476 | 
     | FE_OFC1168_n_146        | A v -> Y ^  | INVX1    | 0.139 |   1.472 |    3.615 | 
     | FE_OFC1169_n_146        | A ^ -> Y v  | INVX1    | 0.099 |   1.571 |    3.714 | 
     | g79309                  | B v -> Y ^  | NOR2X1   | 0.138 |   1.709 |    3.851 | 
     | line_buff_0_reg[452][0] | SE ^        | SDFFQX1  | 0.000 |   1.709 |    3.852 | 
     +-------------------------------------------------------------------------------+ 
Path 37: MET Setup Check with Pin line_buff_0_reg[900][2]/CK 
Endpoint:   line_buff_0_reg[900][2]/SE (^) checked with  leading edge of 'clk'
Beginpoint: i_href                     (^) triggered by  leading edge of 'clk'
Path Groups: {clk}
Analysis View: all
Other End Arrival Time          0.147
- Setup                         0.294
+ Phase Shift                   4.000
= Required Time                 3.853
- Arrival Time                  1.711
= Slack Time                    2.143
     Clock Rise Edge                      0.000
     + Input Delay                        1.000
     = Beginpoint Arrival Time            1.000
     +-------------------------------------------------------------------------------+ 
     |        Instance         |     Arc     |   Cell   | Delay | Arrival | Required | 
     |                         |             |          |       |  Time   |   Time   | 
     |-------------------------+-------------+----------+-------+---------+----------| 
     |                         | i_href ^    |          |       |   1.000 |    3.143 | 
     | g79753                  | A ^ -> Y v  | INVX1    | 0.045 |   1.045 |    3.188 | 
     | g79726                  | B v -> Y ^  | NOR2X1   | 0.033 |   1.078 |    3.221 | 
     | g79692                  | B ^ -> Y v  | NAND2X1  | 0.026 |   1.104 |    3.246 | 
     | g79814                  | AN v -> Y v | NAND2BX1 | 0.025 |   1.129 |    3.272 | 
     | FE_OFC885_n_4           | A v -> Y ^  | INVX1    | 0.063 |   1.192 |    3.334 | 
     | FE_OFC1204_n_4          | A ^ -> Y v  | INVX1    | 0.128 |   1.319 |    3.462 | 
     | g79572                  | B v -> Y ^  | NOR2X2   | 0.130 |   1.450 |    3.593 | 
     | g79548                  | A ^ -> Y v  | INVX1    | 0.097 |   1.547 |    3.689 | 
     | g79264                  | B v -> Y ^  | NOR2X1   | 0.163 |   1.709 |    3.852 | 
     | line_buff_0_reg[900][2] | SE ^        | SDFFQX1  | 0.001 |   1.711 |    3.853 | 
     +-------------------------------------------------------------------------------+ 
Path 38: MET Setup Check with Pin line_buff_0_reg[900][1]/CK 
Endpoint:   line_buff_0_reg[900][1]/SE (^) checked with  leading edge of 'clk'
Beginpoint: i_href                     (^) triggered by  leading edge of 'clk'
Path Groups: {clk}
Analysis View: all
Other End Arrival Time          0.147
- Setup                         0.294
+ Phase Shift                   4.000
= Required Time                 3.853
- Arrival Time                  1.711
= Slack Time                    2.143
     Clock Rise Edge                      0.000
     + Input Delay                        1.000
     = Beginpoint Arrival Time            1.000
     +-------------------------------------------------------------------------------+ 
     |        Instance         |     Arc     |   Cell   | Delay | Arrival | Required | 
     |                         |             |          |       |  Time   |   Time   | 
     |-------------------------+-------------+----------+-------+---------+----------| 
     |                         | i_href ^    |          |       |   1.000 |    3.143 | 
     | g79753                  | A ^ -> Y v  | INVX1    | 0.045 |   1.045 |    3.188 | 
     | g79726                  | B v -> Y ^  | NOR2X1   | 0.033 |   1.078 |    3.221 | 
     | g79692                  | B ^ -> Y v  | NAND2X1  | 0.026 |   1.104 |    3.246 | 
     | g79814                  | AN v -> Y v | NAND2BX1 | 0.025 |   1.129 |    3.272 | 
     | FE_OFC885_n_4           | A v -> Y ^  | INVX1    | 0.063 |   1.192 |    3.334 | 
     | FE_OFC1204_n_4          | A ^ -> Y v  | INVX1    | 0.128 |   1.319 |    3.462 | 
     | g79572                  | B v -> Y ^  | NOR2X2   | 0.130 |   1.450 |    3.593 | 
     | g79548                  | A ^ -> Y v  | INVX1    | 0.097 |   1.547 |    3.689 | 
     | g79264                  | B v -> Y ^  | NOR2X1   | 0.163 |   1.709 |    3.852 | 
     | line_buff_0_reg[900][1] | SE ^        | SDFFQX1  | 0.001 |   1.711 |    3.853 | 
     +-------------------------------------------------------------------------------+ 
Path 39: MET Setup Check with Pin line_buff_1_reg[900][5]/CK 
Endpoint:   line_buff_1_reg[900][5]/SE (^) checked with  leading edge of 'clk'
Beginpoint: i_href                     (^) triggered by  leading edge of 'clk'
Path Groups: {clk}
Analysis View: all
Other End Arrival Time          0.147
- Setup                         0.294
+ Phase Shift                   4.000
= Required Time                 3.853
- Arrival Time                  1.711
= Slack Time                    2.143
     Clock Rise Edge                      0.000
     + Input Delay                        1.000
     = Beginpoint Arrival Time            1.000
     +-------------------------------------------------------------------------------+ 
     |        Instance         |     Arc     |   Cell   | Delay | Arrival | Required | 
     |                         |             |          |       |  Time   |   Time   | 
     |-------------------------+-------------+----------+-------+---------+----------| 
     |                         | i_href ^    |          |       |   1.000 |    3.143 | 
     | g79753                  | A ^ -> Y v  | INVX1    | 0.045 |   1.045 |    3.188 | 
     | g79726                  | B v -> Y ^  | NOR2X1   | 0.033 |   1.078 |    3.221 | 
     | g79692                  | B ^ -> Y v  | NAND2X1  | 0.026 |   1.104 |    3.246 | 
     | g79814                  | AN v -> Y v | NAND2BX1 | 0.025 |   1.129 |    3.272 | 
     | FE_OFC885_n_4           | A v -> Y ^  | INVX1    | 0.063 |   1.192 |    3.335 | 
     | FE_OFC1204_n_4          | A ^ -> Y v  | INVX1    | 0.128 |   1.319 |    3.462 | 
     | g79572                  | B v -> Y ^  | NOR2X2   | 0.130 |   1.450 |    3.593 | 
     | g79548                  | A ^ -> Y v  | INVX1    | 0.097 |   1.547 |    3.690 | 
     | g79264                  | B v -> Y ^  | NOR2X1   | 0.163 |   1.709 |    3.852 | 
     | line_buff_1_reg[900][5] | SE ^        | SDFFQX1  | 0.001 |   1.711 |    3.853 | 
     +-------------------------------------------------------------------------------+ 
Path 40: MET Setup Check with Pin line_buff_0_reg[900][4]/CK 
Endpoint:   line_buff_0_reg[900][4]/SE (^) checked with  leading edge of 'clk'
Beginpoint: i_href                     (^) triggered by  leading edge of 'clk'
Path Groups: {clk}
Analysis View: all
Other End Arrival Time          0.148
- Setup                         0.294
+ Phase Shift                   4.000
= Required Time                 3.854
- Arrival Time                  1.711
= Slack Time                    2.143
     Clock Rise Edge                      0.000
     + Input Delay                        1.000
     = Beginpoint Arrival Time            1.000
     +-------------------------------------------------------------------------------+ 
     |        Instance         |     Arc     |   Cell   | Delay | Arrival | Required | 
     |                         |             |          |       |  Time   |   Time   | 
     |-------------------------+-------------+----------+-------+---------+----------| 
     |                         | i_href ^    |          |       |   1.000 |    3.143 | 
     | g79753                  | A ^ -> Y v  | INVX1    | 0.045 |   1.045 |    3.188 | 
     | g79726                  | B v -> Y ^  | NOR2X1   | 0.033 |   1.078 |    3.221 | 
     | g79692                  | B ^ -> Y v  | NAND2X1  | 0.026 |   1.104 |    3.247 | 
     | g79814                  | AN v -> Y v | NAND2BX1 | 0.025 |   1.129 |    3.272 | 
     | FE_OFC885_n_4           | A v -> Y ^  | INVX1    | 0.063 |   1.192 |    3.335 | 
     | FE_OFC1204_n_4          | A ^ -> Y v  | INVX1    | 0.128 |   1.319 |    3.462 | 
     | g79572                  | B v -> Y ^  | NOR2X2   | 0.130 |   1.450 |    3.593 | 
     | g79548                  | A ^ -> Y v  | INVX1    | 0.097 |   1.547 |    3.690 | 
     | g79264                  | B v -> Y ^  | NOR2X1   | 0.163 |   1.709 |    3.852 | 
     | line_buff_0_reg[900][4] | SE ^        | SDFFQX1  | 0.001 |   1.711 |    3.854 | 
     +-------------------------------------------------------------------------------+ 
Path 41: MET Setup Check with Pin line_buff_1_reg[900][1]/CK 
Endpoint:   line_buff_1_reg[900][1]/SE (^) checked with  leading edge of 'clk'
Beginpoint: i_href                     (^) triggered by  leading edge of 'clk'
Path Groups: {clk}
Analysis View: all
Other End Arrival Time          0.148
- Setup                         0.294
+ Phase Shift                   4.000
= Required Time                 3.854
- Arrival Time                  1.710
= Slack Time                    2.143
     Clock Rise Edge                      0.000
     + Input Delay                        1.000
     = Beginpoint Arrival Time            1.000
     +-------------------------------------------------------------------------------+ 
     |        Instance         |     Arc     |   Cell   | Delay | Arrival | Required | 
     |                         |             |          |       |  Time   |   Time   | 
     |-------------------------+-------------+----------+-------+---------+----------| 
     |                         | i_href ^    |          |       |   1.000 |    3.143 | 
     | g79753                  | A ^ -> Y v  | INVX1    | 0.045 |   1.045 |    3.189 | 
     | g79726                  | B v -> Y ^  | NOR2X1   | 0.033 |   1.078 |    3.221 | 
     | g79692                  | B ^ -> Y v  | NAND2X1  | 0.026 |   1.104 |    3.247 | 
     | g79814                  | AN v -> Y v | NAND2BX1 | 0.025 |   1.129 |    3.272 | 
     | FE_OFC885_n_4           | A v -> Y ^  | INVX1    | 0.063 |   1.192 |    3.335 | 
     | FE_OFC1204_n_4          | A ^ -> Y v  | INVX1    | 0.128 |   1.319 |    3.462 | 
     | g79572                  | B v -> Y ^  | NOR2X2   | 0.130 |   1.450 |    3.593 | 
     | g79548                  | A ^ -> Y v  | INVX1    | 0.097 |   1.547 |    3.690 | 
     | g79264                  | B v -> Y ^  | NOR2X1   | 0.163 |   1.709 |    3.852 | 
     | line_buff_1_reg[900][1] | SE ^        | SDFFQX1  | 0.001 |   1.710 |    3.854 | 
     +-------------------------------------------------------------------------------+ 
Path 42: MET Setup Check with Pin line_buff_1_reg[900][4]/CK 
Endpoint:   line_buff_1_reg[900][4]/SE (^) checked with  leading edge of 'clk'
Beginpoint: i_href                     (^) triggered by  leading edge of 'clk'
Path Groups: {clk}
Analysis View: all
Other End Arrival Time          0.148
- Setup                         0.294
+ Phase Shift                   4.000
= Required Time                 3.854
- Arrival Time                  1.710
= Slack Time                    2.143
     Clock Rise Edge                      0.000
     + Input Delay                        1.000
     = Beginpoint Arrival Time            1.000
     +-------------------------------------------------------------------------------+ 
     |        Instance         |     Arc     |   Cell   | Delay | Arrival | Required | 
     |                         |             |          |       |  Time   |   Time   | 
     |-------------------------+-------------+----------+-------+---------+----------| 
     |                         | i_href ^    |          |       |   1.000 |    3.143 | 
     | g79753                  | A ^ -> Y v  | INVX1    | 0.045 |   1.045 |    3.189 | 
     | g79726                  | B v -> Y ^  | NOR2X1   | 0.033 |   1.078 |    3.221 | 
     | g79692                  | B ^ -> Y v  | NAND2X1  | 0.026 |   1.104 |    3.247 | 
     | g79814                  | AN v -> Y v | NAND2BX1 | 0.025 |   1.129 |    3.272 | 
     | FE_OFC885_n_4           | A v -> Y ^  | INVX1    | 0.063 |   1.192 |    3.335 | 
     | FE_OFC1204_n_4          | A ^ -> Y v  | INVX1    | 0.128 |   1.319 |    3.463 | 
     | g79572                  | B v -> Y ^  | NOR2X2   | 0.130 |   1.450 |    3.593 | 
     | g79548                  | A ^ -> Y v  | INVX1    | 0.097 |   1.547 |    3.690 | 
     | g79264                  | B v -> Y ^  | NOR2X1   | 0.163 |   1.709 |    3.853 | 
     | line_buff_1_reg[900][4] | SE ^        | SDFFQX1  | 0.001 |   1.710 |    3.854 | 
     +-------------------------------------------------------------------------------+ 
Path 43: MET Setup Check with Pin line_buff_0_reg[900][5]/CK 
Endpoint:   line_buff_0_reg[900][5]/SE (^) checked with  leading edge of 'clk'
Beginpoint: i_href                     (^) triggered by  leading edge of 'clk'
Path Groups: {clk}
Analysis View: all
Other End Arrival Time          0.148
- Setup                         0.294
+ Phase Shift                   4.000
= Required Time                 3.854
- Arrival Time                  1.710
= Slack Time                    2.144
     Clock Rise Edge                      0.000
     + Input Delay                        1.000
     = Beginpoint Arrival Time            1.000
     +-------------------------------------------------------------------------------+ 
     |        Instance         |     Arc     |   Cell   | Delay | Arrival | Required | 
     |                         |             |          |       |  Time   |   Time   | 
     |-------------------------+-------------+----------+-------+---------+----------| 
     |                         | i_href ^    |          |       |   1.000 |    3.144 | 
     | g79753                  | A ^ -> Y v  | INVX1    | 0.045 |   1.045 |    3.189 | 
     | g79726                  | B v -> Y ^  | NOR2X1   | 0.033 |   1.078 |    3.222 | 
     | g79692                  | B ^ -> Y v  | NAND2X1  | 0.026 |   1.104 |    3.247 | 
     | g79814                  | AN v -> Y v | NAND2BX1 | 0.025 |   1.129 |    3.273 | 
     | FE_OFC885_n_4           | A v -> Y ^  | INVX1    | 0.063 |   1.192 |    3.335 | 
     | FE_OFC1204_n_4          | A ^ -> Y v  | INVX1    | 0.128 |   1.319 |    3.463 | 
     | g79572                  | B v -> Y ^  | NOR2X2   | 0.130 |   1.450 |    3.593 | 
     | g79548                  | A ^ -> Y v  | INVX1    | 0.097 |   1.547 |    3.690 | 
     | g79264                  | B v -> Y ^  | NOR2X1   | 0.163 |   1.709 |    3.853 | 
     | line_buff_0_reg[900][5] | SE ^        | SDFFQX1  | 0.001 |   1.710 |    3.854 | 
     +-------------------------------------------------------------------------------+ 
Path 44: MET Setup Check with Pin line_buff_0_reg[900][3]/CK 
Endpoint:   line_buff_0_reg[900][3]/SE (^) checked with  leading edge of 'clk'
Beginpoint: i_href                     (^) triggered by  leading edge of 'clk'
Path Groups: {clk}
Analysis View: all
Other End Arrival Time          0.148
- Setup                         0.294
+ Phase Shift                   4.000
= Required Time                 3.854
- Arrival Time                  1.710
= Slack Time                    2.144
     Clock Rise Edge                      0.000
     + Input Delay                        1.000
     = Beginpoint Arrival Time            1.000
     +-------------------------------------------------------------------------------+ 
     |        Instance         |     Arc     |   Cell   | Delay | Arrival | Required | 
     |                         |             |          |       |  Time   |   Time   | 
     |-------------------------+-------------+----------+-------+---------+----------| 
     |                         | i_href ^    |          |       |   1.000 |    3.144 | 
     | g79753                  | A ^ -> Y v  | INVX1    | 0.045 |   1.045 |    3.189 | 
     | g79726                  | B v -> Y ^  | NOR2X1   | 0.033 |   1.078 |    3.222 | 
     | g79692                  | B ^ -> Y v  | NAND2X1  | 0.026 |   1.104 |    3.247 | 
     | g79814                  | AN v -> Y v | NAND2BX1 | 0.025 |   1.129 |    3.273 | 
     | FE_OFC885_n_4           | A v -> Y ^  | INVX1    | 0.063 |   1.192 |    3.336 | 
     | FE_OFC1204_n_4          | A ^ -> Y v  | INVX1    | 0.128 |   1.319 |    3.463 | 
     | g79572                  | B v -> Y ^  | NOR2X2   | 0.130 |   1.450 |    3.594 | 
     | g79548                  | A ^ -> Y v  | INVX1    | 0.097 |   1.547 |    3.691 | 
     | g79264                  | B v -> Y ^  | NOR2X1   | 0.163 |   1.709 |    3.853 | 
     | line_buff_0_reg[900][3] | SE ^        | SDFFQX1  | 0.001 |   1.710 |    3.854 | 
     +-------------------------------------------------------------------------------+ 
Path 45: MET Setup Check with Pin line_buff_1_reg[452][3]/CK 
Endpoint:   line_buff_1_reg[452][3]/SE (^) checked with  leading edge of 'clk'
Beginpoint: i_href                     (^) triggered by  leading edge of 'clk'
Path Groups: {clk}
Analysis View: all
Other End Arrival Time          0.127
- Setup                         0.274
+ Phase Shift                   4.000
= Required Time                 3.853
- Arrival Time                  1.709
= Slack Time                    2.144
     Clock Rise Edge                      0.000
     + Input Delay                        1.000
     = Beginpoint Arrival Time            1.000
     +-------------------------------------------------------------------------------+ 
     |        Instance         |     Arc     |   Cell   | Delay | Arrival | Required | 
     |                         |             |          |       |  Time   |   Time   | 
     |-------------------------+-------------+----------+-------+---------+----------| 
     |                         | i_href ^    |          |       |   1.000 |    3.144 | 
     | g79753                  | A ^ -> Y v  | INVX1    | 0.045 |   1.045 |    3.189 | 
     | g79726                  | B v -> Y ^  | NOR2X1   | 0.033 |   1.078 |    3.222 | 
     | g79692                  | B ^ -> Y v  | NAND2X1  | 0.026 |   1.104 |    3.248 | 
     | g79814                  | AN v -> Y v | NAND2BX1 | 0.025 |   1.129 |    3.273 | 
     | FE_OFC885_n_4           | A v -> Y ^  | INVX1    | 0.063 |   1.192 |    3.336 | 
     | g79571                  | B ^ -> Y v  | NAND2X1  | 0.142 |   1.334 |    3.477 | 
     | FE_OFC1168_n_146        | A v -> Y ^  | INVX1    | 0.139 |   1.472 |    3.616 | 
     | FE_OFC1169_n_146        | A ^ -> Y v  | INVX1    | 0.099 |   1.571 |    3.715 | 
     | g79309                  | B v -> Y ^  | NOR2X1   | 0.138 |   1.709 |    3.853 | 
     | line_buff_1_reg[452][3] | SE ^        | SDFFQX1  | 0.000 |   1.709 |    3.853 | 
     +-------------------------------------------------------------------------------+ 
Path 46: MET Setup Check with Pin line_buff_1_reg[452][0]/CK 
Endpoint:   line_buff_1_reg[452][0]/SE (^) checked with  leading edge of 'clk'
Beginpoint: i_href                     (^) triggered by  leading edge of 'clk'
Path Groups: {clk}
Analysis View: all
Other End Arrival Time          0.127
- Setup                         0.274
+ Phase Shift                   4.000
= Required Time                 3.853
- Arrival Time                  1.709
= Slack Time                    2.144
     Clock Rise Edge                      0.000
     + Input Delay                        1.000
     = Beginpoint Arrival Time            1.000
     +-------------------------------------------------------------------------------+ 
     |        Instance         |     Arc     |   Cell   | Delay | Arrival | Required | 
     |                         |             |          |       |  Time   |   Time   | 
     |-------------------------+-------------+----------+-------+---------+----------| 
     |                         | i_href ^    |          |       |   1.000 |    3.144 | 
     | g79753                  | A ^ -> Y v  | INVX1    | 0.045 |   1.045 |    3.189 | 
     | g79726                  | B v -> Y ^  | NOR2X1   | 0.033 |   1.078 |    3.222 | 
     | g79692                  | B ^ -> Y v  | NAND2X1  | 0.026 |   1.104 |    3.248 | 
     | g79814                  | AN v -> Y v | NAND2BX1 | 0.025 |   1.129 |    3.273 | 
     | FE_OFC885_n_4           | A v -> Y ^  | INVX1    | 0.063 |   1.192 |    3.336 | 
     | g79571                  | B ^ -> Y v  | NAND2X1  | 0.142 |   1.334 |    3.478 | 
     | FE_OFC1168_n_146        | A v -> Y ^  | INVX1    | 0.139 |   1.472 |    3.616 | 
     | FE_OFC1169_n_146        | A ^ -> Y v  | INVX1    | 0.099 |   1.571 |    3.715 | 
     | g79309                  | B v -> Y ^  | NOR2X1   | 0.138 |   1.709 |    3.853 | 
     | line_buff_1_reg[452][0] | SE ^        | SDFFQX1  | 0.000 |   1.709 |    3.853 | 
     +-------------------------------------------------------------------------------+ 
Path 47: MET Setup Check with Pin line_buff_1_reg[244][5]/CK 
Endpoint:   line_buff_1_reg[244][5]/SE (v) checked with  leading edge of 'clk'
Beginpoint: i_href                     (^) triggered by  leading edge of 'clk'
Path Groups: {clk}
Analysis View: all
Other End Arrival Time          0.131
- Setup                         0.276
+ Phase Shift                   4.000
= Required Time                 3.855
- Arrival Time                  1.710
= Slack Time                    2.145
     Clock Rise Edge                      0.000
     + Input Delay                        1.000
     = Beginpoint Arrival Time            1.000
     +-------------------------------------------------------------------------------+ 
     |        Instance         |     Arc     |   Cell   | Delay | Arrival | Required | 
     |                         |             |          |       |  Time   |   Time   | 
     |-------------------------+-------------+----------+-------+---------+----------| 
     |                         | i_href ^    |          |       |   1.000 |    3.145 | 
     | g79753                  | A ^ -> Y v  | INVX1    | 0.045 |   1.045 |    3.190 | 
     | g79726                  | B v -> Y ^  | NOR2X1   | 0.033 |   1.078 |    3.223 | 
     | g79692                  | B ^ -> Y v  | NAND2X1  | 0.026 |   1.104 |    3.248 | 
     | g79814                  | AN v -> Y v | NAND2BX1 | 0.025 |   1.129 |    3.274 | 
     | FE_OFC885_n_4           | A v -> Y ^  | INVX1    | 0.063 |   1.192 |    3.336 | 
     | FE_OFC1204_n_4          | A ^ -> Y v  | INVX1    | 0.128 |   1.319 |    3.464 | 
     | g79569                  | B v -> Y ^  | NOR2X1   | 0.128 |   1.447 |    3.592 | 
     | FE_OFC690_n_149         | A ^ -> Y ^  | BUFX2    | 0.116 |   1.563 |    3.708 | 
     | g79042                  | B ^ -> Y v  | NAND2X1  | 0.146 |   1.709 |    3.854 | 
     | line_buff_1_reg[244][5] | SE v        | SDFFQX1  | 0.001 |   1.710 |    3.855 | 
     +-------------------------------------------------------------------------------+ 
Path 48: MET Setup Check with Pin line_buff_1_reg[452][4]/CK 
Endpoint:   line_buff_1_reg[452][4]/SE (^) checked with  leading edge of 'clk'
Beginpoint: i_href                     (^) triggered by  leading edge of 'clk'
Path Groups: {clk}
Analysis View: all
Other End Arrival Time          0.128
- Setup                         0.274
+ Phase Shift                   4.000
= Required Time                 3.854
- Arrival Time                  1.710
= Slack Time                    2.145
     Clock Rise Edge                      0.000
     + Input Delay                        1.000
     = Beginpoint Arrival Time            1.000
     +-------------------------------------------------------------------------------+ 
     |        Instance         |     Arc     |   Cell   | Delay | Arrival | Required | 
     |                         |             |          |       |  Time   |   Time   | 
     |-------------------------+-------------+----------+-------+---------+----------| 
     |                         | i_href ^    |          |       |   1.000 |    3.145 | 
     | g79753                  | A ^ -> Y v  | INVX1    | 0.045 |   1.045 |    3.190 | 
     | g79726                  | B v -> Y ^  | NOR2X1   | 0.033 |   1.078 |    3.223 | 
     | g79692                  | B ^ -> Y v  | NAND2X1  | 0.026 |   1.104 |    3.249 | 
     | g79814                  | AN v -> Y v | NAND2BX1 | 0.025 |   1.129 |    3.274 | 
     | FE_OFC885_n_4           | A v -> Y ^  | INVX1    | 0.063 |   1.192 |    3.337 | 
     | g79571                  | B ^ -> Y v  | NAND2X1  | 0.142 |   1.334 |    3.478 | 
     | FE_OFC1168_n_146        | A v -> Y ^  | INVX1    | 0.139 |   1.472 |    3.617 | 
     | FE_OFC1169_n_146        | A ^ -> Y v  | INVX1    | 0.099 |   1.571 |    3.716 | 
     | g79309                  | B v -> Y ^  | NOR2X1   | 0.138 |   1.709 |    3.854 | 
     | line_buff_1_reg[452][4] | SE ^        | SDFFQX1  | 0.001 |   1.710 |    3.854 | 
     +-------------------------------------------------------------------------------+ 
Path 49: MET Setup Check with Pin line_buff_1_reg[452][1]/CK 
Endpoint:   line_buff_1_reg[452][1]/SE (^) checked with  leading edge of 'clk'
Beginpoint: i_href                     (^) triggered by  leading edge of 'clk'
Path Groups: {clk}
Analysis View: all
Other End Arrival Time          0.128
- Setup                         0.274
+ Phase Shift                   4.000
= Required Time                 3.855
- Arrival Time                  1.710
= Slack Time                    2.145
     Clock Rise Edge                      0.000
     + Input Delay                        1.000
     = Beginpoint Arrival Time            1.000
     +-------------------------------------------------------------------------------+ 
     |        Instance         |     Arc     |   Cell   | Delay | Arrival | Required | 
     |                         |             |          |       |  Time   |   Time   | 
     |-------------------------+-------------+----------+-------+---------+----------| 
     |                         | i_href ^    |          |       |   1.000 |    3.145 | 
     | g79753                  | A ^ -> Y v  | INVX1    | 0.045 |   1.045 |    3.190 | 
     | g79726                  | B v -> Y ^  | NOR2X1   | 0.033 |   1.078 |    3.223 | 
     | g79692                  | B ^ -> Y v  | NAND2X1  | 0.026 |   1.104 |    3.249 | 
     | g79814                  | AN v -> Y v | NAND2BX1 | 0.025 |   1.129 |    3.274 | 
     | FE_OFC885_n_4           | A v -> Y ^  | INVX1    | 0.063 |   1.192 |    3.337 | 
     | g79571                  | B ^ -> Y v  | NAND2X1  | 0.142 |   1.334 |    3.478 | 
     | FE_OFC1168_n_146        | A v -> Y ^  | INVX1    | 0.139 |   1.472 |    3.617 | 
     | FE_OFC1169_n_146        | A ^ -> Y v  | INVX1    | 0.099 |   1.571 |    3.716 | 
     | g79309                  | B v -> Y ^  | NOR2X1   | 0.138 |   1.709 |    3.854 | 
     | line_buff_1_reg[452][1] | SE ^        | SDFFQX1  | 0.001 |   1.710 |    3.855 | 
     +-------------------------------------------------------------------------------+ 
Path 50: MET Setup Check with Pin line_buff_0_reg[452][2]/CK 
Endpoint:   line_buff_0_reg[452][2]/SE (^) checked with  leading edge of 'clk'
Beginpoint: i_href                     (^) triggered by  leading edge of 'clk'
Path Groups: {clk}
Analysis View: all
Other End Arrival Time          0.128
- Setup                         0.274
+ Phase Shift                   4.000
= Required Time                 3.855
- Arrival Time                  1.710
= Slack Time                    2.145
     Clock Rise Edge                      0.000
     + Input Delay                        1.000
     = Beginpoint Arrival Time            1.000
     +-------------------------------------------------------------------------------+ 
     |        Instance         |     Arc     |   Cell   | Delay | Arrival | Required | 
     |                         |             |          |       |  Time   |   Time   | 
     |-------------------------+-------------+----------+-------+---------+----------| 
     |                         | i_href ^    |          |       |   1.000 |    3.145 | 
     | g79753                  | A ^ -> Y v  | INVX1    | 0.045 |   1.045 |    3.190 | 
     | g79726                  | B v -> Y ^  | NOR2X1   | 0.033 |   1.078 |    3.223 | 
     | g79692                  | B ^ -> Y v  | NAND2X1  | 0.026 |   1.104 |    3.249 | 
     | g79814                  | AN v -> Y v | NAND2BX1 | 0.025 |   1.129 |    3.274 | 
     | FE_OFC885_n_4           | A v -> Y ^  | INVX1    | 0.063 |   1.192 |    3.337 | 
     | g79571                  | B ^ -> Y v  | NAND2X1  | 0.142 |   1.334 |    3.479 | 
     | FE_OFC1168_n_146        | A v -> Y ^  | INVX1    | 0.139 |   1.472 |    3.617 | 
     | FE_OFC1169_n_146        | A ^ -> Y v  | INVX1    | 0.099 |   1.571 |    3.716 | 
     | g79309                  | B v -> Y ^  | NOR2X1   | 0.138 |   1.709 |    3.854 | 
     | line_buff_0_reg[452][2] | SE ^        | SDFFQX1  | 0.001 |   1.710 |    3.855 | 
     +-------------------------------------------------------------------------------+ 

